<?xml version="1.0" encoding="utf-8"?>
<xd:acceleratorMap xmlns:xd="http://www.xilinx.com/xidane" xd:functionName="addweighted" xd:componentRef="addweighted" xd:initiationInterval="8303055" xd:clockPeriod="10.000" xd:sequential="true" xd:hostMachine="64" xd:reset="control">
  <xd:controlReg xd:name="control" xd:interfaceRef="s_axi_control" xd:busTypeRef="axilite" xd:type="generic_axi_lite" xd:offset="0x0"/>
  <xd:arg xd:name="*(img_inp_one)" xd:originalName="img_inp_one" xd:direction="inout" xd:interfaceRef="m_axi_gmem1" xd:busTypeRef="aximm" xd:dataWidth="1" xd:bufferDirection="in"/>
  <xd:arg xd:name="*(img_inp_two)" xd:originalName="img_inp_two" xd:direction="inout" xd:interfaceRef="m_axi_gmem2" xd:busTypeRef="aximm" xd:dataWidth="1" xd:bufferDirection="in"/>
  <xd:arg xd:name="*(img_out)" xd:originalName="img_out" xd:direction="inout" xd:interfaceRef="m_axi_gmem3" xd:busTypeRef="aximm" xd:dataWidth="1" xd:bufferDirection="out"/>
  <xd:arg xd:name="img_inp_one" xd:originalName="img_inp_one" xd:direction="in" xd:interfaceRef="s_axi_control" xd:busTypeRef="axilite" xd:aximmInterfaceRef="m_axi_gmem1" xd:dataWidth="64" xd:offset="0x10" xd:handshakeRef="ap_none"/>
  <xd:arg xd:name="img_inp_two" xd:originalName="img_inp_two" xd:direction="in" xd:interfaceRef="s_axi_control" xd:busTypeRef="axilite" xd:aximmInterfaceRef="m_axi_gmem2" xd:dataWidth="64" xd:offset="0x1C" xd:handshakeRef="ap_none"/>
  <xd:arg xd:name="img_out" xd:originalName="img_out" xd:direction="in" xd:interfaceRef="s_axi_control" xd:busTypeRef="axilite" xd:aximmInterfaceRef="m_axi_gmem3" xd:dataWidth="64" xd:offset="0x28" xd:handshakeRef="ap_none"/>
  <xd:arg xd:name="height" xd:originalName="height" xd:direction="in" xd:interfaceRef="s_axi_control" xd:busTypeRef="axilite" xd:dataWidth="1" xd:offset="0x34" xd:handshakeRef="ap_none"/>
  <xd:arg xd:name="width" xd:originalName="width" xd:direction="in" xd:interfaceRef="s_axi_control" xd:busTypeRef="axilite" xd:dataWidth="1" xd:offset="0x3C" xd:handshakeRef="ap_none"/>
  <xd:latencyEstimates xd:best-case="8303054" xd:worst-case="8303054" xd:average-case="8303054"/>
  <xd:resourceEstimates xd:LUT="13676" xd:FF="11006" xd:BRAM="6" xd:DSP="0"/>
</xd:acceleratorMap>
