<stg><name>addrbound</name>


<trans_list>

<trans id="19" from="1" to="2">
<condition id="-1">
<or_exp><and_exp></and_exp></or_exp>
</condition>
</trans>

<trans id="20" from="2" to="3">
<condition id="-1">
<or_exp><and_exp></and_exp></or_exp>
</condition>
</trans>

<trans id="21" from="3" to="4">
<condition id="-1">
<or_exp><and_exp></and_exp></or_exp>
</condition>
</trans>
</trans_list>



<state_list>

<state id="1" st_id="1">

<operation id="5" st_id="1" stage="1" lat="1">
<core>FIFO_SRL</core>
<MemPortIdVec></MemPortIdVec>
<condition id="-1">
<or_exp><and_exp></and_exp></or_exp>
</condition>

<Node id="6" bw="26" op_0_bw="26" op_1_bw="26">
<![CDATA[
entry:2 %rows_read = read i26 @_ssdm_op_Read.ap_fifo.i26P0A, i26 %rows

]]></Node>
<StgValue><ssdm name="rows_read"/></StgValue>
</operation>

<operation id="6" st_id="1" stage="1" lat="1">
<core>FIFO_SRL</core>
<MemPortIdVec></MemPortIdVec>
<condition id="-1">
<or_exp><and_exp></and_exp></or_exp>
</condition>

<Node id="7" bw="29" op_0_bw="29" op_1_bw="29">
<![CDATA[
entry:3 %cols_read = read i29 @_ssdm_op_Read.ap_fifo.i29P0A, i29 %cols

]]></Node>
<StgValue><ssdm name="cols_read"/></StgValue>
</operation>

<operation id="7" st_id="1" stage="1" lat="1">
<core>NULL</core>
<MemPortIdVec></MemPortIdVec>
<condition id="-1">
<or_exp><and_exp></and_exp></or_exp>
</condition>

<Node id="8" bw="24" op_0_bw="26">
<![CDATA[
entry:4 %trunc_ln997 = trunc i26 %rows_read

]]></Node>
<StgValue><ssdm name="trunc_ln997"/></StgValue>
</operation>

<operation id="8" st_id="1" stage="1" lat="1">
<core>NULL</core>
<MemPortIdVec></MemPortIdVec>
<condition id="-1">
<or_exp><and_exp></and_exp></or_exp>
</condition>

<Node id="9" bw="29" op_0_bw="29" op_1_bw="24" op_2_bw="5">
<![CDATA[
entry:5 %shl_ln = bitconcatenate i29 @_ssdm_op_BitConcatenate.i29.i24.i5, i24 %trunc_ln997, i5 0

]]></Node>
<StgValue><ssdm name="shl_ln"/></StgValue>
</operation>

<operation id="9" st_id="1" stage="1" lat="1">
<core>NULL</core>
<MemPortIdVec></MemPortIdVec>
<condition id="-1">
<or_exp><and_exp></and_exp></or_exp>
</condition>

<Node id="10" bw="29" op_0_bw="29" op_1_bw="26" op_2_bw="3">
<![CDATA[
entry:6 %shl_ln997_2 = bitconcatenate i29 @_ssdm_op_BitConcatenate.i29.i26.i3, i26 %rows_read, i3 0

]]></Node>
<StgValue><ssdm name="shl_ln997_2"/></StgValue>
</operation>

<operation id="10" st_id="1" stage="1" lat="1">
<core>Adder</core>
<MemPortIdVec></MemPortIdVec>
<condition id="-1">
<or_exp><and_exp></and_exp></or_exp>
</condition>

<Node id="11" bw="29" op_0_bw="29" op_1_bw="29">
<![CDATA[
entry:7 %sub_ln997 = sub i29 %shl_ln, i29 %shl_ln997_2

]]></Node>
<StgValue><ssdm name="sub_ln997"/></StgValue>
</operation>
</state>

<state id="2" st_id="2">

<operation id="11" st_id="2" stage="2" lat="2">
<core>Multiplier</core>
<MemPortIdVec></MemPortIdVec>
<condition id="-1">
<or_exp><and_exp></and_exp></or_exp>
</condition>

<Node id="12" bw="29" op_0_bw="29" op_1_bw="29">
<![CDATA[
entry:8 %mul_ln997 = mul i29 %sub_ln997, i29 %cols_read

]]></Node>
<StgValue><ssdm name="mul_ln997"/></StgValue>
</operation>
</state>

<state id="3" st_id="3">

<operation id="12" st_id="3" stage="1" lat="2">
<core>Multiplier</core>
<MemPortIdVec></MemPortIdVec>
<condition id="-1">
<or_exp><and_exp></and_exp></or_exp>
</condition>

<Node id="12" bw="29" op_0_bw="29" op_1_bw="29">
<![CDATA[
entry:8 %mul_ln997 = mul i29 %sub_ln997, i29 %cols_read

]]></Node>
<StgValue><ssdm name="mul_ln997"/></StgValue>
</operation>
</state>

<state id="4" st_id="4">

<operation id="13" st_id="4" stage="1" lat="1">
<core>NULL</core>
<MemPortIdVec></MemPortIdVec>
<condition id="-1">
<or_exp><and_exp></and_exp></or_exp>
</condition>

<Node id="4" bw="0" op_0_bw="0" op_1_bw="29" op_2_bw="0" op_3_bw="32" op_4_bw="32" op_5_bw="0" op_6_bw="32" op_7_bw="32" op_8_bw="0" op_9_bw="0" op_10_bw="0" op_11_bw="32" op_12_bw="32" op_13_bw="32" op_14_bw="32" op_15_bw="0" op_16_bw="0">
<![CDATA[
entry:0 %specinterface_ln0 = specinterface void @_ssdm_op_SpecInterface, i29 %cols, void @ap_fifo_str, i32 0, i32 0, void @p_str, i32 0, i32 0, void @p_str, void @p_str, void @p_str, i32 2, i32 2, i32 16, i32 16, void @p_str, void @ScalarProp_str

]]></Node>
<StgValue><ssdm name="specinterface_ln0"/></StgValue>
</operation>

<operation id="14" st_id="4" stage="1" lat="1">
<core>NULL</core>
<MemPortIdVec></MemPortIdVec>
<condition id="-1">
<or_exp><and_exp></and_exp></or_exp>
</condition>

<Node id="5" bw="0" op_0_bw="0" op_1_bw="26" op_2_bw="0" op_3_bw="32" op_4_bw="32" op_5_bw="0" op_6_bw="32" op_7_bw="32" op_8_bw="0" op_9_bw="0" op_10_bw="0" op_11_bw="32" op_12_bw="32" op_13_bw="32" op_14_bw="32" op_15_bw="0" op_16_bw="0">
<![CDATA[
entry:1 %specinterface_ln0 = specinterface void @_ssdm_op_SpecInterface, i26 %rows, void @ap_fifo_str, i32 0, i32 0, void @p_str, i32 0, i32 0, void @p_str, void @p_str, void @p_str, i32 2, i32 2, i32 16, i32 16, void @p_str, void @ScalarProp_str

]]></Node>
<StgValue><ssdm name="specinterface_ln0"/></StgValue>
</operation>

<operation id="15" st_id="4" stage="1" lat="1">
<core>Adder</core>
<MemPortIdVec></MemPortIdVec>
<condition id="-1">
<or_exp><and_exp></and_exp></or_exp>
</condition>

<Node id="13" bw="29" op_0_bw="29" op_1_bw="29">
<![CDATA[
entry:9 %add_ln997 = add i29 %mul_ln997, i29 31

]]></Node>
<StgValue><ssdm name="add_ln997"/></StgValue>
</operation>

<operation id="16" st_id="4" stage="1" lat="1">
<core>NULL</core>
<MemPortIdVec></MemPortIdVec>
<condition id="-1">
<or_exp><and_exp></and_exp></or_exp>
</condition>

<Node id="14" bw="24" op_0_bw="24" op_1_bw="29" op_2_bw="32" op_3_bw="32">
<![CDATA[
entry:10 %trunc_ln = partselect i24 @_ssdm_op_PartSelect.i24.i29.i32.i32, i29 %add_ln997, i32 5, i32 28

]]></Node>
<StgValue><ssdm name="trunc_ln"/></StgValue>
</operation>

<operation id="17" st_id="4" stage="1" lat="1">
<core>NULL</core>
<MemPortIdVec></MemPortIdVec>
<condition id="-1">
<or_exp><and_exp></and_exp></or_exp>
</condition>

<Node id="15" bw="0" op_0_bw="0" op_1_bw="24" op_2_bw="24">
<![CDATA[
entry:11 %write_ln997 = write void @_ssdm_op_Write.ap_auto.volatile.i24P0A, i24 %return_r, i24 %trunc_ln

]]></Node>
<StgValue><ssdm name="write_ln997"/></StgValue>
</operation>

<operation id="18" st_id="4" stage="1" lat="1">
<core>NULL</core>
<MemPortIdVec></MemPortIdVec>
<condition id="-1">
<or_exp><and_exp></and_exp></or_exp>
</condition>

<Node id="16" bw="0">
<![CDATA[
entry:12 %ret_ln301 = ret

]]></Node>
<StgValue><ssdm name="ret_ln301"/></StgValue>
</operation>
</state>
</state_list>


<ports>
<port id="22" name="return_r" dir="1" iftype="0">
<core>NULL</core><StgValue><ssdm name="return_r"/></StgValue>
</port>
<port id="23" name="rows" dir="0" iftype="3">
<core>FIFO_SRL</core><StgValue><ssdm name="rows"/></StgValue>
</port>
<port id="24" name="cols" dir="0" iftype="3">
<core>FIFO_SRL</core><StgValue><ssdm name="cols"/></StgValue>
</port>
</ports>


<dataflows>
<dataflow id="26" from="_ssdm_op_Read.ap_fifo.i26P0A" to="rows_read" fromId="25" toId="5">
</dataflow>
<dataflow id="27" from="rows" to="rows_read" fromId="23" toId="5">
</dataflow>
<dataflow id="29" from="_ssdm_op_Read.ap_fifo.i29P0A" to="cols_read" fromId="28" toId="6">
</dataflow>
<dataflow id="30" from="cols" to="cols_read" fromId="24" toId="6">
</dataflow>
<dataflow id="31" from="rows_read" to="trunc_ln997" fromId="5" toId="7">
</dataflow>
<dataflow id="33" from="_ssdm_op_BitConcatenate.i29.i24.i5" to="shl_ln" fromId="32" toId="8">
</dataflow>
<dataflow id="34" from="trunc_ln997" to="shl_ln" fromId="7" toId="8">
</dataflow>
<dataflow id="36" from="StgValue_35" to="shl_ln" fromId="35" toId="8">
</dataflow>
<dataflow id="38" from="_ssdm_op_BitConcatenate.i29.i26.i3" to="shl_ln997_2" fromId="37" toId="9">
</dataflow>
<dataflow id="39" from="rows_read" to="shl_ln997_2" fromId="5" toId="9">
</dataflow>
<dataflow id="41" from="StgValue_40" to="shl_ln997_2" fromId="40" toId="9">
</dataflow>
<dataflow id="42" from="shl_ln" to="sub_ln997" fromId="8" toId="10">
</dataflow>
<dataflow id="43" from="shl_ln997_2" to="sub_ln997" fromId="9" toId="10">
</dataflow>
<dataflow id="44" from="sub_ln997" to="mul_ln997" fromId="10" toId="11">
</dataflow>
<dataflow id="45" from="cols_read" to="mul_ln997" fromId="6" toId="11">
</dataflow>
<dataflow id="46" from="sub_ln997" to="mul_ln997" fromId="10" toId="12">
</dataflow>
<dataflow id="47" from="cols_read" to="mul_ln997" fromId="6" toId="12">
</dataflow>
<dataflow id="49" from="_ssdm_op_SpecInterface" to="specinterface_ln0" fromId="48" toId="13">
</dataflow>
<dataflow id="50" from="cols" to="specinterface_ln0" fromId="24" toId="13">
</dataflow>
<dataflow id="52" from="ap_fifo_str" to="specinterface_ln0" fromId="51" toId="13">
</dataflow>
<dataflow id="54" from="StgValue_53" to="specinterface_ln0" fromId="53" toId="13">
</dataflow>
<dataflow id="55" from="StgValue_53" to="specinterface_ln0" fromId="53" toId="13">
</dataflow>
<dataflow id="57" from="p_str" to="specinterface_ln0" fromId="56" toId="13">
</dataflow>
<dataflow id="58" from="StgValue_53" to="specinterface_ln0" fromId="53" toId="13">
</dataflow>
<dataflow id="59" from="StgValue_53" to="specinterface_ln0" fromId="53" toId="13">
</dataflow>
<dataflow id="60" from="p_str" to="specinterface_ln0" fromId="56" toId="13">
</dataflow>
<dataflow id="61" from="p_str" to="specinterface_ln0" fromId="56" toId="13">
</dataflow>
<dataflow id="62" from="p_str" to="specinterface_ln0" fromId="56" toId="13">
</dataflow>
<dataflow id="64" from="StgValue_63" to="specinterface_ln0" fromId="63" toId="13">
</dataflow>
<dataflow id="65" from="StgValue_63" to="specinterface_ln0" fromId="63" toId="13">
</dataflow>
<dataflow id="67" from="StgValue_66" to="specinterface_ln0" fromId="66" toId="13">
</dataflow>
<dataflow id="68" from="StgValue_66" to="specinterface_ln0" fromId="66" toId="13">
</dataflow>
<dataflow id="69" from="p_str" to="specinterface_ln0" fromId="56" toId="13">
</dataflow>
<dataflow id="71" from="ScalarProp_str" to="specinterface_ln0" fromId="70" toId="13">
</dataflow>
<dataflow id="72" from="_ssdm_op_SpecInterface" to="specinterface_ln0" fromId="48" toId="14">
</dataflow>
<dataflow id="73" from="rows" to="specinterface_ln0" fromId="23" toId="14">
</dataflow>
<dataflow id="74" from="ap_fifo_str" to="specinterface_ln0" fromId="51" toId="14">
</dataflow>
<dataflow id="75" from="StgValue_53" to="specinterface_ln0" fromId="53" toId="14">
</dataflow>
<dataflow id="76" from="StgValue_53" to="specinterface_ln0" fromId="53" toId="14">
</dataflow>
<dataflow id="77" from="p_str" to="specinterface_ln0" fromId="56" toId="14">
</dataflow>
<dataflow id="78" from="StgValue_53" to="specinterface_ln0" fromId="53" toId="14">
</dataflow>
<dataflow id="79" from="StgValue_53" to="specinterface_ln0" fromId="53" toId="14">
</dataflow>
<dataflow id="80" from="p_str" to="specinterface_ln0" fromId="56" toId="14">
</dataflow>
<dataflow id="81" from="p_str" to="specinterface_ln0" fromId="56" toId="14">
</dataflow>
<dataflow id="82" from="p_str" to="specinterface_ln0" fromId="56" toId="14">
</dataflow>
<dataflow id="83" from="StgValue_63" to="specinterface_ln0" fromId="63" toId="14">
</dataflow>
<dataflow id="84" from="StgValue_63" to="specinterface_ln0" fromId="63" toId="14">
</dataflow>
<dataflow id="85" from="StgValue_66" to="specinterface_ln0" fromId="66" toId="14">
</dataflow>
<dataflow id="86" from="StgValue_66" to="specinterface_ln0" fromId="66" toId="14">
</dataflow>
<dataflow id="87" from="p_str" to="specinterface_ln0" fromId="56" toId="14">
</dataflow>
<dataflow id="88" from="ScalarProp_str" to="specinterface_ln0" fromId="70" toId="14">
</dataflow>
<dataflow id="89" from="mul_ln997" to="add_ln997" fromId="12" toId="15">
</dataflow>
<dataflow id="91" from="StgValue_90" to="add_ln997" fromId="90" toId="15">
</dataflow>
<dataflow id="93" from="_ssdm_op_PartSelect.i24.i29.i32.i32" to="trunc_ln" fromId="92" toId="16">
</dataflow>
<dataflow id="94" from="add_ln997" to="trunc_ln" fromId="15" toId="16">
</dataflow>
<dataflow id="96" from="StgValue_95" to="trunc_ln" fromId="95" toId="16">
</dataflow>
<dataflow id="98" from="StgValue_97" to="trunc_ln" fromId="97" toId="16">
</dataflow>
<dataflow id="100" from="_ssdm_op_Write.ap_auto.volatile.i24P0A" to="write_ln997" fromId="99" toId="17">
</dataflow>
<dataflow id="101" from="return_r" to="write_ln997" fromId="22" toId="17">
</dataflow>
<dataflow id="102" from="trunc_ln" to="write_ln997" fromId="16" toId="17">
</dataflow>
</dataflows>


</stg>
