<stg><name>addrbound5</name>


<trans_list>

<trans id="25" from="1" to="2">
<condition id="-1">
<or_exp><and_exp></and_exp></or_exp>
</condition>
</trans>

<trans id="26" from="2" to="3">
<condition id="-1">
<or_exp><and_exp></and_exp></or_exp>
</condition>
</trans>

<trans id="27" from="3" to="4">
<condition id="-1">
<or_exp><and_exp></and_exp></or_exp>
</condition>
</trans>
</trans_list>



<state_list>

<state id="1" st_id="1">

<operation id="5" st_id="1" stage="1" lat="1">
<core>FIFO_SRL</core>
<MemPortIdVec></MemPortIdVec>
<condition id="-1">
<or_exp><and_exp></and_exp></or_exp>
</condition>

<Node id="8" bw="32" op_0_bw="32" op_1_bw="32">
<![CDATA[
entry:2 %rows_read = read i32 @_ssdm_op_Read.ap_fifo.i32P0A, i32 %rows

]]></Node>
<StgValue><ssdm name="rows_read"/></StgValue>
</operation>

<operation id="6" st_id="1" stage="1" lat="1">
<core>FIFO_SRL</core>
<MemPortIdVec></MemPortIdVec>
<condition id="-1">
<or_exp><and_exp></and_exp></or_exp>
</condition>

<Node id="9" bw="32" op_0_bw="32" op_1_bw="32">
<![CDATA[
entry:3 %cols_read = read i32 @_ssdm_op_Read.ap_fifo.i32P0A, i32 %cols

]]></Node>
<StgValue><ssdm name="cols_read"/></StgValue>
</operation>

<operation id="7" st_id="1" stage="1" lat="1">
<core>FIFO_SRL</core>
<MemPortIdVec></MemPortIdVec>
<condition id="-1">
<or_exp><and_exp></and_exp></or_exp>
</condition>

<Node id="11" bw="0" op_0_bw="0" op_1_bw="32" op_2_bw="32">
<![CDATA[
entry:5 %write_ln1162 = write void @_ssdm_op_Write.ap_fifo.i32P0A, i32 %rows_out, i32 %rows_read

]]></Node>
<StgValue><ssdm name="write_ln1162"/></StgValue>
</operation>

<operation id="8" st_id="1" stage="1" lat="1">
<core>FIFO_SRL</core>
<MemPortIdVec></MemPortIdVec>
<condition id="-1">
<or_exp><and_exp></and_exp></or_exp>
</condition>

<Node id="13" bw="0" op_0_bw="0" op_1_bw="32" op_2_bw="32">
<![CDATA[
entry:7 %write_ln1162 = write void @_ssdm_op_Write.ap_fifo.i32P0A, i32 %cols_out, i32 %cols_read

]]></Node>
<StgValue><ssdm name="write_ln1162"/></StgValue>
</operation>

<operation id="9" st_id="1" stage="1" lat="1">
<core>NULL</core>
<MemPortIdVec></MemPortIdVec>
<condition id="-1">
<or_exp><and_exp></and_exp></or_exp>
</condition>

<Node id="14" bw="29" op_0_bw="32">
<![CDATA[
entry:8 %empty = trunc i32 %cols_read

]]></Node>
<StgValue><ssdm name="empty"/></StgValue>
</operation>

<operation id="10" st_id="1" stage="1" lat="1">
<core>NULL</core>
<MemPortIdVec></MemPortIdVec>
<condition id="-1">
<or_exp><and_exp></and_exp></or_exp>
</condition>

<Node id="15" bw="24" op_0_bw="32">
<![CDATA[
entry:9 %trunc_ln997 = trunc i32 %rows_read

]]></Node>
<StgValue><ssdm name="trunc_ln997"/></StgValue>
</operation>

<operation id="11" st_id="1" stage="1" lat="1">
<core>NULL</core>
<MemPortIdVec></MemPortIdVec>
<condition id="-1">
<or_exp><and_exp></and_exp></or_exp>
</condition>

<Node id="16" bw="29" op_0_bw="29" op_1_bw="24" op_2_bw="5">
<![CDATA[
entry:10 %shl_ln = bitconcatenate i29 @_ssdm_op_BitConcatenate.i29.i24.i5, i24 %trunc_ln997, i5 0

]]></Node>
<StgValue><ssdm name="shl_ln"/></StgValue>
</operation>

<operation id="12" st_id="1" stage="1" lat="1">
<core>NULL</core>
<MemPortIdVec></MemPortIdVec>
<condition id="-1">
<or_exp><and_exp></and_exp></or_exp>
</condition>

<Node id="17" bw="26" op_0_bw="32">
<![CDATA[
entry:11 %trunc_ln997_1 = trunc i32 %rows_read

]]></Node>
<StgValue><ssdm name="trunc_ln997_1"/></StgValue>
</operation>

<operation id="13" st_id="1" stage="1" lat="1">
<core>NULL</core>
<MemPortIdVec></MemPortIdVec>
<condition id="-1">
<or_exp><and_exp></and_exp></or_exp>
</condition>

<Node id="18" bw="29" op_0_bw="29" op_1_bw="26" op_2_bw="3">
<![CDATA[
entry:12 %shl_ln997_1 = bitconcatenate i29 @_ssdm_op_BitConcatenate.i29.i26.i3, i26 %trunc_ln997_1, i3 0

]]></Node>
<StgValue><ssdm name="shl_ln997_1"/></StgValue>
</operation>

<operation id="14" st_id="1" stage="1" lat="1">
<core>Adder</core>
<MemPortIdVec></MemPortIdVec>
<condition id="-1">
<or_exp><and_exp></and_exp></or_exp>
</condition>

<Node id="19" bw="29" op_0_bw="29" op_1_bw="29">
<![CDATA[
entry:13 %sub_ln997 = sub i29 %shl_ln, i29 %shl_ln997_1

]]></Node>
<StgValue><ssdm name="sub_ln997"/></StgValue>
</operation>
</state>

<state id="2" st_id="2">

<operation id="15" st_id="2" stage="2" lat="2">
<core>Multiplier</core>
<MemPortIdVec></MemPortIdVec>
<condition id="-1">
<or_exp><and_exp></and_exp></or_exp>
</condition>

<Node id="20" bw="29" op_0_bw="29" op_1_bw="29">
<![CDATA[
entry:14 %mul_ln997 = mul i29 %sub_ln997, i29 %empty

]]></Node>
<StgValue><ssdm name="mul_ln997"/></StgValue>
</operation>
</state>

<state id="3" st_id="3">

<operation id="16" st_id="3" stage="1" lat="2">
<core>Multiplier</core>
<MemPortIdVec></MemPortIdVec>
<condition id="-1">
<or_exp><and_exp></and_exp></or_exp>
</condition>

<Node id="20" bw="29" op_0_bw="29" op_1_bw="29">
<![CDATA[
entry:14 %mul_ln997 = mul i29 %sub_ln997, i29 %empty

]]></Node>
<StgValue><ssdm name="mul_ln997"/></StgValue>
</operation>
</state>

<state id="4" st_id="4">

<operation id="17" st_id="4" stage="1" lat="1">
<core>NULL</core>
<MemPortIdVec></MemPortIdVec>
<condition id="-1">
<or_exp><and_exp></and_exp></or_exp>
</condition>

<Node id="6" bw="0" op_0_bw="0" op_1_bw="32" op_2_bw="0" op_3_bw="32" op_4_bw="32" op_5_bw="0" op_6_bw="32" op_7_bw="32" op_8_bw="0" op_9_bw="0" op_10_bw="0" op_11_bw="32" op_12_bw="32" op_13_bw="32" op_14_bw="32" op_15_bw="0" op_16_bw="0">
<![CDATA[
entry:0 %specinterface_ln0 = specinterface void @_ssdm_op_SpecInterface, i32 %cols, void @ap_fifo_str, i32 0, i32 0, void @p_str, i32 0, i32 0, void @p_str, void @p_str, void @p_str, i32 2, i32 2, i32 16, i32 16, void @p_str, void @ScalarProp_str

]]></Node>
<StgValue><ssdm name="specinterface_ln0"/></StgValue>
</operation>

<operation id="18" st_id="4" stage="1" lat="1">
<core>NULL</core>
<MemPortIdVec></MemPortIdVec>
<condition id="-1">
<or_exp><and_exp></and_exp></or_exp>
</condition>

<Node id="7" bw="0" op_0_bw="0" op_1_bw="32" op_2_bw="0" op_3_bw="32" op_4_bw="32" op_5_bw="0" op_6_bw="32" op_7_bw="32" op_8_bw="0" op_9_bw="0" op_10_bw="0" op_11_bw="32" op_12_bw="32" op_13_bw="32" op_14_bw="32" op_15_bw="0" op_16_bw="0">
<![CDATA[
entry:1 %specinterface_ln0 = specinterface void @_ssdm_op_SpecInterface, i32 %rows, void @ap_fifo_str, i32 0, i32 0, void @p_str, i32 0, i32 0, void @p_str, void @p_str, void @p_str, i32 2, i32 2, i32 16, i32 16, void @p_str, void @ScalarProp_str

]]></Node>
<StgValue><ssdm name="specinterface_ln0"/></StgValue>
</operation>

<operation id="19" st_id="4" stage="1" lat="1">
<core>NULL</core>
<MemPortIdVec></MemPortIdVec>
<condition id="-1">
<or_exp><and_exp></and_exp></or_exp>
</condition>

<Node id="10" bw="0" op_0_bw="0" op_1_bw="32" op_2_bw="0" op_3_bw="32" op_4_bw="32" op_5_bw="0" op_6_bw="32" op_7_bw="32" op_8_bw="0" op_9_bw="0" op_10_bw="0" op_11_bw="32" op_12_bw="32" op_13_bw="32" op_14_bw="32" op_15_bw="0" op_16_bw="0">
<![CDATA[
entry:4 %specinterface_ln0 = specinterface void @_ssdm_op_SpecInterface, i32 %rows_out, void @ap_fifo_str, i32 0, i32 0, void @p_str, i32 0, i32 0, void @p_str, void @p_str, void @p_str, i32 2, i32 2, i32 16, i32 16, void @p_str, void @ScalarProp_str

]]></Node>
<StgValue><ssdm name="specinterface_ln0"/></StgValue>
</operation>

<operation id="20" st_id="4" stage="1" lat="1">
<core>NULL</core>
<MemPortIdVec></MemPortIdVec>
<condition id="-1">
<or_exp><and_exp></and_exp></or_exp>
</condition>

<Node id="12" bw="0" op_0_bw="0" op_1_bw="32" op_2_bw="0" op_3_bw="32" op_4_bw="32" op_5_bw="0" op_6_bw="32" op_7_bw="32" op_8_bw="0" op_9_bw="0" op_10_bw="0" op_11_bw="32" op_12_bw="32" op_13_bw="32" op_14_bw="32" op_15_bw="0" op_16_bw="0">
<![CDATA[
entry:6 %specinterface_ln0 = specinterface void @_ssdm_op_SpecInterface, i32 %cols_out, void @ap_fifo_str, i32 0, i32 0, void @p_str, i32 0, i32 0, void @p_str, void @p_str, void @p_str, i32 2, i32 2, i32 16, i32 16, void @p_str, void @ScalarProp_str

]]></Node>
<StgValue><ssdm name="specinterface_ln0"/></StgValue>
</operation>

<operation id="21" st_id="4" stage="1" lat="1">
<core>Adder</core>
<MemPortIdVec></MemPortIdVec>
<condition id="-1">
<or_exp><and_exp></and_exp></or_exp>
</condition>

<Node id="21" bw="29" op_0_bw="29" op_1_bw="29">
<![CDATA[
entry:15 %add_ln997 = add i29 %mul_ln997, i29 31

]]></Node>
<StgValue><ssdm name="add_ln997"/></StgValue>
</operation>

<operation id="22" st_id="4" stage="1" lat="1">
<core>NULL</core>
<MemPortIdVec></MemPortIdVec>
<condition id="-1">
<or_exp><and_exp></and_exp></or_exp>
</condition>

<Node id="22" bw="24" op_0_bw="24" op_1_bw="29" op_2_bw="32" op_3_bw="32">
<![CDATA[
entry:16 %trunc_ln = partselect i24 @_ssdm_op_PartSelect.i24.i29.i32.i32, i29 %add_ln997, i32 5, i32 28

]]></Node>
<StgValue><ssdm name="trunc_ln"/></StgValue>
</operation>

<operation id="23" st_id="4" stage="1" lat="1">
<core>NULL</core>
<MemPortIdVec></MemPortIdVec>
<condition id="-1">
<or_exp><and_exp></and_exp></or_exp>
</condition>

<Node id="23" bw="0" op_0_bw="0" op_1_bw="24" op_2_bw="24">
<![CDATA[
entry:17 %write_ln997 = write void @_ssdm_op_Write.ap_auto.volatile.i24P0A, i24 %return_r, i24 %trunc_ln

]]></Node>
<StgValue><ssdm name="write_ln997"/></StgValue>
</operation>

<operation id="24" st_id="4" stage="1" lat="1">
<core>NULL</core>
<MemPortIdVec></MemPortIdVec>
<condition id="-1">
<or_exp><and_exp></and_exp></or_exp>
</condition>

<Node id="24" bw="0">
<![CDATA[
entry:18 %ret_ln1162 = ret

]]></Node>
<StgValue><ssdm name="ret_ln1162"/></StgValue>
</operation>
</state>
</state_list>


<ports>
<port id="28" name="return_r" dir="1" iftype="0">
<core>NULL</core><StgValue><ssdm name="return_r"/></StgValue>
</port>
<port id="29" name="rows" dir="0" iftype="3">
<core>FIFO_SRL</core><StgValue><ssdm name="rows"/></StgValue>
</port>
<port id="30" name="cols" dir="0" iftype="3">
<core>FIFO_SRL</core><StgValue><ssdm name="cols"/></StgValue>
</port>
<port id="31" name="rows_out" dir="1" iftype="3">
<core>FIFO_SRL</core><StgValue><ssdm name="rows_out"/></StgValue>
</port>
<port id="32" name="cols_out" dir="1" iftype="3">
<core>FIFO_SRL</core><StgValue><ssdm name="cols_out"/></StgValue>
</port>
</ports>


<dataflows>
<dataflow id="34" from="_ssdm_op_Read.ap_fifo.i32P0A" to="rows_read" fromId="33" toId="5">
</dataflow>
<dataflow id="35" from="rows" to="rows_read" fromId="29" toId="5">
</dataflow>
<dataflow id="36" from="_ssdm_op_Read.ap_fifo.i32P0A" to="cols_read" fromId="33" toId="6">
</dataflow>
<dataflow id="37" from="cols" to="cols_read" fromId="30" toId="6">
</dataflow>
<dataflow id="39" from="_ssdm_op_Write.ap_fifo.i32P0A" to="write_ln1162" fromId="38" toId="7">
</dataflow>
<dataflow id="40" from="rows_out" to="write_ln1162" fromId="31" toId="7">
</dataflow>
<dataflow id="41" from="rows_read" to="write_ln1162" fromId="5" toId="7">
</dataflow>
<dataflow id="42" from="_ssdm_op_Write.ap_fifo.i32P0A" to="write_ln1162" fromId="38" toId="8">
</dataflow>
<dataflow id="43" from="cols_out" to="write_ln1162" fromId="32" toId="8">
</dataflow>
<dataflow id="44" from="cols_read" to="write_ln1162" fromId="6" toId="8">
</dataflow>
<dataflow id="45" from="cols_read" to="empty" fromId="6" toId="9">
</dataflow>
<dataflow id="46" from="rows_read" to="trunc_ln997" fromId="5" toId="10">
</dataflow>
<dataflow id="48" from="_ssdm_op_BitConcatenate.i29.i24.i5" to="shl_ln" fromId="47" toId="11">
</dataflow>
<dataflow id="49" from="trunc_ln997" to="shl_ln" fromId="10" toId="11">
</dataflow>
<dataflow id="51" from="StgValue_50" to="shl_ln" fromId="50" toId="11">
</dataflow>
<dataflow id="52" from="rows_read" to="trunc_ln997_1" fromId="5" toId="12">
</dataflow>
<dataflow id="54" from="_ssdm_op_BitConcatenate.i29.i26.i3" to="shl_ln997_1" fromId="53" toId="13">
</dataflow>
<dataflow id="55" from="trunc_ln997_1" to="shl_ln997_1" fromId="12" toId="13">
</dataflow>
<dataflow id="57" from="StgValue_56" to="shl_ln997_1" fromId="56" toId="13">
</dataflow>
<dataflow id="58" from="shl_ln" to="sub_ln997" fromId="11" toId="14">
</dataflow>
<dataflow id="59" from="shl_ln997_1" to="sub_ln997" fromId="13" toId="14">
</dataflow>
<dataflow id="60" from="sub_ln997" to="mul_ln997" fromId="14" toId="15">
</dataflow>
<dataflow id="61" from="empty" to="mul_ln997" fromId="9" toId="15">
</dataflow>
<dataflow id="62" from="sub_ln997" to="mul_ln997" fromId="14" toId="16">
</dataflow>
<dataflow id="63" from="empty" to="mul_ln997" fromId="9" toId="16">
</dataflow>
<dataflow id="65" from="_ssdm_op_SpecInterface" to="specinterface_ln0" fromId="64" toId="17">
</dataflow>
<dataflow id="66" from="cols" to="specinterface_ln0" fromId="30" toId="17">
</dataflow>
<dataflow id="68" from="ap_fifo_str" to="specinterface_ln0" fromId="67" toId="17">
</dataflow>
<dataflow id="70" from="StgValue_69" to="specinterface_ln0" fromId="69" toId="17">
</dataflow>
<dataflow id="71" from="StgValue_69" to="specinterface_ln0" fromId="69" toId="17">
</dataflow>
<dataflow id="73" from="p_str" to="specinterface_ln0" fromId="72" toId="17">
</dataflow>
<dataflow id="74" from="StgValue_69" to="specinterface_ln0" fromId="69" toId="17">
</dataflow>
<dataflow id="75" from="StgValue_69" to="specinterface_ln0" fromId="69" toId="17">
</dataflow>
<dataflow id="76" from="p_str" to="specinterface_ln0" fromId="72" toId="17">
</dataflow>
<dataflow id="77" from="p_str" to="specinterface_ln0" fromId="72" toId="17">
</dataflow>
<dataflow id="78" from="p_str" to="specinterface_ln0" fromId="72" toId="17">
</dataflow>
<dataflow id="80" from="StgValue_79" to="specinterface_ln0" fromId="79" toId="17">
</dataflow>
<dataflow id="81" from="StgValue_79" to="specinterface_ln0" fromId="79" toId="17">
</dataflow>
<dataflow id="83" from="StgValue_82" to="specinterface_ln0" fromId="82" toId="17">
</dataflow>
<dataflow id="84" from="StgValue_82" to="specinterface_ln0" fromId="82" toId="17">
</dataflow>
<dataflow id="85" from="p_str" to="specinterface_ln0" fromId="72" toId="17">
</dataflow>
<dataflow id="87" from="ScalarProp_str" to="specinterface_ln0" fromId="86" toId="17">
</dataflow>
<dataflow id="88" from="_ssdm_op_SpecInterface" to="specinterface_ln0" fromId="64" toId="18">
</dataflow>
<dataflow id="89" from="rows" to="specinterface_ln0" fromId="29" toId="18">
</dataflow>
<dataflow id="90" from="ap_fifo_str" to="specinterface_ln0" fromId="67" toId="18">
</dataflow>
<dataflow id="91" from="StgValue_69" to="specinterface_ln0" fromId="69" toId="18">
</dataflow>
<dataflow id="92" from="StgValue_69" to="specinterface_ln0" fromId="69" toId="18">
</dataflow>
<dataflow id="93" from="p_str" to="specinterface_ln0" fromId="72" toId="18">
</dataflow>
<dataflow id="94" from="StgValue_69" to="specinterface_ln0" fromId="69" toId="18">
</dataflow>
<dataflow id="95" from="StgValue_69" to="specinterface_ln0" fromId="69" toId="18">
</dataflow>
<dataflow id="96" from="p_str" to="specinterface_ln0" fromId="72" toId="18">
</dataflow>
<dataflow id="97" from="p_str" to="specinterface_ln0" fromId="72" toId="18">
</dataflow>
<dataflow id="98" from="p_str" to="specinterface_ln0" fromId="72" toId="18">
</dataflow>
<dataflow id="99" from="StgValue_79" to="specinterface_ln0" fromId="79" toId="18">
</dataflow>
<dataflow id="100" from="StgValue_79" to="specinterface_ln0" fromId="79" toId="18">
</dataflow>
<dataflow id="101" from="StgValue_82" to="specinterface_ln0" fromId="82" toId="18">
</dataflow>
<dataflow id="102" from="StgValue_82" to="specinterface_ln0" fromId="82" toId="18">
</dataflow>
<dataflow id="103" from="p_str" to="specinterface_ln0" fromId="72" toId="18">
</dataflow>
<dataflow id="104" from="ScalarProp_str" to="specinterface_ln0" fromId="86" toId="18">
</dataflow>
<dataflow id="105" from="_ssdm_op_SpecInterface" to="specinterface_ln0" fromId="64" toId="19">
</dataflow>
<dataflow id="106" from="rows_out" to="specinterface_ln0" fromId="31" toId="19">
</dataflow>
<dataflow id="107" from="ap_fifo_str" to="specinterface_ln0" fromId="67" toId="19">
</dataflow>
<dataflow id="108" from="StgValue_69" to="specinterface_ln0" fromId="69" toId="19">
</dataflow>
<dataflow id="109" from="StgValue_69" to="specinterface_ln0" fromId="69" toId="19">
</dataflow>
<dataflow id="110" from="p_str" to="specinterface_ln0" fromId="72" toId="19">
</dataflow>
<dataflow id="111" from="StgValue_69" to="specinterface_ln0" fromId="69" toId="19">
</dataflow>
<dataflow id="112" from="StgValue_69" to="specinterface_ln0" fromId="69" toId="19">
</dataflow>
<dataflow id="113" from="p_str" to="specinterface_ln0" fromId="72" toId="19">
</dataflow>
<dataflow id="114" from="p_str" to="specinterface_ln0" fromId="72" toId="19">
</dataflow>
<dataflow id="115" from="p_str" to="specinterface_ln0" fromId="72" toId="19">
</dataflow>
<dataflow id="116" from="StgValue_79" to="specinterface_ln0" fromId="79" toId="19">
</dataflow>
<dataflow id="117" from="StgValue_79" to="specinterface_ln0" fromId="79" toId="19">
</dataflow>
<dataflow id="118" from="StgValue_82" to="specinterface_ln0" fromId="82" toId="19">
</dataflow>
<dataflow id="119" from="StgValue_82" to="specinterface_ln0" fromId="82" toId="19">
</dataflow>
<dataflow id="120" from="p_str" to="specinterface_ln0" fromId="72" toId="19">
</dataflow>
<dataflow id="121" from="ScalarProp_str" to="specinterface_ln0" fromId="86" toId="19">
</dataflow>
<dataflow id="122" from="_ssdm_op_SpecInterface" to="specinterface_ln0" fromId="64" toId="20">
</dataflow>
<dataflow id="123" from="cols_out" to="specinterface_ln0" fromId="32" toId="20">
</dataflow>
<dataflow id="124" from="ap_fifo_str" to="specinterface_ln0" fromId="67" toId="20">
</dataflow>
<dataflow id="125" from="StgValue_69" to="specinterface_ln0" fromId="69" toId="20">
</dataflow>
<dataflow id="126" from="StgValue_69" to="specinterface_ln0" fromId="69" toId="20">
</dataflow>
<dataflow id="127" from="p_str" to="specinterface_ln0" fromId="72" toId="20">
</dataflow>
<dataflow id="128" from="StgValue_69" to="specinterface_ln0" fromId="69" toId="20">
</dataflow>
<dataflow id="129" from="StgValue_69" to="specinterface_ln0" fromId="69" toId="20">
</dataflow>
<dataflow id="130" from="p_str" to="specinterface_ln0" fromId="72" toId="20">
</dataflow>
<dataflow id="131" from="p_str" to="specinterface_ln0" fromId="72" toId="20">
</dataflow>
<dataflow id="132" from="p_str" to="specinterface_ln0" fromId="72" toId="20">
</dataflow>
<dataflow id="133" from="StgValue_79" to="specinterface_ln0" fromId="79" toId="20">
</dataflow>
<dataflow id="134" from="StgValue_79" to="specinterface_ln0" fromId="79" toId="20">
</dataflow>
<dataflow id="135" from="StgValue_82" to="specinterface_ln0" fromId="82" toId="20">
</dataflow>
<dataflow id="136" from="StgValue_82" to="specinterface_ln0" fromId="82" toId="20">
</dataflow>
<dataflow id="137" from="p_str" to="specinterface_ln0" fromId="72" toId="20">
</dataflow>
<dataflow id="138" from="ScalarProp_str" to="specinterface_ln0" fromId="86" toId="20">
</dataflow>
<dataflow id="139" from="mul_ln997" to="add_ln997" fromId="16" toId="21">
</dataflow>
<dataflow id="141" from="StgValue_140" to="add_ln997" fromId="140" toId="21">
</dataflow>
<dataflow id="143" from="_ssdm_op_PartSelect.i24.i29.i32.i32" to="trunc_ln" fromId="142" toId="22">
</dataflow>
<dataflow id="144" from="add_ln997" to="trunc_ln" fromId="21" toId="22">
</dataflow>
<dataflow id="146" from="StgValue_145" to="trunc_ln" fromId="145" toId="22">
</dataflow>
<dataflow id="148" from="StgValue_147" to="trunc_ln" fromId="147" toId="22">
</dataflow>
<dataflow id="150" from="_ssdm_op_Write.ap_auto.volatile.i24P0A" to="write_ln997" fromId="149" toId="23">
</dataflow>
<dataflow id="151" from="return_r" to="write_ln997" fromId="28" toId="23">
</dataflow>
<dataflow id="152" from="trunc_ln" to="write_ln997" fromId="22" toId="23">
</dataflow>
</dataflows>


</stg>
