<profile>

<section name = "Vitis HLS Report for 'addrbound'" level="0">
<item name = "Date">Fri Jul 16 11:50:35 2021
</item>
<item name = "Version">2020.2 (Build 3064766 on Wed Nov 18 09:12:45 MST 2020)</item>
<item name = "Project">addWeighted</item>
<item name = "Solution">solution1 (Vivado IP Flow Target)</item>
<item name = "Product family">zynq</item>
<item name = "Target device">xc7z020-clg400-1</item>
</section>

<section name = "Performance Estimates" level="0">
<item name = "Timing">
<section name = "" level="1">
<item name = "Summary"><table name="" hasTotal="0">
<keys size="4">Clock, Target, Estimated, Uncertainty</keys>
<column name="ap_clk">10.00 ns, 6.912 ns, 2.70 ns</column>
</table>
</item>
</section>
</item>
<item name = "Latency">
<section name = "" level="1">
<item name = "Summary"><table name="" hasTotal="0">
<keys size="8">, min, max, min, max, min, max, Type</keys>
<column name="">3, 3, 30.000 ns, 30.000 ns, 3, 3, none</column>
</table>
</item>
<item name = "Detail">
<section name = "" level="1">
<item name = "Instance"><table name="" hasTotal="0">
<keys size="9">Instance, Module, min, max, min, max, min, max, Type</keys>
</table>
</item>
<item name = "Loop"><table name="" hasTotal="0">
<keys size="8">Loop Name, min, max, Latency, achieved, target, Count, Pipelined</keys>
</table>
</item>
</section>
</item>
</section>
</item>
</section>

<section name = "Utilization Estimates" level="0">
<item name = "Summary"><table name="" hasTotal="1">
<keys size="6">Name, BRAM_18K, DSP, FF, LUT, URAM</keys>
<column name="DSP">-, -, -, -, -</column>
<column name="Expression">-, -, 0, 74, -</column>
<column name="FIFO">-, -, -, -, -</column>
<column name="Instance">-, 0, 95, 46, -</column>
<column name="Memory">-, -, -, -, -</column>
<column name="Multiplexer">-, -, -, 61, -</column>
<column name="Register">-, -, 113, -, -</column>
<specialColumn name="Available">280, 220, 106400, 53200, 0</specialColumn>
<specialColumn name="Utilization (%)">0, 0, ~0, ~0, 0</specialColumn>
</table>
</item>
<item name = "Detail">
<section name = "" level="1">
<item name = "Instance"><table name="" hasTotal="1">
<keys size="7">Instance, Module, BRAM_18K, DSP, FF, LUT, URAM</keys>
<column name="mul_29s_29s_29_2_1_U95">mul_29s_29s_29_2_1, 0, 0, 95, 46, 0</column>
</table>
</item>
<item name = "DSP"><table name="" hasTotal="0">
<keys size="3">Instance, Module, Expression</keys>
</table>
</item>
<item name = "Memory"><table name="" hasTotal="1">
<keys size="10">Memory, Module, BRAM_18K, FF, LUT, URAM, Words, Bits, Banks, W*Bits*Banks</keys>
</table>
</item>
<item name = "FIFO"><table name="" hasTotal="1">
<keys size="8">Name, BRAM_18K, FF, LUT, URAM, Depth, Bits, Size:D*B</keys>
</table>
</item>
<item name = "Expression"><table name="" hasTotal="1">
<keys size="7">Variable Name, Operation, DSP, FF, LUT, Bitwidth P0, Bitwidth P1</keys>
<column name="add_ln997_fu_91_p2">+, 0, 0, 36, 29, 5</column>
<column name="sub_ln997_fu_81_p2">-, 0, 0, 36, 29, 29</column>
<column name="ap_block_state1">or, 0, 0, 2, 1, 1</column>
</table>
</item>
<item name = "Multiplexer"><table name="" hasTotal="1">
<keys size="5">Name, LUT, Input Size, Bits, Total Bits</keys>
<column name="ap_NS_fsm">25, 5, 1, 5</column>
<column name="ap_done">9, 2, 1, 2</column>
<column name="cols_blk_n">9, 2, 1, 2</column>
<column name="return_r">9, 2, 24, 48</column>
<column name="rows_blk_n">9, 2, 1, 2</column>
</table>
</item>
<item name = "Register"><table name="" hasTotal="1">
<keys size="5">Name, FF, LUT, Bits, Const Bits</keys>
<column name="ap_CS_fsm">4, 0, 4, 0</column>
<column name="ap_done_reg">1, 0, 1, 0</column>
<column name="cols_read_reg_107">29, 0, 29, 0</column>
<column name="mul_ln997_reg_117">29, 0, 29, 0</column>
<column name="return_r_preg">24, 0, 24, 0</column>
<column name="sub_ln997_reg_112">26, 0, 29, 3</column>
</table>
</item>
</section>
</item>
</section>

<section name = "Interface" level="0">
<item name = "Summary"><table name="" hasTotal="0">
<keys size="6">RTL Ports, Dir, Bits, Protocol, Source Object, C Type</keys>
<column name="ap_clk">in, 1, ap_ctrl_hs, addrbound, return value</column>
<column name="ap_rst">in, 1, ap_ctrl_hs, addrbound, return value</column>
<column name="ap_start">in, 1, ap_ctrl_hs, addrbound, return value</column>
<column name="ap_done">out, 1, ap_ctrl_hs, addrbound, return value</column>
<column name="ap_continue">in, 1, ap_ctrl_hs, addrbound, return value</column>
<column name="ap_idle">out, 1, ap_ctrl_hs, addrbound, return value</column>
<column name="ap_ready">out, 1, ap_ctrl_hs, addrbound, return value</column>
<column name="return_r">out, 24, ap_vld, return_r, pointer</column>
<column name="return_r_ap_vld">out, 1, ap_vld, return_r, pointer</column>
<column name="rows_dout">in, 26, ap_fifo, rows, pointer</column>
<column name="rows_empty_n">in, 1, ap_fifo, rows, pointer</column>
<column name="rows_read">out, 1, ap_fifo, rows, pointer</column>
<column name="cols_dout">in, 29, ap_fifo, cols, pointer</column>
<column name="cols_empty_n">in, 1, ap_fifo, cols, pointer</column>
<column name="cols_read">out, 1, ap_fifo, cols, pointer</column>
</table>
</item>
</section>
</profile>
