<profile>

<section name = "Vitis HLS Report for 'AddWeightedKernel_9_9_2160_3840_1_3_15_15_9_9_3840_s'" level="0">
<item name = "Date">Fri Jul 16 11:50:34 2021
</item>
<item name = "Version">2020.2 (Build 3064766 on Wed Nov 18 09:12:45 MST 2020)</item>
<item name = "Project">addWeighted</item>
<item name = "Solution">solution1 (Vivado IP Flow Target)</item>
<item name = "Product family">zynq</item>
<item name = "Target device">xc7z020-clg400-1</item>
</section>

<section name = "Performance Estimates" level="0">
<item name = "Timing">
<section name = "" level="1">
<item name = "Summary"><table name="" hasTotal="0">
<keys size="4">Clock, Target, Estimated, Uncertainty</keys>
<column name="ap_clk">10.00 ns, 5.504 ns, 2.70 ns</column>
</table>
</item>
</section>
</item>
<item name = "Latency">
<section name = "" level="1">
<item name = "Summary"><table name="" hasTotal="0">
<keys size="8">, min, max, min, max, min, max, Type</keys>
<column name="">8303041, 8303041, 83.030 ms, 83.030 ms, 8303041, 8303041, none</column>
</table>
</item>
<item name = "Detail">
<section name = "" level="1">
<item name = "Instance"><table name="" hasTotal="0">
<keys size="9">Instance, Module, min, max, min, max, min, max, Type</keys>
</table>
</item>
<item name = "Loop"><table name="" hasTotal="0">
<keys size="8">Loop Name, min, max, Latency, achieved, target, Count, Pipelined</keys>
<column name="- RowLoop">8303040, 8303040, 3844, -, -, 2160, no</column>
<column name=" + ColLoop">3841, 3841, 3, 1, 1, 3840, yes</column>
</table>
</item>
</section>
</item>
</section>
</item>
</section>

<section name = "Utilization Estimates" level="0">
<item name = "Summary"><table name="" hasTotal="1">
<keys size="6">Name, BRAM_18K, DSP, FF, LUT, URAM</keys>
<column name="DSP">-, -, -, -, -</column>
<column name="Expression">-, -, 0, 118, -</column>
<column name="FIFO">-, -, -, -, -</column>
<column name="Instance">-, -, -, -, -</column>
<column name="Memory">-, -, -, -, -</column>
<column name="Multiplexer">-, -, -, 88, -</column>
<column name="Register">-, -, 75, -, -</column>
<specialColumn name="Available">280, 220, 106400, 53200, 0</specialColumn>
<specialColumn name="Utilization (%)">0, 0, ~0, ~0, 0</specialColumn>
</table>
</item>
<item name = "Detail">
<section name = "" level="1">
<item name = "Instance"><table name="" hasTotal="1">
<keys size="7">Instance, Module, BRAM_18K, DSP, FF, LUT, URAM</keys>
</table>
</item>
<item name = "DSP"><table name="" hasTotal="0">
<keys size="3">Instance, Module, Expression</keys>
</table>
</item>
<item name = "Memory"><table name="" hasTotal="1">
<keys size="10">Memory, Module, BRAM_18K, FF, LUT, URAM, Words, Bits, Banks, W*Bits*Banks</keys>
</table>
</item>
<item name = "FIFO"><table name="" hasTotal="1">
<keys size="8">Name, BRAM_18K, FF, LUT, URAM, Depth, Bits, Size:D*B</keys>
</table>
</item>
<item name = "Expression"><table name="" hasTotal="1">
<keys size="7">Variable Name, Operation, DSP, FF, LUT, Bitwidth P0, Bitwidth P1</keys>
<column name="add_ln878_fu_132_p2">+, 0, 0, 23, 16, 1</column>
<column name="add_ln92_1_fu_205_p2">+, 0, 0, 15, 8, 8</column>
<column name="add_ln92_2_fu_239_p2">+, 0, 0, 15, 8, 8</column>
<column name="add_ln92_fu_171_p2">+, 0, 0, 15, 8, 8</column>
<column name="i_V_3_fu_117_p2">+, 0, 0, 14, 13, 1</column>
<column name="ap_block_state5_pp0_stage0_iter2">and, 0, 0, 2, 1, 1</column>
<column name="icmp_ln68_fu_138_p2">icmp, 0, 0, 13, 16, 16</column>
<column name="icmp_ln878_fu_127_p2">icmp, 0, 0, 13, 16, 16</column>
<column name="ap_block_pp0_stage0_01001">or, 0, 0, 2, 1, 1</column>
<column name="ap_block_state4_pp0_stage0_iter1">or, 0, 0, 2, 1, 1</column>
<column name="ap_enable_pp0">xor, 0, 0, 2, 1, 2</column>
<column name="ap_enable_reg_pp0_iter1">xor, 0, 0, 2, 2, 1</column>
</table>
</item>
<item name = "Multiplexer"><table name="" hasTotal="1">
<keys size="5">Name, LUT, Input Size, Bits, Total Bits</keys>
<column name="ap_NS_fsm">25, 5, 1, 5</column>
<column name="ap_enable_reg_pp0_iter1">9, 2, 1, 2</column>
<column name="ap_enable_reg_pp0_iter2">9, 2, 1, 2</column>
<column name="i_V_reg_95">9, 2, 13, 26</column>
<column name="imgInput1_434_blk_n">9, 2, 1, 2</column>
<column name="imgInput2_435_blk_n">9, 2, 1, 2</column>
<column name="imgOutput_436_blk_n">9, 2, 1, 2</column>
<column name="j_V_reg_106">9, 2, 16, 32</column>
</table>
</item>
<item name = "Register"><table name="" hasTotal="1">
<keys size="5">Name, FF, LUT, Bits, Const Bits</keys>
<column name="add_ln92_1_reg_286">8, 0, 8, 0</column>
<column name="add_ln92_2_reg_291">8, 0, 8, 0</column>
<column name="add_ln92_reg_281">8, 0, 8, 0</column>
<column name="ap_CS_fsm">4, 0, 4, 0</column>
<column name="ap_enable_reg_pp0_iter0">1, 0, 1, 0</column>
<column name="ap_enable_reg_pp0_iter1">1, 0, 1, 0</column>
<column name="ap_enable_reg_pp0_iter2">1, 0, 1, 0</column>
<column name="i_V_3_reg_263">13, 0, 13, 0</column>
<column name="i_V_reg_95">13, 0, 13, 0</column>
<column name="icmp_ln68_reg_277">1, 0, 1, 0</column>
<column name="icmp_ln68_reg_277_pp0_iter1_reg">1, 0, 1, 0</column>
<column name="j_V_reg_106">16, 0, 16, 0</column>
</table>
</item>
</section>
</item>
</section>

<section name = "Interface" level="0">
<item name = "Summary"><table name="" hasTotal="0">
<keys size="6">RTL Ports, Dir, Bits, Protocol, Source Object, C Type</keys>
<column name="ap_clk">in, 1, ap_ctrl_hs, AddWeightedKernel&lt;9, 9, 2160, 3840, 1, 3, 15, 15, 9, 9, 3840&gt;, return value</column>
<column name="ap_rst">in, 1, ap_ctrl_hs, AddWeightedKernel&lt;9, 9, 2160, 3840, 1, 3, 15, 15, 9, 9, 3840&gt;, return value</column>
<column name="ap_start">in, 1, ap_ctrl_hs, AddWeightedKernel&lt;9, 9, 2160, 3840, 1, 3, 15, 15, 9, 9, 3840&gt;, return value</column>
<column name="ap_done">out, 1, ap_ctrl_hs, AddWeightedKernel&lt;9, 9, 2160, 3840, 1, 3, 15, 15, 9, 9, 3840&gt;, return value</column>
<column name="ap_idle">out, 1, ap_ctrl_hs, AddWeightedKernel&lt;9, 9, 2160, 3840, 1, 3, 15, 15, 9, 9, 3840&gt;, return value</column>
<column name="ap_ready">out, 1, ap_ctrl_hs, AddWeightedKernel&lt;9, 9, 2160, 3840, 1, 3, 15, 15, 9, 9, 3840&gt;, return value</column>
<column name="imgInput1_434_dout">in, 24, ap_fifo, imgInput1_434, pointer</column>
<column name="imgInput1_434_empty_n">in, 1, ap_fifo, imgInput1_434, pointer</column>
<column name="imgInput1_434_read">out, 1, ap_fifo, imgInput1_434, pointer</column>
<column name="imgInput2_435_dout">in, 24, ap_fifo, imgInput2_435, pointer</column>
<column name="imgInput2_435_empty_n">in, 1, ap_fifo, imgInput2_435, pointer</column>
<column name="imgInput2_435_read">out, 1, ap_fifo, imgInput2_435, pointer</column>
<column name="imgOutput_436_din">out, 24, ap_fifo, imgOutput_436, pointer</column>
<column name="imgOutput_436_full_n">in, 1, ap_fifo, imgOutput_436, pointer</column>
<column name="imgOutput_436_write">out, 1, ap_fifo, imgOutput_436, pointer</column>
<column name="height">in, 16, ap_none, height, scalar</column>
<column name="width">in, 16, ap_none, width, scalar</column>
</table>
</item>
</section>
</profile>
