<stg><name>addWeighted<9, 9, 2160, 3840, 1></name>


<trans_list>

<trans id="18" from="1" to="2">
<condition id="-1">
<or_exp><and_exp></and_exp></or_exp>
</condition>
</trans>
</trans_list>



<state_list>

<state id="1" st_id="1">

<operation id="3" st_id="1" stage="1" lat="1">
<core>FIFO_SRL</core>
<MemPortIdVec></MemPortIdVec>
<condition id="-1">
<or_exp><and_exp></and_exp></or_exp>
</condition>

<Node id="14" bw="32" op_0_bw="32" op_1_bw="32">
<![CDATA[
entry:8 %src1_cols_read = read i32 @_ssdm_op_Read.ap_fifo.i32P0A, i32 %src1_cols

]]></Node>
<StgValue><ssdm name="src1_cols_read"/></StgValue>
</operation>

<operation id="4" st_id="1" stage="1" lat="1">
<core>NULL</core>
<MemPortIdVec></MemPortIdVec>
<condition id="-1">
<or_exp><and_exp></and_exp></or_exp>
</condition>

<Node id="15" bw="16" op_0_bw="32">
<![CDATA[
entry:9 %width = trunc i32 %src1_cols_read

]]></Node>
<StgValue><ssdm name="width"/></StgValue>
</operation>

<operation id="5" st_id="1" stage="1" lat="1">
<core>FIFO_SRL</core>
<MemPortIdVec></MemPortIdVec>
<condition id="-1">
<or_exp><and_exp></and_exp></or_exp>
</condition>

<Node id="16" bw="32" op_0_bw="32" op_1_bw="32">
<![CDATA[
entry:10 %src1_rows_read = read i32 @_ssdm_op_Read.ap_fifo.i32P0A, i32 %src1_rows

]]></Node>
<StgValue><ssdm name="src1_rows_read"/></StgValue>
</operation>

<operation id="6" st_id="1" stage="1" lat="1">
<core>NULL</core>
<MemPortIdVec></MemPortIdVec>
<condition id="-1">
<or_exp><and_exp></and_exp></or_exp>
</condition>

<Node id="17" bw="16" op_0_bw="32">
<![CDATA[
entry:11 %trunc_ln123 = trunc i32 %src1_rows_read

]]></Node>
<StgValue><ssdm name="trunc_ln123"/></StgValue>
</operation>

<operation id="7" st_id="1" stage="2" lat="2">
<core></core>
<MemPortIdVec></MemPortIdVec>
<condition id="-1">
<or_exp><and_exp></and_exp></or_exp>
</condition>

<Node id="18" bw="0" op_0_bw="0" op_1_bw="24" op_2_bw="24" op_3_bw="24" op_4_bw="16" op_5_bw="16">
<![CDATA[
entry:12 %call_ln121 = call void @AddWeightedKernel<9, 9, 2160, 3840, 1, 3, 15, 15, 9, 9, 3840>, i24 %imgInput1_434, i24 %imgInput2_435, i24 %imgOutput_436, i16 %trunc_ln123, i16 %width

]]></Node>
<StgValue><ssdm name="call_ln121"/></StgValue>
</operation>
</state>

<state id="2" st_id="2">

<operation id="8" st_id="2" stage="1" lat="1">
<core>NULL</core>
<MemPortIdVec></MemPortIdVec>
<condition id="-1">
<or_exp><and_exp></and_exp></or_exp>
</condition>

<Node id="6" bw="0" op_0_bw="0" op_1_bw="24" op_2_bw="0" op_3_bw="32" op_4_bw="32" op_5_bw="0" op_6_bw="32" op_7_bw="32" op_8_bw="0" op_9_bw="0" op_10_bw="0" op_11_bw="32" op_12_bw="32" op_13_bw="32" op_14_bw="32" op_15_bw="0" op_16_bw="0">
<![CDATA[
entry:0 %specinterface_ln0 = specinterface void @_ssdm_op_SpecInterface, i24 %imgInput1_434, void @empty_2, i32 0, i32 0, void @empty_18, i32 0, i32 0, void @empty_18, void @empty_18, void @empty_18, i32 0, i32 0, i32 0, i32 0, void @empty_18, void @empty_18

]]></Node>
<StgValue><ssdm name="specinterface_ln0"/></StgValue>
</operation>

<operation id="9" st_id="2" stage="1" lat="1">
<core>NULL</core>
<MemPortIdVec></MemPortIdVec>
<condition id="-1">
<or_exp><and_exp></and_exp></or_exp>
</condition>

<Node id="7" bw="0" op_0_bw="0" op_1_bw="24" op_2_bw="0" op_3_bw="32" op_4_bw="32" op_5_bw="0" op_6_bw="32" op_7_bw="32" op_8_bw="0" op_9_bw="0" op_10_bw="0" op_11_bw="32" op_12_bw="32" op_13_bw="32" op_14_bw="32" op_15_bw="0" op_16_bw="0">
<![CDATA[
entry:1 %specinterface_ln0 = specinterface void @_ssdm_op_SpecInterface, i24 %imgInput2_435, void @empty_2, i32 0, i32 0, void @empty_18, i32 0, i32 0, void @empty_18, void @empty_18, void @empty_18, i32 0, i32 0, i32 0, i32 0, void @empty_18, void @empty_18

]]></Node>
<StgValue><ssdm name="specinterface_ln0"/></StgValue>
</operation>

<operation id="10" st_id="2" stage="1" lat="1">
<core>NULL</core>
<MemPortIdVec></MemPortIdVec>
<condition id="-1">
<or_exp><and_exp></and_exp></or_exp>
</condition>

<Node id="8" bw="0" op_0_bw="0" op_1_bw="24" op_2_bw="0" op_3_bw="32" op_4_bw="32" op_5_bw="0" op_6_bw="32" op_7_bw="32" op_8_bw="0" op_9_bw="0" op_10_bw="0" op_11_bw="32" op_12_bw="32" op_13_bw="32" op_14_bw="32" op_15_bw="0" op_16_bw="0">
<![CDATA[
entry:2 %specinterface_ln0 = specinterface void @_ssdm_op_SpecInterface, i24 %imgOutput_436, void @empty_2, i32 0, i32 0, void @empty_18, i32 0, i32 0, void @empty_18, void @empty_18, void @empty_18, i32 0, i32 0, i32 0, i32 0, void @empty_18, void @empty_18

]]></Node>
<StgValue><ssdm name="specinterface_ln0"/></StgValue>
</operation>

<operation id="11" st_id="2" stage="1" lat="1">
<core>NULL</core>
<MemPortIdVec></MemPortIdVec>
<condition id="-1">
<or_exp><and_exp></and_exp></or_exp>
</condition>

<Node id="9" bw="0" op_0_bw="0" op_1_bw="32" op_2_bw="0" op_3_bw="32" op_4_bw="32" op_5_bw="0" op_6_bw="32" op_7_bw="32" op_8_bw="0" op_9_bw="0" op_10_bw="0" op_11_bw="32" op_12_bw="32" op_13_bw="32" op_14_bw="32" op_15_bw="0" op_16_bw="0">
<![CDATA[
entry:3 %specinterface_ln0 = specinterface void @_ssdm_op_SpecInterface, i32 %src1_rows, void @ap_fifo_str, i32 0, i32 0, void @p_str, i32 0, i32 0, void @p_str, void @p_str, void @p_str, i32 2, i32 2, i32 16, i32 16, void @p_str, void @ScalarProp_str

]]></Node>
<StgValue><ssdm name="specinterface_ln0"/></StgValue>
</operation>

<operation id="12" st_id="2" stage="1" lat="1">
<core>NULL</core>
<MemPortIdVec></MemPortIdVec>
<condition id="-1">
<or_exp><and_exp></and_exp></or_exp>
</condition>

<Node id="10" bw="0" op_0_bw="0" op_1_bw="32" op_2_bw="0" op_3_bw="32" op_4_bw="32" op_5_bw="0" op_6_bw="32" op_7_bw="32" op_8_bw="0" op_9_bw="0" op_10_bw="0" op_11_bw="32" op_12_bw="32" op_13_bw="32" op_14_bw="32" op_15_bw="0" op_16_bw="0">
<![CDATA[
entry:4 %specinterface_ln0 = specinterface void @_ssdm_op_SpecInterface, i32 %src1_cols, void @ap_fifo_str, i32 0, i32 0, void @p_str, i32 0, i32 0, void @p_str, void @p_str, void @p_str, i32 2, i32 2, i32 16, i32 16, void @p_str, void @ScalarProp_str

]]></Node>
<StgValue><ssdm name="specinterface_ln0"/></StgValue>
</operation>

<operation id="13" st_id="2" stage="1" lat="1">
<core>NULL</core>
<MemPortIdVec></MemPortIdVec>
<condition id="-1">
<or_exp><and_exp></and_exp></or_exp>
</condition>

<Node id="11" bw="0" op_0_bw="0" op_1_bw="24" op_2_bw="0" op_3_bw="32" op_4_bw="32" op_5_bw="0" op_6_bw="32" op_7_bw="32" op_8_bw="0" op_9_bw="0" op_10_bw="0" op_11_bw="32" op_12_bw="32" op_13_bw="32" op_14_bw="32" op_15_bw="0" op_16_bw="0">
<![CDATA[
entry:5 %specinterface_ln0 = specinterface void @_ssdm_op_SpecInterface, i24 %imgOutput_436, void @empty_2, i32 0, i32 0, void @empty_18, i32 0, i32 0, void @empty_18, void @empty_18, void @empty_18, i32 0, i32 0, i32 0, i32 0, void @empty_18, void @empty_18

]]></Node>
<StgValue><ssdm name="specinterface_ln0"/></StgValue>
</operation>

<operation id="14" st_id="2" stage="1" lat="1">
<core>NULL</core>
<MemPortIdVec></MemPortIdVec>
<condition id="-1">
<or_exp><and_exp></and_exp></or_exp>
</condition>

<Node id="12" bw="0" op_0_bw="0" op_1_bw="24" op_2_bw="0" op_3_bw="32" op_4_bw="32" op_5_bw="0" op_6_bw="32" op_7_bw="32" op_8_bw="0" op_9_bw="0" op_10_bw="0" op_11_bw="32" op_12_bw="32" op_13_bw="32" op_14_bw="32" op_15_bw="0" op_16_bw="0">
<![CDATA[
entry:6 %specinterface_ln0 = specinterface void @_ssdm_op_SpecInterface, i24 %imgInput2_435, void @empty_2, i32 0, i32 0, void @empty_18, i32 0, i32 0, void @empty_18, void @empty_18, void @empty_18, i32 0, i32 0, i32 0, i32 0, void @empty_18, void @empty_18

]]></Node>
<StgValue><ssdm name="specinterface_ln0"/></StgValue>
</operation>

<operation id="15" st_id="2" stage="1" lat="1">
<core>NULL</core>
<MemPortIdVec></MemPortIdVec>
<condition id="-1">
<or_exp><and_exp></and_exp></or_exp>
</condition>

<Node id="13" bw="0" op_0_bw="0" op_1_bw="24" op_2_bw="0" op_3_bw="32" op_4_bw="32" op_5_bw="0" op_6_bw="32" op_7_bw="32" op_8_bw="0" op_9_bw="0" op_10_bw="0" op_11_bw="32" op_12_bw="32" op_13_bw="32" op_14_bw="32" op_15_bw="0" op_16_bw="0">
<![CDATA[
entry:7 %specinterface_ln0 = specinterface void @_ssdm_op_SpecInterface, i24 %imgInput1_434, void @empty_2, i32 0, i32 0, void @empty_18, i32 0, i32 0, void @empty_18, void @empty_18, void @empty_18, i32 0, i32 0, i32 0, i32 0, void @empty_18, void @empty_18

]]></Node>
<StgValue><ssdm name="specinterface_ln0"/></StgValue>
</operation>

<operation id="16" st_id="2" stage="1" lat="2">
<core></core>
<MemPortIdVec></MemPortIdVec>
<condition id="-1">
<or_exp><and_exp></and_exp></or_exp>
</condition>

<Node id="18" bw="0" op_0_bw="0" op_1_bw="24" op_2_bw="24" op_3_bw="24" op_4_bw="16" op_5_bw="16">
<![CDATA[
entry:12 %call_ln121 = call void @AddWeightedKernel<9, 9, 2160, 3840, 1, 3, 15, 15, 9, 9, 3840>, i24 %imgInput1_434, i24 %imgInput2_435, i24 %imgOutput_436, i16 %trunc_ln123, i16 %width

]]></Node>
<StgValue><ssdm name="call_ln121"/></StgValue>
</operation>

<operation id="17" st_id="2" stage="1" lat="1">
<core>NULL</core>
<MemPortIdVec></MemPortIdVec>
<condition id="-1">
<or_exp><and_exp></and_exp></or_exp>
</condition>

<Node id="19" bw="0">
<![CDATA[
entry:13 %ret_ln0 = ret

]]></Node>
<StgValue><ssdm name="ret_ln0"/></StgValue>
</operation>
</state>
</state_list>


<ports>
<port id="19" name="imgInput1_434" dir="0" iftype="3">
<core>FIFO_SRL</core><StgValue><ssdm name="imgInput1_434"/></StgValue>
</port>
<port id="20" name="imgInput2_435" dir="0" iftype="3">
<core>FIFO_SRL</core><StgValue><ssdm name="imgInput2_435"/></StgValue>
</port>
<port id="21" name="imgOutput_436" dir="1" iftype="3">
<core>FIFO_SRL</core><StgValue><ssdm name="imgOutput_436"/></StgValue>
</port>
<port id="22" name="src1_rows" dir="0" iftype="3">
<core>FIFO_SRL</core><StgValue><ssdm name="src1_rows"/></StgValue>
</port>
<port id="23" name="src1_cols" dir="0" iftype="3">
<core>FIFO_SRL</core><StgValue><ssdm name="src1_cols"/></StgValue>
</port>
</ports>


<dataflows>
<dataflow id="25" from="_ssdm_op_Read.ap_fifo.i32P0A" to="src1_cols_read" fromId="24" toId="3">
</dataflow>
<dataflow id="26" from="src1_cols" to="src1_cols_read" fromId="23" toId="3">
</dataflow>
<dataflow id="27" from="src1_cols_read" to="width" fromId="3" toId="4">
</dataflow>
<dataflow id="28" from="_ssdm_op_Read.ap_fifo.i32P0A" to="src1_rows_read" fromId="24" toId="5">
</dataflow>
<dataflow id="29" from="src1_rows" to="src1_rows_read" fromId="22" toId="5">
</dataflow>
<dataflow id="30" from="src1_rows_read" to="trunc_ln123" fromId="5" toId="6">
</dataflow>
<dataflow id="32" from="AddWeightedKernel<9, 9, 2160, 3840, 1, 3, 15, 15, 9, 9, 3840>" to="call_ln121" fromId="31" toId="7">
</dataflow>
<dataflow id="33" from="imgInput1_434" to="call_ln121" fromId="19" toId="7">
</dataflow>
<dataflow id="34" from="imgInput2_435" to="call_ln121" fromId="20" toId="7">
</dataflow>
<dataflow id="35" from="imgOutput_436" to="call_ln121" fromId="21" toId="7">
</dataflow>
<dataflow id="36" from="trunc_ln123" to="call_ln121" fromId="6" toId="7">
</dataflow>
<dataflow id="37" from="width" to="call_ln121" fromId="4" toId="7">
</dataflow>
<dataflow id="39" from="_ssdm_op_SpecInterface" to="specinterface_ln0" fromId="38" toId="8">
</dataflow>
<dataflow id="40" from="imgInput1_434" to="specinterface_ln0" fromId="19" toId="8">
</dataflow>
<dataflow id="42" from="empty_2" to="specinterface_ln0" fromId="41" toId="8">
</dataflow>
<dataflow id="44" from="StgValue_43" to="specinterface_ln0" fromId="43" toId="8">
</dataflow>
<dataflow id="45" from="StgValue_43" to="specinterface_ln0" fromId="43" toId="8">
</dataflow>
<dataflow id="47" from="empty_18" to="specinterface_ln0" fromId="46" toId="8">
</dataflow>
<dataflow id="48" from="StgValue_43" to="specinterface_ln0" fromId="43" toId="8">
</dataflow>
<dataflow id="49" from="StgValue_43" to="specinterface_ln0" fromId="43" toId="8">
</dataflow>
<dataflow id="50" from="empty_18" to="specinterface_ln0" fromId="46" toId="8">
</dataflow>
<dataflow id="51" from="empty_18" to="specinterface_ln0" fromId="46" toId="8">
</dataflow>
<dataflow id="52" from="empty_18" to="specinterface_ln0" fromId="46" toId="8">
</dataflow>
<dataflow id="53" from="StgValue_43" to="specinterface_ln0" fromId="43" toId="8">
</dataflow>
<dataflow id="54" from="StgValue_43" to="specinterface_ln0" fromId="43" toId="8">
</dataflow>
<dataflow id="55" from="StgValue_43" to="specinterface_ln0" fromId="43" toId="8">
</dataflow>
<dataflow id="56" from="StgValue_43" to="specinterface_ln0" fromId="43" toId="8">
</dataflow>
<dataflow id="57" from="empty_18" to="specinterface_ln0" fromId="46" toId="8">
</dataflow>
<dataflow id="58" from="empty_18" to="specinterface_ln0" fromId="46" toId="8">
</dataflow>
<dataflow id="59" from="_ssdm_op_SpecInterface" to="specinterface_ln0" fromId="38" toId="9">
</dataflow>
<dataflow id="60" from="imgInput2_435" to="specinterface_ln0" fromId="20" toId="9">
</dataflow>
<dataflow id="61" from="empty_2" to="specinterface_ln0" fromId="41" toId="9">
</dataflow>
<dataflow id="62" from="StgValue_43" to="specinterface_ln0" fromId="43" toId="9">
</dataflow>
<dataflow id="63" from="StgValue_43" to="specinterface_ln0" fromId="43" toId="9">
</dataflow>
<dataflow id="64" from="empty_18" to="specinterface_ln0" fromId="46" toId="9">
</dataflow>
<dataflow id="65" from="StgValue_43" to="specinterface_ln0" fromId="43" toId="9">
</dataflow>
<dataflow id="66" from="StgValue_43" to="specinterface_ln0" fromId="43" toId="9">
</dataflow>
<dataflow id="67" from="empty_18" to="specinterface_ln0" fromId="46" toId="9">
</dataflow>
<dataflow id="68" from="empty_18" to="specinterface_ln0" fromId="46" toId="9">
</dataflow>
<dataflow id="69" from="empty_18" to="specinterface_ln0" fromId="46" toId="9">
</dataflow>
<dataflow id="70" from="StgValue_43" to="specinterface_ln0" fromId="43" toId="9">
</dataflow>
<dataflow id="71" from="StgValue_43" to="specinterface_ln0" fromId="43" toId="9">
</dataflow>
<dataflow id="72" from="StgValue_43" to="specinterface_ln0" fromId="43" toId="9">
</dataflow>
<dataflow id="73" from="StgValue_43" to="specinterface_ln0" fromId="43" toId="9">
</dataflow>
<dataflow id="74" from="empty_18" to="specinterface_ln0" fromId="46" toId="9">
</dataflow>
<dataflow id="75" from="empty_18" to="specinterface_ln0" fromId="46" toId="9">
</dataflow>
<dataflow id="76" from="_ssdm_op_SpecInterface" to="specinterface_ln0" fromId="38" toId="10">
</dataflow>
<dataflow id="77" from="imgOutput_436" to="specinterface_ln0" fromId="21" toId="10">
</dataflow>
<dataflow id="78" from="empty_2" to="specinterface_ln0" fromId="41" toId="10">
</dataflow>
<dataflow id="79" from="StgValue_43" to="specinterface_ln0" fromId="43" toId="10">
</dataflow>
<dataflow id="80" from="StgValue_43" to="specinterface_ln0" fromId="43" toId="10">
</dataflow>
<dataflow id="81" from="empty_18" to="specinterface_ln0" fromId="46" toId="10">
</dataflow>
<dataflow id="82" from="StgValue_43" to="specinterface_ln0" fromId="43" toId="10">
</dataflow>
<dataflow id="83" from="StgValue_43" to="specinterface_ln0" fromId="43" toId="10">
</dataflow>
<dataflow id="84" from="empty_18" to="specinterface_ln0" fromId="46" toId="10">
</dataflow>
<dataflow id="85" from="empty_18" to="specinterface_ln0" fromId="46" toId="10">
</dataflow>
<dataflow id="86" from="empty_18" to="specinterface_ln0" fromId="46" toId="10">
</dataflow>
<dataflow id="87" from="StgValue_43" to="specinterface_ln0" fromId="43" toId="10">
</dataflow>
<dataflow id="88" from="StgValue_43" to="specinterface_ln0" fromId="43" toId="10">
</dataflow>
<dataflow id="89" from="StgValue_43" to="specinterface_ln0" fromId="43" toId="10">
</dataflow>
<dataflow id="90" from="StgValue_43" to="specinterface_ln0" fromId="43" toId="10">
</dataflow>
<dataflow id="91" from="empty_18" to="specinterface_ln0" fromId="46" toId="10">
</dataflow>
<dataflow id="92" from="empty_18" to="specinterface_ln0" fromId="46" toId="10">
</dataflow>
<dataflow id="93" from="_ssdm_op_SpecInterface" to="specinterface_ln0" fromId="38" toId="11">
</dataflow>
<dataflow id="94" from="src1_rows" to="specinterface_ln0" fromId="22" toId="11">
</dataflow>
<dataflow id="96" from="ap_fifo_str" to="specinterface_ln0" fromId="95" toId="11">
</dataflow>
<dataflow id="97" from="StgValue_43" to="specinterface_ln0" fromId="43" toId="11">
</dataflow>
<dataflow id="98" from="StgValue_43" to="specinterface_ln0" fromId="43" toId="11">
</dataflow>
<dataflow id="100" from="p_str" to="specinterface_ln0" fromId="99" toId="11">
</dataflow>
<dataflow id="101" from="StgValue_43" to="specinterface_ln0" fromId="43" toId="11">
</dataflow>
<dataflow id="102" from="StgValue_43" to="specinterface_ln0" fromId="43" toId="11">
</dataflow>
<dataflow id="103" from="p_str" to="specinterface_ln0" fromId="99" toId="11">
</dataflow>
<dataflow id="104" from="p_str" to="specinterface_ln0" fromId="99" toId="11">
</dataflow>
<dataflow id="105" from="p_str" to="specinterface_ln0" fromId="99" toId="11">
</dataflow>
<dataflow id="107" from="StgValue_106" to="specinterface_ln0" fromId="106" toId="11">
</dataflow>
<dataflow id="108" from="StgValue_106" to="specinterface_ln0" fromId="106" toId="11">
</dataflow>
<dataflow id="110" from="StgValue_109" to="specinterface_ln0" fromId="109" toId="11">
</dataflow>
<dataflow id="111" from="StgValue_109" to="specinterface_ln0" fromId="109" toId="11">
</dataflow>
<dataflow id="112" from="p_str" to="specinterface_ln0" fromId="99" toId="11">
</dataflow>
<dataflow id="114" from="ScalarProp_str" to="specinterface_ln0" fromId="113" toId="11">
</dataflow>
<dataflow id="115" from="_ssdm_op_SpecInterface" to="specinterface_ln0" fromId="38" toId="12">
</dataflow>
<dataflow id="116" from="src1_cols" to="specinterface_ln0" fromId="23" toId="12">
</dataflow>
<dataflow id="117" from="ap_fifo_str" to="specinterface_ln0" fromId="95" toId="12">
</dataflow>
<dataflow id="118" from="StgValue_43" to="specinterface_ln0" fromId="43" toId="12">
</dataflow>
<dataflow id="119" from="StgValue_43" to="specinterface_ln0" fromId="43" toId="12">
</dataflow>
<dataflow id="120" from="p_str" to="specinterface_ln0" fromId="99" toId="12">
</dataflow>
<dataflow id="121" from="StgValue_43" to="specinterface_ln0" fromId="43" toId="12">
</dataflow>
<dataflow id="122" from="StgValue_43" to="specinterface_ln0" fromId="43" toId="12">
</dataflow>
<dataflow id="123" from="p_str" to="specinterface_ln0" fromId="99" toId="12">
</dataflow>
<dataflow id="124" from="p_str" to="specinterface_ln0" fromId="99" toId="12">
</dataflow>
<dataflow id="125" from="p_str" to="specinterface_ln0" fromId="99" toId="12">
</dataflow>
<dataflow id="126" from="StgValue_106" to="specinterface_ln0" fromId="106" toId="12">
</dataflow>
<dataflow id="127" from="StgValue_106" to="specinterface_ln0" fromId="106" toId="12">
</dataflow>
<dataflow id="128" from="StgValue_109" to="specinterface_ln0" fromId="109" toId="12">
</dataflow>
<dataflow id="129" from="StgValue_109" to="specinterface_ln0" fromId="109" toId="12">
</dataflow>
<dataflow id="130" from="p_str" to="specinterface_ln0" fromId="99" toId="12">
</dataflow>
<dataflow id="131" from="ScalarProp_str" to="specinterface_ln0" fromId="113" toId="12">
</dataflow>
<dataflow id="132" from="_ssdm_op_SpecInterface" to="specinterface_ln0" fromId="38" toId="13">
</dataflow>
<dataflow id="133" from="imgOutput_436" to="specinterface_ln0" fromId="21" toId="13">
</dataflow>
<dataflow id="134" from="empty_2" to="specinterface_ln0" fromId="41" toId="13">
</dataflow>
<dataflow id="135" from="StgValue_43" to="specinterface_ln0" fromId="43" toId="13">
</dataflow>
<dataflow id="136" from="StgValue_43" to="specinterface_ln0" fromId="43" toId="13">
</dataflow>
<dataflow id="137" from="empty_18" to="specinterface_ln0" fromId="46" toId="13">
</dataflow>
<dataflow id="138" from="StgValue_43" to="specinterface_ln0" fromId="43" toId="13">
</dataflow>
<dataflow id="139" from="StgValue_43" to="specinterface_ln0" fromId="43" toId="13">
</dataflow>
<dataflow id="140" from="empty_18" to="specinterface_ln0" fromId="46" toId="13">
</dataflow>
<dataflow id="141" from="empty_18" to="specinterface_ln0" fromId="46" toId="13">
</dataflow>
<dataflow id="142" from="empty_18" to="specinterface_ln0" fromId="46" toId="13">
</dataflow>
<dataflow id="143" from="StgValue_43" to="specinterface_ln0" fromId="43" toId="13">
</dataflow>
<dataflow id="144" from="StgValue_43" to="specinterface_ln0" fromId="43" toId="13">
</dataflow>
<dataflow id="145" from="StgValue_43" to="specinterface_ln0" fromId="43" toId="13">
</dataflow>
<dataflow id="146" from="StgValue_43" to="specinterface_ln0" fromId="43" toId="13">
</dataflow>
<dataflow id="147" from="empty_18" to="specinterface_ln0" fromId="46" toId="13">
</dataflow>
<dataflow id="148" from="empty_18" to="specinterface_ln0" fromId="46" toId="13">
</dataflow>
<dataflow id="149" from="_ssdm_op_SpecInterface" to="specinterface_ln0" fromId="38" toId="14">
</dataflow>
<dataflow id="150" from="imgInput2_435" to="specinterface_ln0" fromId="20" toId="14">
</dataflow>
<dataflow id="151" from="empty_2" to="specinterface_ln0" fromId="41" toId="14">
</dataflow>
<dataflow id="152" from="StgValue_43" to="specinterface_ln0" fromId="43" toId="14">
</dataflow>
<dataflow id="153" from="StgValue_43" to="specinterface_ln0" fromId="43" toId="14">
</dataflow>
<dataflow id="154" from="empty_18" to="specinterface_ln0" fromId="46" toId="14">
</dataflow>
<dataflow id="155" from="StgValue_43" to="specinterface_ln0" fromId="43" toId="14">
</dataflow>
<dataflow id="156" from="StgValue_43" to="specinterface_ln0" fromId="43" toId="14">
</dataflow>
<dataflow id="157" from="empty_18" to="specinterface_ln0" fromId="46" toId="14">
</dataflow>
<dataflow id="158" from="empty_18" to="specinterface_ln0" fromId="46" toId="14">
</dataflow>
<dataflow id="159" from="empty_18" to="specinterface_ln0" fromId="46" toId="14">
</dataflow>
<dataflow id="160" from="StgValue_43" to="specinterface_ln0" fromId="43" toId="14">
</dataflow>
<dataflow id="161" from="StgValue_43" to="specinterface_ln0" fromId="43" toId="14">
</dataflow>
<dataflow id="162" from="StgValue_43" to="specinterface_ln0" fromId="43" toId="14">
</dataflow>
<dataflow id="163" from="StgValue_43" to="specinterface_ln0" fromId="43" toId="14">
</dataflow>
<dataflow id="164" from="empty_18" to="specinterface_ln0" fromId="46" toId="14">
</dataflow>
<dataflow id="165" from="empty_18" to="specinterface_ln0" fromId="46" toId="14">
</dataflow>
<dataflow id="166" from="_ssdm_op_SpecInterface" to="specinterface_ln0" fromId="38" toId="15">
</dataflow>
<dataflow id="167" from="imgInput1_434" to="specinterface_ln0" fromId="19" toId="15">
</dataflow>
<dataflow id="168" from="empty_2" to="specinterface_ln0" fromId="41" toId="15">
</dataflow>
<dataflow id="169" from="StgValue_43" to="specinterface_ln0" fromId="43" toId="15">
</dataflow>
<dataflow id="170" from="StgValue_43" to="specinterface_ln0" fromId="43" toId="15">
</dataflow>
<dataflow id="171" from="empty_18" to="specinterface_ln0" fromId="46" toId="15">
</dataflow>
<dataflow id="172" from="StgValue_43" to="specinterface_ln0" fromId="43" toId="15">
</dataflow>
<dataflow id="173" from="StgValue_43" to="specinterface_ln0" fromId="43" toId="15">
</dataflow>
<dataflow id="174" from="empty_18" to="specinterface_ln0" fromId="46" toId="15">
</dataflow>
<dataflow id="175" from="empty_18" to="specinterface_ln0" fromId="46" toId="15">
</dataflow>
<dataflow id="176" from="empty_18" to="specinterface_ln0" fromId="46" toId="15">
</dataflow>
<dataflow id="177" from="StgValue_43" to="specinterface_ln0" fromId="43" toId="15">
</dataflow>
<dataflow id="178" from="StgValue_43" to="specinterface_ln0" fromId="43" toId="15">
</dataflow>
<dataflow id="179" from="StgValue_43" to="specinterface_ln0" fromId="43" toId="15">
</dataflow>
<dataflow id="180" from="StgValue_43" to="specinterface_ln0" fromId="43" toId="15">
</dataflow>
<dataflow id="181" from="empty_18" to="specinterface_ln0" fromId="46" toId="15">
</dataflow>
<dataflow id="182" from="empty_18" to="specinterface_ln0" fromId="46" toId="15">
</dataflow>
<dataflow id="183" from="AddWeightedKernel<9, 9, 2160, 3840, 1, 3, 15, 15, 9, 9, 3840>" to="call_ln121" fromId="31" toId="16">
</dataflow>
<dataflow id="184" from="imgInput1_434" to="call_ln121" fromId="19" toId="16">
</dataflow>
<dataflow id="185" from="imgInput2_435" to="call_ln121" fromId="20" toId="16">
</dataflow>
<dataflow id="186" from="imgOutput_436" to="call_ln121" fromId="21" toId="16">
</dataflow>
<dataflow id="187" from="trunc_ln123" to="call_ln121" fromId="6" toId="16">
</dataflow>
<dataflow id="188" from="width" to="call_ln121" fromId="4" toId="16">
</dataflow>
</dataflows>


</stg>
