<stg><name>AddWeightedKernel<9, 9, 2160, 3840, 1, 3, 15, 15, 9, 9, 3840></name>


<trans_list>

<trans id="50" from="1" to="2">
<condition id="-1">
<or_exp><and_exp></and_exp></or_exp>
</condition>
</trans>

<trans id="51" from="2" to="3">
<condition id="-1">
<or_exp><and_exp><literal name="icmp_ln878" val="1"/>
</and_exp></or_exp>
</condition>
</trans>

<trans id="60" from="3" to="6">
<condition id="-1">
<or_exp><and_exp><literal name="icmp_ln68" val="1"/>
</and_exp></or_exp>
</condition>
</trans>

<trans id="61" from="3" to="4">
<condition id="-1">
<or_exp><and_exp><literal name="icmp_ln68" val="0"/>
</and_exp></or_exp>
</condition>
</trans>

<trans id="58" from="4" to="5">
<condition id="-1">
<or_exp><and_exp></and_exp></or_exp>
</condition>
</trans>

<trans id="59" from="5" to="3">
<condition id="-1">
<or_exp><and_exp></and_exp></or_exp>
</condition>
</trans>

<trans id="56" from="6" to="2">
<condition id="-1">
<or_exp><and_exp></and_exp></or_exp>
</condition>
</trans>
</trans_list>



<state_list>

<state id="1" st_id="1">

<operation id="7" st_id="1" stage="1" lat="1">
<core>NULL</core>
<MemPortIdVec></MemPortIdVec>
<condition id="-1">
<or_exp><and_exp></and_exp></or_exp>
</condition>

<Node id="6" bw="0" op_0_bw="0" op_1_bw="24" op_2_bw="0" op_3_bw="32" op_4_bw="32" op_5_bw="0" op_6_bw="32" op_7_bw="32" op_8_bw="0" op_9_bw="0" op_10_bw="0" op_11_bw="32" op_12_bw="32" op_13_bw="32" op_14_bw="32" op_15_bw="0" op_16_bw="0">
<![CDATA[
.lr.ph15:0 %specinterface_ln0 = specinterface void @_ssdm_op_SpecInterface, i24 %imgInput1_434, void @empty_2, i32 0, i32 0, void @empty_18, i32 0, i32 0, void @empty_18, void @empty_18, void @empty_18, i32 0, i32 0, i32 0, i32 0, void @empty_18, void @empty_18

]]></Node>
<StgValue><ssdm name="specinterface_ln0"/></StgValue>
</operation>

<operation id="8" st_id="1" stage="1" lat="1">
<core>NULL</core>
<MemPortIdVec></MemPortIdVec>
<condition id="-1">
<or_exp><and_exp></and_exp></or_exp>
</condition>

<Node id="7" bw="0" op_0_bw="0" op_1_bw="24" op_2_bw="0" op_3_bw="32" op_4_bw="32" op_5_bw="0" op_6_bw="32" op_7_bw="32" op_8_bw="0" op_9_bw="0" op_10_bw="0" op_11_bw="32" op_12_bw="32" op_13_bw="32" op_14_bw="32" op_15_bw="0" op_16_bw="0">
<![CDATA[
.lr.ph15:1 %specinterface_ln0 = specinterface void @_ssdm_op_SpecInterface, i24 %imgInput2_435, void @empty_2, i32 0, i32 0, void @empty_18, i32 0, i32 0, void @empty_18, void @empty_18, void @empty_18, i32 0, i32 0, i32 0, i32 0, void @empty_18, void @empty_18

]]></Node>
<StgValue><ssdm name="specinterface_ln0"/></StgValue>
</operation>

<operation id="9" st_id="1" stage="1" lat="1">
<core>NULL</core>
<MemPortIdVec></MemPortIdVec>
<condition id="-1">
<or_exp><and_exp></and_exp></or_exp>
</condition>

<Node id="8" bw="0" op_0_bw="0" op_1_bw="24" op_2_bw="0" op_3_bw="32" op_4_bw="32" op_5_bw="0" op_6_bw="32" op_7_bw="32" op_8_bw="0" op_9_bw="0" op_10_bw="0" op_11_bw="32" op_12_bw="32" op_13_bw="32" op_14_bw="32" op_15_bw="0" op_16_bw="0">
<![CDATA[
.lr.ph15:2 %specinterface_ln0 = specinterface void @_ssdm_op_SpecInterface, i24 %imgOutput_436, void @empty_2, i32 0, i32 0, void @empty_18, i32 0, i32 0, void @empty_18, void @empty_18, void @empty_18, i32 0, i32 0, i32 0, i32 0, void @empty_18, void @empty_18

]]></Node>
<StgValue><ssdm name="specinterface_ln0"/></StgValue>
</operation>

<operation id="10" st_id="1" stage="1" lat="1">
<core>NULL</core>
<MemPortIdVec></MemPortIdVec>
<condition id="-1">
<or_exp><and_exp></and_exp></or_exp>
</condition>

<Node id="9" bw="16" op_0_bw="16" op_1_bw="16">
<![CDATA[
.lr.ph15:3 %width_read = read i16 @_ssdm_op_Read.ap_auto.i16, i16 %width

]]></Node>
<StgValue><ssdm name="width_read"/></StgValue>
</operation>

<operation id="11" st_id="1" stage="1" lat="1">
<core>NULL</core>
<MemPortIdVec></MemPortIdVec>
<condition id="-1">
<or_exp><and_exp></and_exp></or_exp>
</condition>

<Node id="10" bw="16" op_0_bw="16" op_1_bw="16">
<![CDATA[
.lr.ph15:4 %height_read = read i16 @_ssdm_op_Read.ap_auto.i16, i16 %height

]]></Node>
<StgValue><ssdm name="height_read"/></StgValue>
</operation>

<operation id="12" st_id="1" stage="1" lat="1">
<core>NULL</core>
<MemPortIdVec></MemPortIdVec>
<condition id="-1">
<or_exp><and_exp></and_exp></or_exp>
</condition>

<Node id="11" bw="0" op_0_bw="0">
<![CDATA[
.lr.ph15:5 %br_ln62 = br void

]]></Node>
<StgValue><ssdm name="br_ln62"/></StgValue>
</operation>
</state>

<state id="2" st_id="2">

<operation id="13" st_id="2" stage="1" lat="1">
<core>NULL</core>
<MemPortIdVec></MemPortIdVec>
<condition id="-1">
<or_exp><and_exp></and_exp></or_exp>
</condition>

<Node id="13" bw="13" op_0_bw="13" op_1_bw="0" op_2_bw="13" op_3_bw="0">
<![CDATA[
:0 %i_V = phi i13 0, void %.lr.ph15, i13 %i_V_3, void %._crit_edge.loopexit

]]></Node>
<StgValue><ssdm name="i_V"/></StgValue>
</operation>

<operation id="14" st_id="2" stage="1" lat="1">
<core>Adder</core>
<MemPortIdVec></MemPortIdVec>
<condition id="-1">
<or_exp><and_exp></and_exp></or_exp>
</condition>

<Node id="14" bw="13" op_0_bw="13" op_1_bw="13">
<![CDATA[
:1 %i_V_3 = add i13 %i_V, i13 1

]]></Node>
<StgValue><ssdm name="i_V_3"/></StgValue>
</operation>

<operation id="15" st_id="2" stage="1" lat="1">
<core>NULL</core>
<MemPortIdVec></MemPortIdVec>
<condition id="-1">
<or_exp><and_exp></and_exp></or_exp>
</condition>

<Node id="15" bw="16" op_0_bw="13">
<![CDATA[
:2 %zext_ln878 = zext i13 %i_V

]]></Node>
<StgValue><ssdm name="zext_ln878"/></StgValue>
</operation>

<operation id="16" st_id="2" stage="1" lat="1">
<core>Cmp</core>
<MemPortIdVec></MemPortIdVec>
<condition id="-1">
<or_exp><and_exp></and_exp></or_exp>
</condition>

<Node id="16" bw="1" op_0_bw="16" op_1_bw="16">
<![CDATA[
:3 %icmp_ln878 = icmp_ult  i16 %zext_ln878, i16 %height_read

]]></Node>
<StgValue><ssdm name="icmp_ln878"/></StgValue>
</operation>

<operation id="17" st_id="2" stage="1" lat="1">
<core>NULL</core>
<MemPortIdVec></MemPortIdVec>
<condition id="-1">
<or_exp><and_exp></and_exp></or_exp>
</condition>

<Node id="17" bw="0" op_0_bw="1" op_1_bw="0" op_2_bw="0">
<![CDATA[
:4 %br_ln62 = br i1 %icmp_ln878, void %._crit_edge16.loopexit, void %.split11

]]></Node>
<StgValue><ssdm name="br_ln62"/></StgValue>
</operation>

<operation id="18" st_id="2" stage="1" lat="1">
<core>NULL</core>
<MemPortIdVec></MemPortIdVec>
<condition id="-1">
<or_exp><and_exp><literal name="icmp_ln878" val="1"/>
</and_exp></or_exp>
</condition>

<Node id="19" bw="0" op_0_bw="0" op_1_bw="64" op_2_bw="64" op_3_bw="64">
<![CDATA[
.split11:0 %speclooptripcount_ln59 = speclooptripcount void @_ssdm_op_SpecLoopTripCount, i64 2160, i64 2160, i64 2160

]]></Node>
<StgValue><ssdm name="speclooptripcount_ln59"/></StgValue>
</operation>

<operation id="19" st_id="2" stage="1" lat="1">
<core>NULL</core>
<MemPortIdVec></MemPortIdVec>
<condition id="-1">
<or_exp><and_exp><literal name="icmp_ln878" val="1"/>
</and_exp></or_exp>
</condition>

<Node id="20" bw="0" op_0_bw="0" op_1_bw="0">
<![CDATA[
.split11:1 %specloopname_ln59 = specloopname void @_ssdm_op_SpecLoopName, void @empty_3

]]></Node>
<StgValue><ssdm name="specloopname_ln59"/></StgValue>
</operation>

<operation id="20" st_id="2" stage="1" lat="1">
<core>NULL</core>
<MemPortIdVec></MemPortIdVec>
<condition id="-1">
<or_exp><and_exp><literal name="icmp_ln878" val="1"/>
</and_exp></or_exp>
</condition>

<Node id="21" bw="0" op_0_bw="0">
<![CDATA[
.split11:2 %br_ln68 = br void

]]></Node>
<StgValue><ssdm name="br_ln68"/></StgValue>
</operation>

<operation id="21" st_id="2" stage="1" lat="1">
<core>NULL</core>
<MemPortIdVec></MemPortIdVec>
<condition id="-1">
<or_exp><and_exp><literal name="icmp_ln878" val="0"/>
</and_exp></or_exp>
</condition>

<Node id="54" bw="0">
<![CDATA[
._crit_edge16.loopexit:0 %ret_ln0 = ret

]]></Node>
<StgValue><ssdm name="ret_ln0"/></StgValue>
</operation>
</state>

<state id="3" st_id="3">

<operation id="22" st_id="3" stage="1" lat="1">
<core>NULL</core>
<MemPortIdVec></MemPortIdVec>
<condition id="-1">
<or_exp><and_exp></and_exp></or_exp>
</condition>

<Node id="23" bw="16" op_0_bw="16" op_1_bw="0" op_2_bw="16" op_3_bw="0">
<![CDATA[
:0 %j_V = phi i16 0, void %.split11, i16 %add_ln878, void %.split

]]></Node>
<StgValue><ssdm name="j_V"/></StgValue>
</operation>

<operation id="23" st_id="3" stage="1" lat="1">
<core>Adder</core>
<MemPortIdVec></MemPortIdVec>
<condition id="-1">
<or_exp><and_exp></and_exp></or_exp>
</condition>

<Node id="24" bw="16" op_0_bw="16" op_1_bw="16">
<![CDATA[
:1 %add_ln878 = add i16 %j_V, i16 1

]]></Node>
<StgValue><ssdm name="add_ln878"/></StgValue>
</operation>

<operation id="24" st_id="3" stage="1" lat="1">
<core>Cmp</core>
<MemPortIdVec></MemPortIdVec>
<condition id="-1">
<or_exp><and_exp></and_exp></or_exp>
</condition>

<Node id="25" bw="1" op_0_bw="16" op_1_bw="16">
<![CDATA[
:2 %icmp_ln68 = icmp_eq  i16 %j_V, i16 %width_read

]]></Node>
<StgValue><ssdm name="icmp_ln68"/></StgValue>
</operation>

<operation id="25" st_id="3" stage="1" lat="1">
<core>NULL</core>
<MemPortIdVec></MemPortIdVec>
<condition id="-1">
<or_exp><and_exp></and_exp></or_exp>
</condition>

<Node id="26" bw="0" op_0_bw="1" op_1_bw="0" op_2_bw="0">
<![CDATA[
:3 %br_ln68 = br i1 %icmp_ln68, void %.split, void %._crit_edge.loopexit

]]></Node>
<StgValue><ssdm name="br_ln68"/></StgValue>
</operation>
</state>

<state id="4" st_id="4">

<operation id="26" st_id="4" stage="1" lat="1">
<core>FIFO_SRL</core>
<MemPortIdVec></MemPortIdVec>
<condition id="-1">
<or_exp><and_exp><literal name="icmp_ln68" val="0"/>
</and_exp></or_exp>
</condition>

<Node id="31" bw="24" op_0_bw="24" op_1_bw="24">
<![CDATA[
.split:3 %tmp_V = read i24 @_ssdm_op_Read.ap_fifo.volatile.i24P0A, i24 %imgInput1_434

]]></Node>
<StgValue><ssdm name="tmp_V"/></StgValue>
</operation>

<operation id="27" st_id="4" stage="1" lat="1">
<core>FIFO_SRL</core>
<MemPortIdVec></MemPortIdVec>
<condition id="-1">
<or_exp><and_exp><literal name="icmp_ln68" val="0"/>
</and_exp></or_exp>
</condition>

<Node id="32" bw="24" op_0_bw="24" op_1_bw="24">
<![CDATA[
.split:4 %tmp_V_1 = read i24 @_ssdm_op_Read.ap_fifo.volatile.i24P0A, i24 %imgInput2_435

]]></Node>
<StgValue><ssdm name="tmp_V_1"/></StgValue>
</operation>

<operation id="28" st_id="4" stage="1" lat="1">
<core>NULL</core>
<MemPortIdVec></MemPortIdVec>
<condition id="-1">
<or_exp><and_exp><literal name="icmp_ln68" val="0"/>
</and_exp></or_exp>
</condition>

<Node id="33" bw="7" op_0_bw="7" op_1_bw="24" op_2_bw="32" op_3_bw="32">
<![CDATA[
.split:5 %tmp = partselect i7 @_ssdm_op_PartSelect.i7.i24.i32.i32, i24 %tmp_V, i32 1, i32 7

]]></Node>
<StgValue><ssdm name="tmp"/></StgValue>
</operation>

<operation id="29" st_id="4" stage="1" lat="1">
<core>NULL</core>
<MemPortIdVec></MemPortIdVec>
<condition id="-1">
<or_exp><and_exp><literal name="icmp_ln68" val="0"/>
</and_exp></or_exp>
</condition>

<Node id="34" bw="7" op_0_bw="7" op_1_bw="24" op_2_bw="32" op_3_bw="32">
<![CDATA[
.split:6 %tmp_3 = partselect i7 @_ssdm_op_PartSelect.i7.i24.i32.i32, i24 %tmp_V_1, i32 1, i32 7

]]></Node>
<StgValue><ssdm name="tmp_3"/></StgValue>
</operation>

<operation id="30" st_id="4" stage="1" lat="1">
<core>NULL</core>
<MemPortIdVec></MemPortIdVec>
<condition id="-1">
<or_exp><and_exp><literal name="icmp_ln68" val="0"/>
</and_exp></or_exp>
</condition>

<Node id="35" bw="8" op_0_bw="7">
<![CDATA[
.split:7 %zext_ln1346 = zext i7 %tmp

]]></Node>
<StgValue><ssdm name="zext_ln1346"/></StgValue>
</operation>

<operation id="31" st_id="4" stage="1" lat="1">
<core>NULL</core>
<MemPortIdVec></MemPortIdVec>
<condition id="-1">
<or_exp><and_exp><literal name="icmp_ln68" val="0"/>
</and_exp></or_exp>
</condition>

<Node id="36" bw="8" op_0_bw="7">
<![CDATA[
.split:8 %zext_ln1346_1 = zext i7 %tmp_3

]]></Node>
<StgValue><ssdm name="zext_ln1346_1"/></StgValue>
</operation>

<operation id="32" st_id="4" stage="1" lat="1">
<core>Adder</core>
<MemPortIdVec></MemPortIdVec>
<condition id="-1">
<or_exp><and_exp><literal name="icmp_ln68" val="0"/>
</and_exp></or_exp>
</condition>

<Node id="37" bw="8" op_0_bw="8" op_1_bw="8">
<![CDATA[
.split:9 %add_ln92 = add i8 %zext_ln1346_1, i8 %zext_ln1346

]]></Node>
<StgValue><ssdm name="add_ln92"/></StgValue>
</operation>

<operation id="33" st_id="4" stage="1" lat="1">
<core>NULL</core>
<MemPortIdVec></MemPortIdVec>
<condition id="-1">
<or_exp><and_exp><literal name="icmp_ln68" val="0"/>
</and_exp></or_exp>
</condition>

<Node id="38" bw="7" op_0_bw="7" op_1_bw="24" op_2_bw="32" op_3_bw="32">
<![CDATA[
.split:10 %tmp_4 = partselect i7 @_ssdm_op_PartSelect.i7.i24.i32.i32, i24 %tmp_V, i32 9, i32 15

]]></Node>
<StgValue><ssdm name="tmp_4"/></StgValue>
</operation>

<operation id="34" st_id="4" stage="1" lat="1">
<core>NULL</core>
<MemPortIdVec></MemPortIdVec>
<condition id="-1">
<or_exp><and_exp><literal name="icmp_ln68" val="0"/>
</and_exp></or_exp>
</condition>

<Node id="39" bw="7" op_0_bw="7" op_1_bw="24" op_2_bw="32" op_3_bw="32">
<![CDATA[
.split:11 %tmp_5 = partselect i7 @_ssdm_op_PartSelect.i7.i24.i32.i32, i24 %tmp_V_1, i32 9, i32 15

]]></Node>
<StgValue><ssdm name="tmp_5"/></StgValue>
</operation>

<operation id="35" st_id="4" stage="1" lat="1">
<core>NULL</core>
<MemPortIdVec></MemPortIdVec>
<condition id="-1">
<or_exp><and_exp><literal name="icmp_ln68" val="0"/>
</and_exp></or_exp>
</condition>

<Node id="40" bw="8" op_0_bw="7">
<![CDATA[
.split:12 %zext_ln1346_2 = zext i7 %tmp_4

]]></Node>
<StgValue><ssdm name="zext_ln1346_2"/></StgValue>
</operation>

<operation id="36" st_id="4" stage="1" lat="1">
<core>NULL</core>
<MemPortIdVec></MemPortIdVec>
<condition id="-1">
<or_exp><and_exp><literal name="icmp_ln68" val="0"/>
</and_exp></or_exp>
</condition>

<Node id="41" bw="8" op_0_bw="7">
<![CDATA[
.split:13 %zext_ln1346_3 = zext i7 %tmp_5

]]></Node>
<StgValue><ssdm name="zext_ln1346_3"/></StgValue>
</operation>

<operation id="37" st_id="4" stage="1" lat="1">
<core>Adder</core>
<MemPortIdVec></MemPortIdVec>
<condition id="-1">
<or_exp><and_exp><literal name="icmp_ln68" val="0"/>
</and_exp></or_exp>
</condition>

<Node id="42" bw="8" op_0_bw="8" op_1_bw="8">
<![CDATA[
.split:14 %add_ln92_1 = add i8 %zext_ln1346_3, i8 %zext_ln1346_2

]]></Node>
<StgValue><ssdm name="add_ln92_1"/></StgValue>
</operation>

<operation id="38" st_id="4" stage="1" lat="1">
<core>NULL</core>
<MemPortIdVec></MemPortIdVec>
<condition id="-1">
<or_exp><and_exp><literal name="icmp_ln68" val="0"/>
</and_exp></or_exp>
</condition>

<Node id="43" bw="7" op_0_bw="7" op_1_bw="24" op_2_bw="32" op_3_bw="32">
<![CDATA[
.split:15 %tmp_6 = partselect i7 @_ssdm_op_PartSelect.i7.i24.i32.i32, i24 %tmp_V, i32 17, i32 23

]]></Node>
<StgValue><ssdm name="tmp_6"/></StgValue>
</operation>

<operation id="39" st_id="4" stage="1" lat="1">
<core>NULL</core>
<MemPortIdVec></MemPortIdVec>
<condition id="-1">
<or_exp><and_exp><literal name="icmp_ln68" val="0"/>
</and_exp></or_exp>
</condition>

<Node id="44" bw="7" op_0_bw="7" op_1_bw="24" op_2_bw="32" op_3_bw="32">
<![CDATA[
.split:16 %tmp_7 = partselect i7 @_ssdm_op_PartSelect.i7.i24.i32.i32, i24 %tmp_V_1, i32 17, i32 23

]]></Node>
<StgValue><ssdm name="tmp_7"/></StgValue>
</operation>

<operation id="40" st_id="4" stage="1" lat="1">
<core>NULL</core>
<MemPortIdVec></MemPortIdVec>
<condition id="-1">
<or_exp><and_exp><literal name="icmp_ln68" val="0"/>
</and_exp></or_exp>
</condition>

<Node id="45" bw="8" op_0_bw="7">
<![CDATA[
.split:17 %zext_ln1346_4 = zext i7 %tmp_6

]]></Node>
<StgValue><ssdm name="zext_ln1346_4"/></StgValue>
</operation>

<operation id="41" st_id="4" stage="1" lat="1">
<core>NULL</core>
<MemPortIdVec></MemPortIdVec>
<condition id="-1">
<or_exp><and_exp><literal name="icmp_ln68" val="0"/>
</and_exp></or_exp>
</condition>

<Node id="46" bw="8" op_0_bw="7">
<![CDATA[
.split:18 %zext_ln1346_5 = zext i7 %tmp_7

]]></Node>
<StgValue><ssdm name="zext_ln1346_5"/></StgValue>
</operation>

<operation id="42" st_id="4" stage="1" lat="1">
<core>Adder</core>
<MemPortIdVec></MemPortIdVec>
<condition id="-1">
<or_exp><and_exp><literal name="icmp_ln68" val="0"/>
</and_exp></or_exp>
</condition>

<Node id="47" bw="8" op_0_bw="8" op_1_bw="8">
<![CDATA[
.split:19 %add_ln92_2 = add i8 %zext_ln1346_5, i8 %zext_ln1346_4

]]></Node>
<StgValue><ssdm name="add_ln92_2"/></StgValue>
</operation>
</state>

<state id="5" st_id="5">

<operation id="43" st_id="5" stage="1" lat="1">
<core>NULL</core>
<MemPortIdVec></MemPortIdVec>
<condition id="-1">
<or_exp><and_exp><literal name="icmp_ln68" val="0"/>
</and_exp></or_exp>
</condition>

<Node id="28" bw="0" op_0_bw="0" op_1_bw="32" op_2_bw="32" op_3_bw="32" op_4_bw="32" op_5_bw="0">
<![CDATA[
.split:0 %specpipeline_ln59 = specpipeline void @_ssdm_op_SpecPipeline, i32 4294967295, i32 0, i32 0, i32 0, void @empty_18

]]></Node>
<StgValue><ssdm name="specpipeline_ln59"/></StgValue>
</operation>

<operation id="44" st_id="5" stage="1" lat="1">
<core>NULL</core>
<MemPortIdVec></MemPortIdVec>
<condition id="-1">
<or_exp><and_exp><literal name="icmp_ln68" val="0"/>
</and_exp></or_exp>
</condition>

<Node id="29" bw="0" op_0_bw="0" op_1_bw="64" op_2_bw="64" op_3_bw="64">
<![CDATA[
.split:1 %speclooptripcount_ln59 = speclooptripcount void @_ssdm_op_SpecLoopTripCount, i64 3840, i64 3840, i64 3840

]]></Node>
<StgValue><ssdm name="speclooptripcount_ln59"/></StgValue>
</operation>

<operation id="45" st_id="5" stage="1" lat="1">
<core>NULL</core>
<MemPortIdVec></MemPortIdVec>
<condition id="-1">
<or_exp><and_exp><literal name="icmp_ln68" val="0"/>
</and_exp></or_exp>
</condition>

<Node id="30" bw="0" op_0_bw="0" op_1_bw="0">
<![CDATA[
.split:2 %specloopname_ln59 = specloopname void @_ssdm_op_SpecLoopName, void @empty_4

]]></Node>
<StgValue><ssdm name="specloopname_ln59"/></StgValue>
</operation>

<operation id="46" st_id="5" stage="1" lat="1">
<core>NULL</core>
<MemPortIdVec></MemPortIdVec>
<condition id="-1">
<or_exp><and_exp><literal name="icmp_ln68" val="0"/>
</and_exp></or_exp>
</condition>

<Node id="48" bw="24" op_0_bw="24" op_1_bw="8" op_2_bw="8" op_3_bw="8">
<![CDATA[
.split:20 %p_Result_25_2 = bitconcatenate i24 @_ssdm_op_BitConcatenate.i24.i8.i8.i8, i8 %add_ln92_2, i8 %add_ln92_1, i8 %add_ln92

]]></Node>
<StgValue><ssdm name="p_Result_25_2"/></StgValue>
</operation>

<operation id="47" st_id="5" stage="1" lat="1">
<core>FIFO_SRL</core>
<MemPortIdVec></MemPortIdVec>
<condition id="-1">
<or_exp><and_exp><literal name="icmp_ln68" val="0"/>
</and_exp></or_exp>
</condition>

<Node id="49" bw="0" op_0_bw="0" op_1_bw="24" op_2_bw="24">
<![CDATA[
.split:21 %write_ln174 = write void @_ssdm_op_Write.ap_fifo.volatile.i24P0A, i24 %imgOutput_436, i24 %p_Result_25_2

]]></Node>
<StgValue><ssdm name="write_ln174"/></StgValue>
</operation>

<operation id="48" st_id="5" stage="1" lat="1">
<core>NULL</core>
<MemPortIdVec></MemPortIdVec>
<condition id="-1">
<or_exp><and_exp><literal name="icmp_ln68" val="0"/>
</and_exp></or_exp>
</condition>

<Node id="50" bw="0" op_0_bw="0">
<![CDATA[
.split:22 %br_ln0 = br void

]]></Node>
<StgValue><ssdm name="br_ln0"/></StgValue>
</operation>
</state>

<state id="6" st_id="6">

<operation id="49" st_id="6" stage="1" lat="1">
<core>NULL</core>
<MemPortIdVec></MemPortIdVec>
<condition id="-1">
<or_exp><and_exp></and_exp></or_exp>
</condition>

<Node id="52" bw="0" op_0_bw="0">
<![CDATA[
._crit_edge.loopexit:0 %br_ln0 = br void

]]></Node>
<StgValue><ssdm name="br_ln0"/></StgValue>
</operation>
</state>
</state_list>


<ports>
<port id="62" name="imgInput1_434" dir="0" iftype="3">
<core>FIFO_SRL</core><StgValue><ssdm name="imgInput1_434"/></StgValue>
</port>
<port id="63" name="imgInput2_435" dir="0" iftype="3">
<core>FIFO_SRL</core><StgValue><ssdm name="imgInput2_435"/></StgValue>
</port>
<port id="64" name="imgOutput_436" dir="1" iftype="3">
<core>FIFO_SRL</core><StgValue><ssdm name="imgOutput_436"/></StgValue>
</port>
<port id="65" name="height" dir="0" iftype="0">
<core>NULL</core><StgValue><ssdm name="height"/></StgValue>
</port>
<port id="66" name="width" dir="0" iftype="0">
<core>NULL</core><StgValue><ssdm name="width"/></StgValue>
</port>
</ports>


<dataflows>
<dataflow id="68" from="_ssdm_op_SpecInterface" to="specinterface_ln0" fromId="67" toId="7">
</dataflow>
<dataflow id="69" from="imgInput1_434" to="specinterface_ln0" fromId="62" toId="7">
</dataflow>
<dataflow id="71" from="empty_2" to="specinterface_ln0" fromId="70" toId="7">
</dataflow>
<dataflow id="73" from="StgValue_72" to="specinterface_ln0" fromId="72" toId="7">
</dataflow>
<dataflow id="74" from="StgValue_72" to="specinterface_ln0" fromId="72" toId="7">
</dataflow>
<dataflow id="76" from="empty_18" to="specinterface_ln0" fromId="75" toId="7">
</dataflow>
<dataflow id="77" from="StgValue_72" to="specinterface_ln0" fromId="72" toId="7">
</dataflow>
<dataflow id="78" from="StgValue_72" to="specinterface_ln0" fromId="72" toId="7">
</dataflow>
<dataflow id="79" from="empty_18" to="specinterface_ln0" fromId="75" toId="7">
</dataflow>
<dataflow id="80" from="empty_18" to="specinterface_ln0" fromId="75" toId="7">
</dataflow>
<dataflow id="81" from="empty_18" to="specinterface_ln0" fromId="75" toId="7">
</dataflow>
<dataflow id="82" from="StgValue_72" to="specinterface_ln0" fromId="72" toId="7">
</dataflow>
<dataflow id="83" from="StgValue_72" to="specinterface_ln0" fromId="72" toId="7">
</dataflow>
<dataflow id="84" from="StgValue_72" to="specinterface_ln0" fromId="72" toId="7">
</dataflow>
<dataflow id="85" from="StgValue_72" to="specinterface_ln0" fromId="72" toId="7">
</dataflow>
<dataflow id="86" from="empty_18" to="specinterface_ln0" fromId="75" toId="7">
</dataflow>
<dataflow id="87" from="empty_18" to="specinterface_ln0" fromId="75" toId="7">
</dataflow>
<dataflow id="88" from="_ssdm_op_SpecInterface" to="specinterface_ln0" fromId="67" toId="8">
</dataflow>
<dataflow id="89" from="imgInput2_435" to="specinterface_ln0" fromId="63" toId="8">
</dataflow>
<dataflow id="90" from="empty_2" to="specinterface_ln0" fromId="70" toId="8">
</dataflow>
<dataflow id="91" from="StgValue_72" to="specinterface_ln0" fromId="72" toId="8">
</dataflow>
<dataflow id="92" from="StgValue_72" to="specinterface_ln0" fromId="72" toId="8">
</dataflow>
<dataflow id="93" from="empty_18" to="specinterface_ln0" fromId="75" toId="8">
</dataflow>
<dataflow id="94" from="StgValue_72" to="specinterface_ln0" fromId="72" toId="8">
</dataflow>
<dataflow id="95" from="StgValue_72" to="specinterface_ln0" fromId="72" toId="8">
</dataflow>
<dataflow id="96" from="empty_18" to="specinterface_ln0" fromId="75" toId="8">
</dataflow>
<dataflow id="97" from="empty_18" to="specinterface_ln0" fromId="75" toId="8">
</dataflow>
<dataflow id="98" from="empty_18" to="specinterface_ln0" fromId="75" toId="8">
</dataflow>
<dataflow id="99" from="StgValue_72" to="specinterface_ln0" fromId="72" toId="8">
</dataflow>
<dataflow id="100" from="StgValue_72" to="specinterface_ln0" fromId="72" toId="8">
</dataflow>
<dataflow id="101" from="StgValue_72" to="specinterface_ln0" fromId="72" toId="8">
</dataflow>
<dataflow id="102" from="StgValue_72" to="specinterface_ln0" fromId="72" toId="8">
</dataflow>
<dataflow id="103" from="empty_18" to="specinterface_ln0" fromId="75" toId="8">
</dataflow>
<dataflow id="104" from="empty_18" to="specinterface_ln0" fromId="75" toId="8">
</dataflow>
<dataflow id="105" from="_ssdm_op_SpecInterface" to="specinterface_ln0" fromId="67" toId="9">
</dataflow>
<dataflow id="106" from="imgOutput_436" to="specinterface_ln0" fromId="64" toId="9">
</dataflow>
<dataflow id="107" from="empty_2" to="specinterface_ln0" fromId="70" toId="9">
</dataflow>
<dataflow id="108" from="StgValue_72" to="specinterface_ln0" fromId="72" toId="9">
</dataflow>
<dataflow id="109" from="StgValue_72" to="specinterface_ln0" fromId="72" toId="9">
</dataflow>
<dataflow id="110" from="empty_18" to="specinterface_ln0" fromId="75" toId="9">
</dataflow>
<dataflow id="111" from="StgValue_72" to="specinterface_ln0" fromId="72" toId="9">
</dataflow>
<dataflow id="112" from="StgValue_72" to="specinterface_ln0" fromId="72" toId="9">
</dataflow>
<dataflow id="113" from="empty_18" to="specinterface_ln0" fromId="75" toId="9">
</dataflow>
<dataflow id="114" from="empty_18" to="specinterface_ln0" fromId="75" toId="9">
</dataflow>
<dataflow id="115" from="empty_18" to="specinterface_ln0" fromId="75" toId="9">
</dataflow>
<dataflow id="116" from="StgValue_72" to="specinterface_ln0" fromId="72" toId="9">
</dataflow>
<dataflow id="117" from="StgValue_72" to="specinterface_ln0" fromId="72" toId="9">
</dataflow>
<dataflow id="118" from="StgValue_72" to="specinterface_ln0" fromId="72" toId="9">
</dataflow>
<dataflow id="119" from="StgValue_72" to="specinterface_ln0" fromId="72" toId="9">
</dataflow>
<dataflow id="120" from="empty_18" to="specinterface_ln0" fromId="75" toId="9">
</dataflow>
<dataflow id="121" from="empty_18" to="specinterface_ln0" fromId="75" toId="9">
</dataflow>
<dataflow id="123" from="_ssdm_op_Read.ap_auto.i16" to="width_read" fromId="122" toId="10">
</dataflow>
<dataflow id="124" from="width" to="width_read" fromId="66" toId="10">
</dataflow>
<dataflow id="125" from="_ssdm_op_Read.ap_auto.i16" to="height_read" fromId="122" toId="11">
</dataflow>
<dataflow id="126" from="height" to="height_read" fromId="65" toId="11">
</dataflow>
<dataflow id="128" from="StgValue_127" to="i_V" fromId="127" toId="13">
<condition id="-1">
<or_exp><and_exp></and_exp></or_exp>
</condition>
</dataflow>
<dataflow id="129" from="br_ln62" to="i_V" fromId="12" toId="13">
</dataflow>
<dataflow id="130" from="i_V_3" to="i_V" fromId="14" toId="13">
<BackEdge/>
<condition id="-1">
<or_exp><and_exp></and_exp></or_exp>
</condition>
</dataflow>
<dataflow id="131" from="br_ln0" to="i_V" fromId="49" toId="13">
<BackEdge/>
</dataflow>
<dataflow id="132" from="i_V" to="i_V_3" fromId="13" toId="14">
</dataflow>
<dataflow id="134" from="StgValue_133" to="i_V_3" fromId="133" toId="14">
</dataflow>
<dataflow id="135" from="i_V" to="zext_ln878" fromId="13" toId="15">
</dataflow>
<dataflow id="136" from="zext_ln878" to="icmp_ln878" fromId="15" toId="16">
</dataflow>
<dataflow id="137" from="height_read" to="icmp_ln878" fromId="11" toId="16">
</dataflow>
<dataflow id="138" from="icmp_ln878" to="br_ln62" fromId="16" toId="17">
</dataflow>
<dataflow id="140" from="_ssdm_op_SpecLoopTripCount" to="speclooptripcount_ln59" fromId="139" toId="18">
</dataflow>
<dataflow id="142" from="StgValue_141" to="speclooptripcount_ln59" fromId="141" toId="18">
</dataflow>
<dataflow id="143" from="StgValue_141" to="speclooptripcount_ln59" fromId="141" toId="18">
</dataflow>
<dataflow id="144" from="StgValue_141" to="speclooptripcount_ln59" fromId="141" toId="18">
</dataflow>
<dataflow id="146" from="_ssdm_op_SpecLoopName" to="specloopname_ln59" fromId="145" toId="19">
</dataflow>
<dataflow id="148" from="empty_3" to="specloopname_ln59" fromId="147" toId="19">
</dataflow>
<dataflow id="150" from="StgValue_149" to="j_V" fromId="149" toId="22">
<condition id="-1">
<or_exp><and_exp><literal name="icmp_ln878" val="1"/>
</and_exp></or_exp>
</condition>
</dataflow>
<dataflow id="151" from="br_ln68" to="j_V" fromId="20" toId="22">
</dataflow>
<dataflow id="152" from="add_ln878" to="j_V" fromId="23" toId="22">
<BackEdge/>
<condition id="-1">
<or_exp><and_exp><literal name="icmp_ln68" val="0"/>
</and_exp></or_exp>
</condition>
</dataflow>
<dataflow id="153" from="br_ln0" to="j_V" fromId="48" toId="22">
<BackEdge/>
</dataflow>
<dataflow id="154" from="j_V" to="add_ln878" fromId="22" toId="23">
</dataflow>
<dataflow id="156" from="StgValue_155" to="add_ln878" fromId="155" toId="23">
</dataflow>
<dataflow id="157" from="j_V" to="icmp_ln68" fromId="22" toId="24">
</dataflow>
<dataflow id="158" from="width_read" to="icmp_ln68" fromId="10" toId="24">
</dataflow>
<dataflow id="159" from="icmp_ln68" to="br_ln68" fromId="24" toId="25">
</dataflow>
<dataflow id="161" from="_ssdm_op_Read.ap_fifo.volatile.i24P0A" to="tmp_V" fromId="160" toId="26">
</dataflow>
<dataflow id="162" from="imgInput1_434" to="tmp_V" fromId="62" toId="26">
</dataflow>
<dataflow id="163" from="_ssdm_op_Read.ap_fifo.volatile.i24P0A" to="tmp_V_1" fromId="160" toId="27">
</dataflow>
<dataflow id="164" from="imgInput2_435" to="tmp_V_1" fromId="63" toId="27">
</dataflow>
<dataflow id="166" from="_ssdm_op_PartSelect.i7.i24.i32.i32" to="tmp" fromId="165" toId="28">
</dataflow>
<dataflow id="167" from="tmp_V" to="tmp" fromId="26" toId="28">
</dataflow>
<dataflow id="169" from="StgValue_168" to="tmp" fromId="168" toId="28">
</dataflow>
<dataflow id="171" from="StgValue_170" to="tmp" fromId="170" toId="28">
</dataflow>
<dataflow id="172" from="_ssdm_op_PartSelect.i7.i24.i32.i32" to="tmp_3" fromId="165" toId="29">
</dataflow>
<dataflow id="173" from="tmp_V_1" to="tmp_3" fromId="27" toId="29">
</dataflow>
<dataflow id="174" from="StgValue_168" to="tmp_3" fromId="168" toId="29">
</dataflow>
<dataflow id="175" from="StgValue_170" to="tmp_3" fromId="170" toId="29">
</dataflow>
<dataflow id="176" from="tmp" to="zext_ln1346" fromId="28" toId="30">
</dataflow>
<dataflow id="177" from="tmp_3" to="zext_ln1346_1" fromId="29" toId="31">
</dataflow>
<dataflow id="178" from="zext_ln1346_1" to="add_ln92" fromId="31" toId="32">
</dataflow>
<dataflow id="179" from="zext_ln1346" to="add_ln92" fromId="30" toId="32">
</dataflow>
<dataflow id="180" from="_ssdm_op_PartSelect.i7.i24.i32.i32" to="tmp_4" fromId="165" toId="33">
</dataflow>
<dataflow id="181" from="tmp_V" to="tmp_4" fromId="26" toId="33">
</dataflow>
<dataflow id="183" from="StgValue_182" to="tmp_4" fromId="182" toId="33">
</dataflow>
<dataflow id="185" from="StgValue_184" to="tmp_4" fromId="184" toId="33">
</dataflow>
<dataflow id="186" from="_ssdm_op_PartSelect.i7.i24.i32.i32" to="tmp_5" fromId="165" toId="34">
</dataflow>
<dataflow id="187" from="tmp_V_1" to="tmp_5" fromId="27" toId="34">
</dataflow>
<dataflow id="188" from="StgValue_182" to="tmp_5" fromId="182" toId="34">
</dataflow>
<dataflow id="189" from="StgValue_184" to="tmp_5" fromId="184" toId="34">
</dataflow>
<dataflow id="190" from="tmp_4" to="zext_ln1346_2" fromId="33" toId="35">
</dataflow>
<dataflow id="191" from="tmp_5" to="zext_ln1346_3" fromId="34" toId="36">
</dataflow>
<dataflow id="192" from="zext_ln1346_3" to="add_ln92_1" fromId="36" toId="37">
</dataflow>
<dataflow id="193" from="zext_ln1346_2" to="add_ln92_1" fromId="35" toId="37">
</dataflow>
<dataflow id="194" from="_ssdm_op_PartSelect.i7.i24.i32.i32" to="tmp_6" fromId="165" toId="38">
</dataflow>
<dataflow id="195" from="tmp_V" to="tmp_6" fromId="26" toId="38">
</dataflow>
<dataflow id="197" from="StgValue_196" to="tmp_6" fromId="196" toId="38">
</dataflow>
<dataflow id="199" from="StgValue_198" to="tmp_6" fromId="198" toId="38">
</dataflow>
<dataflow id="200" from="_ssdm_op_PartSelect.i7.i24.i32.i32" to="tmp_7" fromId="165" toId="39">
</dataflow>
<dataflow id="201" from="tmp_V_1" to="tmp_7" fromId="27" toId="39">
</dataflow>
<dataflow id="202" from="StgValue_196" to="tmp_7" fromId="196" toId="39">
</dataflow>
<dataflow id="203" from="StgValue_198" to="tmp_7" fromId="198" toId="39">
</dataflow>
<dataflow id="204" from="tmp_6" to="zext_ln1346_4" fromId="38" toId="40">
</dataflow>
<dataflow id="205" from="tmp_7" to="zext_ln1346_5" fromId="39" toId="41">
</dataflow>
<dataflow id="206" from="zext_ln1346_5" to="add_ln92_2" fromId="41" toId="42">
</dataflow>
<dataflow id="207" from="zext_ln1346_4" to="add_ln92_2" fromId="40" toId="42">
</dataflow>
<dataflow id="209" from="_ssdm_op_SpecPipeline" to="specpipeline_ln59" fromId="208" toId="43">
</dataflow>
<dataflow id="211" from="StgValue_210" to="specpipeline_ln59" fromId="210" toId="43">
</dataflow>
<dataflow id="212" from="StgValue_72" to="specpipeline_ln59" fromId="72" toId="43">
</dataflow>
<dataflow id="213" from="StgValue_72" to="specpipeline_ln59" fromId="72" toId="43">
</dataflow>
<dataflow id="214" from="StgValue_72" to="specpipeline_ln59" fromId="72" toId="43">
</dataflow>
<dataflow id="215" from="empty_18" to="specpipeline_ln59" fromId="75" toId="43">
</dataflow>
<dataflow id="216" from="_ssdm_op_SpecLoopTripCount" to="speclooptripcount_ln59" fromId="139" toId="44">
</dataflow>
<dataflow id="218" from="StgValue_217" to="speclooptripcount_ln59" fromId="217" toId="44">
</dataflow>
<dataflow id="219" from="StgValue_217" to="speclooptripcount_ln59" fromId="217" toId="44">
</dataflow>
<dataflow id="220" from="StgValue_217" to="speclooptripcount_ln59" fromId="217" toId="44">
</dataflow>
<dataflow id="221" from="_ssdm_op_SpecLoopName" to="specloopname_ln59" fromId="145" toId="45">
</dataflow>
<dataflow id="223" from="empty_4" to="specloopname_ln59" fromId="222" toId="45">
</dataflow>
<dataflow id="225" from="_ssdm_op_BitConcatenate.i24.i8.i8.i8" to="p_Result_25_2" fromId="224" toId="46">
</dataflow>
<dataflow id="226" from="add_ln92_2" to="p_Result_25_2" fromId="42" toId="46">
</dataflow>
<dataflow id="227" from="add_ln92_1" to="p_Result_25_2" fromId="37" toId="46">
</dataflow>
<dataflow id="228" from="add_ln92" to="p_Result_25_2" fromId="32" toId="46">
</dataflow>
<dataflow id="230" from="_ssdm_op_Write.ap_fifo.volatile.i24P0A" to="write_ln174" fromId="229" toId="47">
</dataflow>
<dataflow id="231" from="imgOutput_436" to="write_ln174" fromId="64" toId="47">
</dataflow>
<dataflow id="232" from="p_Result_25_2" to="write_ln174" fromId="46" toId="47">
</dataflow>
<dataflow id="233" from="icmp_ln878" to="StgValue_2" fromId="16" toId="2">
</dataflow>
<dataflow id="234" from="icmp_ln68" to="StgValue_4" fromId="24" toId="4">
</dataflow>
<dataflow id="235" from="icmp_ln68" to="StgValue_5" fromId="24" toId="5">
</dataflow>
<dataflow id="236" from="icmp_ln68" to="StgValue_3" fromId="24" toId="3">
</dataflow>
<dataflow id="237" from="icmp_ln878" to="StgValue_3" fromId="16" toId="3">
</dataflow>
<dataflow id="238" from="icmp_ln878" to="StgValue_4" fromId="16" toId="4">
</dataflow>
<dataflow id="239" from="icmp_ln878" to="StgValue_5" fromId="16" toId="5">
</dataflow>
</dataflows>


</stg>
