<profile>

<section name = "Vitis HLS Report for 'addweighted'" level="0">
<item name = "Date">Fri Jul 16 11:50:27 2021
</item>
<item name = "Version">2020.2 (Build 3064766 on Wed Nov 18 09:12:45 MST 2020)</item>
<item name = "Project">addWeighted</item>
<item name = "Solution">solution1 (Vivado IP Flow Target)</item>
<item name = "Product family">zynq</item>
<item name = "Target device">xc7z020-clg400-1</item>
</section>

<section name = "Performance Estimates" level="0">
<item name = "Timing">
<section name = "" level="1">
<item name = "Summary"><table name="" hasTotal="0">
<keys size="4">Clock, Target, Estimated, Uncertainty</keys>
<column name="ap_clk">10.00 ns, 7.300 ns, 2.70 ns</column>
</table>
</item>
</section>
</item>
<item name = "Latency">
<section name = "" level="1">
<item name = "Summary"><table name="" hasTotal="0">
<keys size="8">, min, max, min, max, min, max, Type</keys>
<column name="">8303054, 8303054, 83.031 ms, 83.031 ms, 8303043, 8303043, dataflow</column>
</table>
</item>
<item name = "Detail">
<section name = "" level="1">
<item name = "Instance"><table name="" hasTotal="0">
<keys size="9">Instance, Module, min, max, min, max, min, max, Type</keys>
<column name="grp_Array2xfMat_32_9_2160_3840_1_6_fu_194">Array2xfMat_32_9_2160_3840_1_6, 17, 8294416, 0.170 us, 82.944 ms, 17, 8294416, none</column>
<column name="grp_Array2xfMat_32_9_2160_3840_1_s_fu_206">Array2xfMat_32_9_2160_3840_1_s, 17, 8294416, 0.170 us, 82.944 ms, 17, 8294416, none</column>
<column name="grp_xfMat2Array_32_9_2160_3840_1_1_s_fu_216">xfMat2Array_32_9_2160_3840_1_1_s, 10, 8294409, 0.100 us, 82.944 ms, 10, 8294409, none</column>
<column name="grp_addWeighted_9_9_2160_3840_1_s_fu_226">addWeighted_9_9_2160_3840_1_s, 8303042, 8303042, 83.030 ms, 83.030 ms, 8303042, 8303042, none</column>
<column name="call_ret_Block_split1_proc23_fu_235">Block_split1_proc23, 0, 0, 0 ns, 0 ns, 0, 0, none</column>
</table>
</item>
<item name = "Loop"><table name="" hasTotal="0">
<keys size="8">Loop Name, min, max, Latency, achieved, target, Count, Pipelined</keys>
</table>
</item>
</section>
</item>
</section>
</item>
</section>
</profile>
