<stg><name>AddWeightedKernel<9, 9, 2160, 3840, 1, 3, 15, 15, 9, 9, 3840></name>


<trans_list>

<trans id="50" from="1" to="2">
<condition id="-1">
<or_exp><and_exp></and_exp></or_exp>
</condition>
</trans>

<trans id="51" from="2" to="3">
<condition id="-1">
<or_exp><and_exp><literal name="icmp_ln878" val="1"/>
</and_exp></or_exp>
</condition>
</trans>

<trans id="60" from="3" to="6">
<condition id="-1">
<or_exp><and_exp><literal name="icmp_ln68" val="1"/>
</and_exp></or_exp>
</condition>
</trans>

<trans id="61" from="3" to="4">
<condition id="-1">
<or_exp><and_exp><literal name="icmp_ln68" val="0"/>
</and_exp></or_exp>
</condition>
</trans>

<trans id="58" from="4" to="5">
<condition id="-1">
<or_exp><and_exp></and_exp></or_exp>
</condition>
</trans>

<trans id="59" from="5" to="3">
<condition id="-1">
<or_exp><and_exp></and_exp></or_exp>
</condition>
</trans>

<trans id="56" from="6" to="2">
<condition id="-1">
<or_exp><and_exp></and_exp></or_exp>
</condition>
</trans>
</trans_list>



<state_list>

<state id="1" st_id="1">

<operation id="7" st_id="1" stage="1" lat="1">
<core>NULL</core>
<MemPortIdVec></MemPortIdVec>
<condition id="-1">
<or_exp><and_exp></and_exp></or_exp>
</condition>

<Node id="6" bw="0" op_0_bw="0" op_1_bw="24" op_2_bw="0" op_3_bw="32" op_4_bw="32" op_5_bw="0" op_6_bw="32" op_7_bw="32" op_8_bw="0" op_9_bw="0" op_10_bw="0" op_11_bw="32" op_12_bw="32" op_13_bw="32" op_14_bw="32" op_15_bw="0" op_16_bw="0">
<![CDATA[
.lr.ph15:0 %specinterface_ln0 = specinterface void @_ssdm_op_SpecInterface, i24 %imgInput1_434, void @empty_2, i32 0, i32 0, void @empty_18, i32 0, i32 0, void @empty_18, void @empty_18, void @empty_18, i32 0, i32 0, i32 0, i32 0, void @empty_18, void @empty_18

]]></Node>
<StgValue><ssdm name="specinterface_ln0"/></StgValue>
</operation>

<operation id="8" st_id="1" stage="1" lat="1">
<core>NULL</core>
<MemPortIdVec></MemPortIdVec>
<condition id="-1">
<or_exp><and_exp></and_exp></or_exp>
</condition>

<Node id="7" bw="0" op_0_bw="0" op_1_bw="24" op_2_bw="0" op_3_bw="32" op_4_bw="32" op_5_bw="0" op_6_bw="32" op_7_bw="32" op_8_bw="0" op_9_bw="0" op_10_bw="0" op_11_bw="32" op_12_bw="32" op_13_bw="32" op_14_bw="32" op_15_bw="0" op_16_bw="0">
<![CDATA[
.lr.ph15:1 %specinterface_ln0 = specinterface void @_ssdm_op_SpecInterface, i24 %imgInput2_435, void @empty_2, i32 0, i32 0, void @empty_18, i32 0, i32 0, void @empty_18, void @empty_18, void @empty_18, i32 0, i32 0, i32 0, i32 0, void @empty_18, void @empty_18

]]></Node>
<StgValue><ssdm name="specinterface_ln0"/></StgValue>
</operation>

<operation id="9" st_id="1" stage="1" lat="1">
<core>NULL</core>
<MemPortIdVec></MemPortIdVec>
<condition id="-1">
<or_exp><and_exp></and_exp></or_exp>
</condition>

<Node id="8" bw="0" op_0_bw="0" op_1_bw="24" op_2_bw="0" op_3_bw="32" op_4_bw="32" op_5_bw="0" op_6_bw="32" op_7_bw="32" op_8_bw="0" op_9_bw="0" op_10_bw="0" op_11_bw="32" op_12_bw="32" op_13_bw="32" op_14_bw="32" op_15_bw="0" op_16_bw="0">
<![CDATA[
.lr.ph15:2 %specinterface_ln0 = specinterface void @_ssdm_op_SpecInterface, i24 %imgOutput_436, void @empty_2, i32 0, i32 0, void @empty_18, i32 0, i32 0, void @empty_18, void @empty_18, void @empty_18, i32 0, i32 0, i32 0, i32 0, void @empty_18, void @empty_18

]]></Node>
<StgValue><ssdm name="specinterface_ln0"/></StgValue>
</operation>

<operation id="10" st_id="1" stage="1" lat="1">
<core>NULL</core>
<MemPortIdVec></MemPortIdVec>
<condition id="-1">
<or_exp><and_exp></and_exp></or_exp>
</condition>

<Node id="9" bw="16" op_0_bw="16" op_1_bw="16">
<![CDATA[
.lr.ph15:3 %width_read = read i16 @_ssdm_op_Read.ap_auto.i16, i16 %width

]]></Node>
<StgValue><ssdm name="width_read"/></StgValue>
</operation>

<operation id="11" st_id="1" stage="1" lat="1">
<core>NULL</core>
<MemPortIdVec></MemPortIdVec>
<condition id="-1">
<or_exp><and_exp></and_exp></or_exp>
</condition>

<Node id="10" bw="16" op_0_bw="16" op_1_bw="16">
<![CDATA[
.lr.ph15:4 %height_read = read i16 @_ssdm_op_Read.ap_auto.i16, i16 %height

]]></Node>
<StgValue><ssdm name="height_read"/></StgValue>
</operation>

<operation id="12" st_id="1" stage="1" lat="1">
<core>NULL</core>
<MemPortIdVec></MemPortIdVec>
<condition id="-1">
<or_exp><and_exp></and_exp></or_exp>
</condition>

<Node id="11" bw="0" op_0_bw="0">
<![CDATA[
.lr.ph15:5 %br_ln62 = br void

]]></Node>
<StgValue><ssdm name="br_ln62"/></StgValue>
</operation>
</state>

<state id="2" st_id="2">

<operation id="13" st_id="2" stage="1" lat="1">
<core>NULL</core>
<MemPortIdVec></MemPortIdVec>
<condition id="-1">
<or_exp><and_exp></and_exp></or_exp>
</condition>

<Node id="13" bw="13" op_0_bw="13" op_1_bw="0" op_2_bw="13" op_3_bw="0">
<![CDATA[
:0 %i_V = phi i13 0, void %.lr.ph15, i13 %i_V_3, void %._crit_edge.loopexit

]]></Node>
<StgValue><ssdm name="i_V"/></StgValue>
</operation>

<operation id="14" st_id="2" stage="1" lat="1">
<core>Adder</core>
<MemPortIdVec></MemPortIdVec>
<condition id="-1">
<or_exp><and_exp></and_exp></or_exp>
</condition>

<Node id="14" bw="13" op_0_bw="13" op_1_bw="13">
<![CDATA[
:1 %i_V_3 = add i13 %i_V, i13 1

]]></Node>
<StgValue><ssdm name="i_V_3"/></StgValue>
</operation>

<operation id="15" st_id="2" stage="1" lat="1">
<core>NULL</core>
<MemPortIdVec></MemPortIdVec>
<condition id="-1">
<or_exp><and_exp></and_exp></or_exp>
</condition>

<Node id="15" bw="16" op_0_bw="13">
<![CDATA[
:2 %zext_ln878 = zext i13 %i_V

]]></Node>
<StgValue><ssdm name="zext_ln878"/></StgValue>
</operation>

<operation id="16" st_id="2" stage="1" lat="1">
<core>Cmp</core>
<MemPortIdVec></MemPortIdVec>
<condition id="-1">
<or_exp><and_exp></and_exp></or_exp>
</condition>

<Node id="16" bw="1" op_0_bw="16" op_1_bw="16">
<![CDATA[
:3 %icmp_ln878 = icmp_ult  i16 %zext_ln878, i16 %height_read

]]></Node>
<StgValue><ssdm name="icmp_ln878"/></StgValue>
</operation>

<operation id="17" st_id="2" stage="1" lat="1">
<core>NULL</core>
<MemPortIdVec></MemPortIdVec>
<condition id="-1">
<or_exp><and_exp></and_exp></or_exp>
</condition>

<Node id="17" bw="0" op_0_bw="1" op_1_bw="0" op_2_bw="0">
<![CDATA[
:4 %br_ln62 = br i1 %icmp_ln878, void %._crit_edge16.loopexit, void %.split11

]]></Node>
<StgValue><ssdm name="br_ln62"/></StgValue>
</operation>

<operation id="18" st_id="2" stage="1" lat="1">
<core>NULL</core>
<MemPortIdVec></MemPortIdVec>
<condition id="-1">
<or_exp><and_exp><literal name="icmp_ln878" val="1"/>
</and_exp></or_exp>
</condition>

<Node id="19" bw="0" op_0_bw="0" op_1_bw="64" op_2_bw="64" op_3_bw="64">
<![CDATA[
.split11:0 %speclooptripcount_ln59 = speclooptripcount void @_ssdm_op_SpecLoopTripCount, i64 2160, i64 2160, i64 2160

]]></Node>
<StgValue><ssdm name="speclooptripcount_ln59"/></StgValue>
</operation>

<operation id="19" st_id="2" stage="1" lat="1">
<core>NULL</core>
<MemPortIdVec></MemPortIdVec>
<condition id="-1">
<or_exp><and_exp><literal name="icmp_ln878" val="1"/>
</and_exp></or_exp>
</condition>

<Node id="20" bw="0" op_0_bw="0" op_1_bw="0">
<![CDATA[
.split11:1 %specloopname_ln59 = specloopname void @_ssdm_op_SpecLoopName, void @empty_3

]]></Node>
<StgValue><ssdm name="specloopname_ln59"/></StgValue>
</operation>

<operation id="20" st_id="2" stage="1" lat="1">
<core>NULL</core>
<MemPortIdVec></MemPortIdVec>
<condition id="-1">
<or_exp><and_exp><literal name="icmp_ln878" val="1"/>
</and_exp></or_exp>
</condition>

<Node id="21" bw="0" op_0_bw="0">
<![CDATA[
.split11:2 %br_ln68 = br void

]]></Node>
<StgValue><ssdm name="br_ln68"/></StgValue>
</operation>

<operation id="21" st_id="2" stage="1" lat="1">
<core>NULL</core>
<MemPortIdVec></MemPortIdVec>
<condition id="-1">
<or_exp><and_exp><literal name="icmp_ln878" val="0"/>
</and_exp></or_exp>
</condition>

<Node id="54" bw="0">
<![CDATA[
._crit_edge16.loopexit:0 %ret_ln0 = ret

]]></Node>
<StgValue><ssdm name="ret_ln0"/></StgValue>
</operation>
</state>

<state id="3" st_id="3">

<operation id="22" st_id="3" stage="1" lat="1">
<core>NULL</core>
<MemPortIdVec></MemPortIdVec>
<condition id="-1">
<or_exp><and_exp></and_exp></or_exp>
</condition>

<Node id="23" bw="16" op_0_bw="16" op_1_bw="0" op_2_bw="16" op_3_bw="0">
<![CDATA[
:0 %j_V = phi i16 0, void %.split11, i16 %add_ln878, void %.split

]]></Node>
<StgValue><ssdm name="j_V"/></StgValue>
</operation>

<operation id="23" st_id="3" stage="1" lat="1">
<core>Adder</core>
<MemPortIdVec></MemPortIdVec>
<condition id="-1">
<or_exp><and_exp></and_exp></or_exp>
</condition>

<Node id="24" bw="16" op_0_bw="16" op_1_bw="16">
<![CDATA[
:1 %add_ln878 = add i16 %j_V, i16 1

]]></Node>
<StgValue><ssdm name="add_ln878"/></StgValue>
</operation>

<operation id="24" st_id="3" stage="1" lat="1">
<core>Cmp</core>
<MemPortIdVec></MemPortIdVec>
<condition id="-1">
<or_exp><and_exp></and_exp></or_exp>
</condition>

<Node id="25" bw="1" op_0_bw="16" op_1_bw="16">
<![CDATA[
:2 %icmp_ln68 = icmp_eq  i16 %j_V, i16 %width_read

]]></Node>
<StgValue><ssdm name="icmp_ln68"/></StgValue>
</operation>

<operation id="25" st_id="3" stage="1" lat="1">
<core>NULL</core>
<MemPortIdVec></MemPortIdVec>
<condition id="-1">
<or_exp><and_exp></and_exp></or_exp>
</condition>

<Node id="26" bw="0" op_0_bw="1" op_1_bw="0" op_2_bw="0">
<![CDATA[
:3 %br_ln68 = br i1 %icmp_ln68, void %.split, void %._crit_edge.loopexit

]]></Node>
<StgValue><ssdm name="br_ln68"/></StgValue>
</operation>
</state>

<state id="4" st_id="4">

<operation id="26" st_id="4" stage="1" lat="1">
<core>FIFO_SRL</core>
<MemPortIdVec></MemPortIdVec>
<condition id="-1">
<or_exp><and_exp><literal name="icmp_ln68" val="0"/>
</and_exp></or_exp>
</condition>

<Node id="31" bw="24" op_0_bw="24" op_1_bw="24">
<![CDATA[
.split:3 %tmp_V = read i24 @_ssdm_op_Read.ap_fifo.volatile.i24P0A, i24 %imgInput1_434

]]></Node>
<StgValue><ssdm name="tmp_V"/></StgValue>
</operation>

<operation id="27" st_id="4" stage="1" lat="1">
<core>FIFO_SRL</core>
<MemPortIdVec></MemPortIdVec>
<condition id="-1">
<or_exp><and_exp><literal name="icmp_ln68" val="0"/>
</and_exp></or_exp>
</condition>

<Node id="32" bw="24" op_0_bw="24" op_1_bw="24">
<![CDATA[
.split:4 %tmp_V_1 = read i24 @_ssdm_op_Read.ap_fifo.volatile.i24P0A, i24 %imgInput2_435

]]></Node>
<StgValue><ssdm name="tmp_V_1"/></StgValue>
</operation>

<operation id="28" st_id="4" stage="1" lat="1">
<core>NULL</core>
<MemPortIdVec></MemPortIdVec>
<condition id="-1">
<or_exp><and_exp><literal name="icmp_ln68" val="0"/>
</and_exp></or_exp>
</condition>

<Node id="33" bw="7" op_0_bw="7" op_1_bw="24" op_2_bw="32" op_3_bw="32">
<![CDATA[
.split:5 %tmp = partselect i7 @_ssdm_op_PartSelect.i7.i24.i32.i32, i24 %tmp_V, i32 1, i32 7

]]></Node>
<StgValue><ssdm name="tmp"/></StgValue>
</operation>

<operation id="29" st_id="4" stage="1" lat="1">
<core>NULL</core>
<MemPortIdVec></MemPortIdVec>
<condition id="-1">
<or_exp><and_exp><literal name="icmp_ln68" val="0"/>
</and_exp></or_exp>
</condition>

<Node id="34" bw="7" op_0_bw="7" op_1_bw="24" op_2_bw="32" op_3_bw="32">
<![CDATA[
.split:6 %tmp_3 = partselect i7 @_ssdm_op_PartSelect.i7.i24.i32.i32, i24 %tmp_V_1, i32 1, i32 7

]]></Node>
<StgValue><ssdm name="tmp_3"/></StgValue>
</operation>

<operation id="30" st_id="4" stage="1" lat="1">
<core>NULL</core>
<MemPortIdVec></MemPortIdVec>
<condition id="-1">
<or_exp><and_exp><literal name="icmp_ln68" val="0"/>
</and_exp></or_exp>
</condition>

<Node id="35" bw="8" op_0_bw="7">
<![CDATA[
.split:7 %zext_ln1346 = zext i7 %tmp

]]></Node>
<StgValue><ssdm name="zext_ln1346"/></StgValue>
</operation>

<operation id="31" st_id="4" stage="1" lat="1">
<core>NULL</core>
<MemPortIdVec></MemPortIdVec>
<condition id="-1">
<or_exp><and_exp><literal name="icmp_ln68" val="0"/>
</and_exp></or_exp>
</condition>

<Node id="36" bw="8" op_0_bw="7">
<![CDATA[
.split:8 %zext_ln1346_1 = zext i7 %tmp_3

]]></Node>
<StgValue><ssdm name="zext_ln1346_1"/></StgValue>
</operation>

<operation id="32" st_id="4" stage="1" lat="1">
<core>Adder</core>
<MemPortIdVec></MemPortIdVec>
<condition id="-1">
<or_exp><and_exp><literal name="icmp_ln68" val="0"/>
</and_exp></or_exp>
</condition>

<Node id="37" bw="8" op_0_bw="8" op_1_bw="8">
<![CDATA[
.split:9 %add_ln92 = add i8 %zext_ln1346_1, i8 %zext_ln1346

]]></Node>
<StgValue><ssdm name="add_ln92"/></StgValue>
</operation>

<operation id="33" st_id="4" stage="1" lat="1">
<core>NULL</core>
<MemPortIdVec></MemPortIdVec>
<condition id="-1">
<or_exp><and_exp><literal name="icmp_ln68" val="0"/>
</and_exp></or_exp>
</condition>

<Node id="38" bw="7" op_0_bw="7" op_1_bw="24" op_2_bw="32" op_3_bw="32">
<![CDATA[
.split:10 %tmp_4 = partselect i7 @_ssdm_op_PartSelect.i7.i24.i32.i32, i24 %tmp_V, i32 9, i32 15

]]></Node>
<StgValue><ssdm name="tmp_4"/></StgValue>
</operation>

<operation id="34" st_id="4" stage="1" lat="1">
<core>NULL</core>
<MemPortIdVec></MemPortIdVec>
<condition id="-1">
<or_exp><and_exp><literal name="icmp_ln68" val="0"/>
</and_exp></or_exp>
</condition>

<Node id="39" bw="7" op_0_bw="7" op_1_bw="24" op_2_bw="32" op_3_bw="32">
<![CDATA[
.split:11 %tmp_5 = partselect i7 @_ssdm_op_PartSelect.i7.i24.i32.i32, i24 %tmp_V_1, i32 9, i32 15

]]></Node>
<StgValue><ssdm name="tmp_5"/></StgValue>
</operation>

<operation id="35" st_id="4" stage="1" lat="1">
<core>NULL</core>
<MemPortIdVec></MemPortIdVec>
<condition id="-1">
<or_exp><and_exp><literal name="icmp_ln68" val="0"/>
</and_exp></or_exp>
</condition>

<Node id="40" bw="8" op_0_bw="7">
<![CDATA[
.split:12 %zext_ln1346_2 = zext i7 %tmp_4

]]></Node>
<StgValue><ssdm name="zext_ln1346_2"/></StgValue>
</operation>

<operation id="36" st_id="4" stage="1" lat="1">
<core>NULL</core>
<MemPortIdVec></MemPortIdVec>
<condition id="-1">
<or_exp><and_exp><literal name="icmp_ln68" val="0"/>
</and_exp></or_exp>
</condition>

<Node id="41" bw="8" op_0_bw="7">
<![CDATA[
.split:13 %zext_ln1346_3 = zext i7 %tmp_5

]]></Node>
<StgValue><ssdm name="zext_ln1346_3"/></StgValue>
</operation>

<operation id="37" st_id="4" stage="1" lat="1">
<core>Adder</core>
<MemPortIdVec></MemPortIdVec>
<condition id="-1">
<or_exp><and_exp><literal name="icmp_ln68" val="0"/>
</and_exp></or_exp>
</condition>

<Node id="42" bw="8" op_0_bw="8" op_1_bw="8">
<![CDATA[
.split:14 %add_ln92_1 = add i8 %zext_ln1346_3, i8 %zext_ln1346_2

]]></Node>
<StgValue><ssdm name="add_ln92_1"/></StgValue>
</operation>

<operation id="38" st_id="4" stage="1" lat="1">
<core>NULL</core>
<MemPortIdVec></MemPortIdVec>
<condition id="-1">
<or_exp><and_exp><literal name="icmp_ln68" val="0"/>
</and_exp></or_exp>
</condition>

<Node id="43" bw="7" op_0_bw="7" op_1_bw="24" op_2_bw="32" op_3_bw="32">
<![CDATA[
.split:15 %tmp_6 = partselect i7 @_ssdm_op_PartSelect.i7.i24.i32.i32, i24 %tmp_V, i32 17, i32 23

]]></Node>
<StgValue><ssdm name="tmp_6"/></StgValue>
</operation>

<operation id="39" st_id="4" stage="1" lat="1">
<core>NULL</core>
<MemPortIdVec></MemPortIdVec>
<condition id="-1">
<or_exp><and_exp><literal name="icmp_ln68" val="0"/>
</and_exp></or_exp>
</condition>

<Node id="44" bw="7" op_0_bw="7" op_1_bw="24" op_2_bw="32" op_3_bw="32">
<![CDATA[
.split:16 %tmp_7 = partselect i7 @_ssdm_op_PartSelect.i7.i24.i32.i32, i24 %tmp_V_1, i32 17, i32 23

]]></Node>
<StgValue><ssdm name="tmp_7"/></StgValue>
</operation>

<operation id="40" st_id="4" stage="1" lat="1">
<core>NULL</core>
<MemPortIdVec></MemPortIdVec>
<condition id="-1">
<or_exp><and_exp><literal name="icmp_ln68" val="0"/>
</and_exp></or_exp>
</condition>

<Node id="45" bw="8" op_0_bw="7">
<![CDATA[
.split:17 %zext_ln1346_4 = zext i7 %tmp_6

]]></Node>
<StgValue><ssdm name="zext_ln1346_4"/></StgValue>
</operation>

<operation id="41" st_id="4" stage="1" lat="1">
<core>NULL</core>
<MemPortIdVec></MemPortIdVec>
<condition id="-1">
<or_exp><and_exp><literal name="icmp_ln68" val="0"/>
</and_exp></or_exp>
</condition>

<Node id="46" bw="8" op_0_bw="7">
<![CDATA[
.split:18 %zext_ln1346_5 = zext i7 %tmp_7

]]></Node>
<StgValue><ssdm name="zext_ln1346_5"/></StgValue>
</operation>

<operation id="42" st_id="4" stage="1" lat="1">
<core>Adder</core>
<MemPortIdVec></MemPortIdVec>
<condition id="-1">
<or_exp><and_exp><literal name="icmp_ln68" val="0"/>
</and_exp></or_exp>
</condition>

<Node id="47" bw="8" op_0_bw="8" op_1_bw="8">
<![CDATA[
.split:19 %add_ln92_2 = add i8 %zext_ln1346_5, i8 %zext_ln1346_4

]]></Node>
<StgValue><ssdm name="add_ln92_2"/></StgValue>
</operation>
</state>

<state id="5" st_id="5">

<operation id="43" st_id="5" stage="1" lat="1">
<core>NULL</core>
<MemPortIdVec></MemPortIdVec>
<condition id="-1">
<or_exp><and_exp><literal name="icmp_ln68" val="0"/>
</and_exp></or_exp>
</condition>

<Node id="28" bw="0" op_0_bw="0" op_1_bw="32" op_2_bw="32" op_3_bw="32" op_4_bw="32" op_5_bw="0">
<![CDATA[
.split:0 %specpipeline_ln59 = specpipeline void @_ssdm_op_SpecPipeline, i32 4294967295, i32 0, i32 0, i32 0, void @empty_18

]]></Node>
<StgValue><ssdm name="specpipeline_ln59"/></StgValue>
</operation>

<operation id="44" st_id="5" stage="1" lat="1">
<core>NULL</core>
<MemPortIdVec></MemPortIdVec>
<condition id="-1">
<or_exp><and_exp><literal name="icmp_ln68" val="0"/>
</and_exp></or_exp>
</condition>

<Node id="29" bw="0" op_0_bw="0" op_1_bw="64" op_2_bw="64" op_3_bw="64">
<![CDATA[
.split:1 %speclooptripcount_ln59 = speclooptripcount void @_ssdm_op_SpecLoopTripCount, i64 3840, i64 3840, i64 3840

]]></Node>
<StgValue><ssdm name="speclooptripcount_ln59"/></StgValue>
</operation>

<operation id="45" st_id="5" stage="1" lat="1">
<core>NULL</core>
<MemPortIdVec></MemPortIdVec>
<condition id="-1">
<or_exp><and_exp><literal name="icmp_ln68" val="0"/>
</and_exp></or_exp>
</condition>

<Node id="30" bw="0" op_0_bw="0" op_1_bw="0">
<![CDATA[
.split:2 %specloopname_ln59 = specloopname void @_ssdm_op_SpecLoopName, void @empty_4

]]></Node>
<StgValue><ssdm name="specloopname_ln59"/></StgValue>
</operation>

<operation id="46" st_id="5" stage="1" lat="1">
<core>NULL</core>
<MemPortIdVec></MemPortIdVec>
<condition id="-1">
<or_exp><and_exp><literal name="icmp_ln68" val="0"/>
</and_exp></or_exp>
</condition>

<Node id="48" bw="24" op_0_bw="24" op_1_bw="8" op_2_bw="8" op_3_bw="8">
<![CDATA[
.split:20 %p_Result_25_2 = bitconcatenate i24 @_ssdm_op_BitConcatenate.i24.i8.i8.i8, i8 %add_ln92_2, i8 %add_ln92_1, i8 %add_ln92

]]></Node>
<StgValue><ssdm name="p_Result_25_2"/></StgValue>
</operation>

<operation id="47" st_id="5" stage="1" lat="1">
<core>FIFO_SRL</core>
<MemPortIdVec></MemPortIdVec>
<condition id="-1">
<or_exp><and_exp><literal name="icmp_ln68" val="0"/>
</and_exp></or_exp>
</condition>

<Node id="49" bw="0" op_0_bw="0" op_1_bw="24" op_2_bw="24">
<![CDATA[
.split:21 %write_ln174 = write void @_ssdm_op_Write.ap_fifo.volatile.i24P0A, i24 %imgOutput_436, i24 %p_Result_25_2

]]></Node>
<StgValue><ssdm name="write_ln174"/></StgValue>
</operation>

<operation id="48" st_id="5" stage="1" lat="1">
<core>NULL</core>
<MemPortIdVec></MemPortIdVec>
<condition id="-1">
<or_exp><and_exp><literal name="icmp_ln68" val="0"/>
</and_exp></or_exp>
</condition>

<Node id="50" bw="0" op_0_bw="0">
<![CDATA[
.split:22 %br_ln0 = br void

]]></Node>
<StgValue><ssdm name="br_ln0"/></StgValue>
</operation>
</state>

<state id="6" st_id="6">

<operation id="49" st_id="6" stage="1" lat="1">
<core>NULL</core>
<MemPortIdVec></MemPortIdVec>
<condition id="-1">
<or_exp><and_exp></and_exp></or_exp>
</condition>

<Node id="52" bw="0" op_0_bw="0">
<![CDATA[
._crit_edge.loopexit:0 %br_ln0 = br void

]]></Node>
<StgValue><ssdm name="br_ln0"/></StgValue>
</operation>
</state>
</state_list>


<ports>
</ports>


<dataflows>
</dataflows>


</stg>
