<profile>

<section name = "Vitis HLS Report for 'addWeighted_9_9_2160_3840_1_s'" level="0">
<item name = "Date">Fri Jul 16 11:50:34 2021
</item>
<item name = "Version">2020.2 (Build 3064766 on Wed Nov 18 09:12:45 MST 2020)</item>
<item name = "Project">addWeighted</item>
<item name = "Solution">solution1 (Vivado IP Flow Target)</item>
<item name = "Product family">zynq</item>
<item name = "Target device">xc7z020-clg400-1</item>
</section>

<section name = "Performance Estimates" level="0">
<item name = "Timing">
<section name = "" level="1">
<item name = "Summary"><table name="" hasTotal="0">
<keys size="4">Clock, Target, Estimated, Uncertainty</keys>
<column name="ap_clk">10.00 ns, 5.504 ns, 2.70 ns</column>
</table>
</item>
</section>
</item>
<item name = "Latency">
<section name = "" level="1">
<item name = "Summary"><table name="" hasTotal="0">
<keys size="8">, min, max, min, max, min, max, Type</keys>
<column name="">8303042, 8303042, 83.030 ms, 83.030 ms, 8303042, 8303042, none</column>
</table>
</item>
<item name = "Detail">
<section name = "" level="1">
<item name = "Instance"><table name="" hasTotal="0">
<keys size="9">Instance, Module, min, max, min, max, min, max, Type</keys>
<column name="grp_AddWeightedKernel_9_9_2160_3840_1_3_15_15_9_9_3840_s_fu_44">AddWeightedKernel_9_9_2160_3840_1_3_15_15_9_9_3840_s, 8303041, 8303041, 83.030 ms, 83.030 ms, 8303041, 8303041, none</column>
</table>
</item>
<item name = "Loop"><table name="" hasTotal="0">
<keys size="8">Loop Name, min, max, Latency, achieved, target, Count, Pipelined</keys>
</table>
</item>
</section>
</item>
</section>
</item>
</section>

<section name = "Utilization Estimates" level="0">
<item name = "Summary"><table name="" hasTotal="1">
<keys size="6">Name, BRAM_18K, DSP, FF, LUT, URAM</keys>
<column name="DSP">-, -, -, -, -</column>
<column name="Expression">-, -, 0, 2, -</column>
<column name="FIFO">-, -, -, -, -</column>
<column name="Instance">-, -, 75, 206, -</column>
<column name="Memory">-, -, -, -, -</column>
<column name="Multiplexer">-, -, -, 68, -</column>
<column name="Register">-, -, 36, -, -</column>
<specialColumn name="Available">280, 220, 106400, 53200, 0</specialColumn>
<specialColumn name="Utilization (%)">0, 0, ~0, ~0, 0</specialColumn>
</table>
</item>
<item name = "Detail">
<section name = "" level="1">
<item name = "Instance"><table name="" hasTotal="1">
<keys size="7">Instance, Module, BRAM_18K, DSP, FF, LUT, URAM</keys>
<column name="grp_AddWeightedKernel_9_9_2160_3840_1_3_15_15_9_9_3840_s_fu_44">AddWeightedKernel_9_9_2160_3840_1_3_15_15_9_9_3840_s, 0, 0, 75, 206, 0</column>
</table>
</item>
<item name = "DSP"><table name="" hasTotal="0">
<keys size="3">Instance, Module, Expression</keys>
</table>
</item>
<item name = "Memory"><table name="" hasTotal="1">
<keys size="10">Memory, Module, BRAM_18K, FF, LUT, URAM, Words, Bits, Banks, W*Bits*Banks</keys>
</table>
</item>
<item name = "FIFO"><table name="" hasTotal="1">
<keys size="8">Name, BRAM_18K, FF, LUT, URAM, Depth, Bits, Size:D*B</keys>
</table>
</item>
<item name = "Expression"><table name="" hasTotal="1">
<keys size="7">Variable Name, Operation, DSP, FF, LUT, Bitwidth P0, Bitwidth P1</keys>
<column name="ap_block_state1">or, 0, 0, 2, 1, 1</column>
</table>
</item>
<item name = "Multiplexer"><table name="" hasTotal="1">
<keys size="5">Name, LUT, Input Size, Bits, Total Bits</keys>
<column name="ap_NS_fsm">14, 3, 1, 3</column>
<column name="ap_done">9, 2, 1, 2</column>
<column name="imgInput1_434_read">9, 2, 1, 2</column>
<column name="imgInput2_435_read">9, 2, 1, 2</column>
<column name="imgOutput_436_write">9, 2, 1, 2</column>
<column name="src1_cols_blk_n">9, 2, 1, 2</column>
<column name="src1_rows_blk_n">9, 2, 1, 2</column>
</table>
</item>
<item name = "Register"><table name="" hasTotal="1">
<keys size="5">Name, FF, LUT, Bits, Const Bits</keys>
<column name="ap_CS_fsm">2, 0, 2, 0</column>
<column name="ap_done_reg">1, 0, 1, 0</column>
<column name="grp_AddWeightedKernel_9_9_2160_3840_1_3_15_15_9_9_3840_s_fu_44_ap_start_reg">1, 0, 1, 0</column>
<column name="trunc_ln123_reg_71">16, 0, 16, 0</column>
<column name="width_reg_66">16, 0, 16, 0</column>
</table>
</item>
</section>
</item>
</section>

<section name = "Interface" level="0">
<item name = "Summary"><table name="" hasTotal="0">
<keys size="6">RTL Ports, Dir, Bits, Protocol, Source Object, C Type</keys>
<column name="ap_clk">in, 1, ap_ctrl_hs, addWeighted&lt;9, 9, 2160, 3840, 1&gt;, return value</column>
<column name="ap_rst">in, 1, ap_ctrl_hs, addWeighted&lt;9, 9, 2160, 3840, 1&gt;, return value</column>
<column name="ap_start">in, 1, ap_ctrl_hs, addWeighted&lt;9, 9, 2160, 3840, 1&gt;, return value</column>
<column name="ap_done">out, 1, ap_ctrl_hs, addWeighted&lt;9, 9, 2160, 3840, 1&gt;, return value</column>
<column name="ap_continue">in, 1, ap_ctrl_hs, addWeighted&lt;9, 9, 2160, 3840, 1&gt;, return value</column>
<column name="ap_idle">out, 1, ap_ctrl_hs, addWeighted&lt;9, 9, 2160, 3840, 1&gt;, return value</column>
<column name="ap_ready">out, 1, ap_ctrl_hs, addWeighted&lt;9, 9, 2160, 3840, 1&gt;, return value</column>
<column name="imgInput1_434_dout">in, 24, ap_fifo, imgInput1_434, pointer</column>
<column name="imgInput1_434_empty_n">in, 1, ap_fifo, imgInput1_434, pointer</column>
<column name="imgInput1_434_read">out, 1, ap_fifo, imgInput1_434, pointer</column>
<column name="imgInput2_435_dout">in, 24, ap_fifo, imgInput2_435, pointer</column>
<column name="imgInput2_435_empty_n">in, 1, ap_fifo, imgInput2_435, pointer</column>
<column name="imgInput2_435_read">out, 1, ap_fifo, imgInput2_435, pointer</column>
<column name="imgOutput_436_din">out, 24, ap_fifo, imgOutput_436, pointer</column>
<column name="imgOutput_436_full_n">in, 1, ap_fifo, imgOutput_436, pointer</column>
<column name="imgOutput_436_write">out, 1, ap_fifo, imgOutput_436, pointer</column>
<column name="src1_rows_dout">in, 32, ap_fifo, src1_rows, pointer</column>
<column name="src1_rows_empty_n">in, 1, ap_fifo, src1_rows, pointer</column>
<column name="src1_rows_read">out, 1, ap_fifo, src1_rows, pointer</column>
<column name="src1_cols_dout">in, 32, ap_fifo, src1_cols, pointer</column>
<column name="src1_cols_empty_n">in, 1, ap_fifo, src1_cols, pointer</column>
<column name="src1_cols_read">out, 1, ap_fifo, src1_cols, pointer</column>
</table>
</item>
</section>
</profile>
