<stg><name>Array2xfMat<32, 9, 2160, 3840, 1></name>


<trans_list>

<trans id="14" from="1" to="2">
<condition id="-1">
<or_exp><and_exp></and_exp></or_exp>
</condition>
</trans>
</trans_list>



<state_list>

<state id="1" st_id="1">

<operation id="3" st_id="1" stage="1" lat="1">
<core>NULL</core>
<MemPortIdVec></MemPortIdVec>
<condition id="-1">
<or_exp><and_exp></and_exp></or_exp>
</condition>

<Node id="9" bw="32" op_0_bw="32" op_1_bw="32">
<![CDATA[
entry:3 %p_read_1 = read i32 @_ssdm_op_Read.ap_auto.i32, i32 %p_read1

]]></Node>
<StgValue><ssdm name="p_read_1"/></StgValue>
</operation>

<operation id="4" st_id="1" stage="1" lat="1">
<core>NULL</core>
<MemPortIdVec></MemPortIdVec>
<condition id="-1">
<or_exp><and_exp></and_exp></or_exp>
</condition>

<Node id="10" bw="32" op_0_bw="32" op_1_bw="32">
<![CDATA[
entry:4 %p_read_2 = read i32 @_ssdm_op_Read.ap_auto.i32, i32 %p_read

]]></Node>
<StgValue><ssdm name="p_read_2"/></StgValue>
</operation>

<operation id="5" st_id="1" stage="1" lat="1">
<core>FIFO_SRL</core>
<MemPortIdVec></MemPortIdVec>
<condition id="-1">
<or_exp><and_exp></and_exp></or_exp>
</condition>

<Node id="11" bw="64" op_0_bw="64" op_1_bw="64">
<![CDATA[
entry:5 %srcPtr_read = read i64 @_ssdm_op_Read.ap_fifo.i64P0A, i64 %srcPtr

]]></Node>
<StgValue><ssdm name="srcPtr_read"/></StgValue>
</operation>

<operation id="6" st_id="1" stage="2" lat="2">
<core></core>
<MemPortIdVec></MemPortIdVec>
<condition id="-1">
<or_exp><and_exp></and_exp></or_exp>
</condition>

<Node id="14" bw="0" op_0_bw="0" op_1_bw="32" op_2_bw="24" op_3_bw="64" op_4_bw="32" op_5_bw="32">
<![CDATA[
entry:8 %call_ln1266 = call void @Axi2Mat, i32 %gmem1, i24 %imgInput1_434, i64 %srcPtr_read, i32 %p_read_2, i32 %p_read_1

]]></Node>
<StgValue><ssdm name="call_ln1266"/></StgValue>
</operation>
</state>

<state id="2" st_id="2">

<operation id="7" st_id="2" stage="1" lat="1">
<core>NULL</core>
<MemPortIdVec></MemPortIdVec>
<condition id="-1">
<or_exp><and_exp></and_exp></or_exp>
</condition>

<Node id="6" bw="0" op_0_bw="0" op_1_bw="32" op_2_bw="0" op_3_bw="32" op_4_bw="32" op_5_bw="0" op_6_bw="32" op_7_bw="32" op_8_bw="0" op_9_bw="0" op_10_bw="0" op_11_bw="32" op_12_bw="32" op_13_bw="32" op_14_bw="32" op_15_bw="0" op_16_bw="0">
<![CDATA[
entry:0 %specinterface_ln0 = specinterface void @_ssdm_op_SpecInterface, i32 %gmem1, void @empty_20, i32 0, i32 0, void @empty_18, i32 0, i32 0, void @empty_19, void @empty_1, void @empty_18, i32 16, i32 16, i32 16, i32 16, void @empty_18, void @empty_18

]]></Node>
<StgValue><ssdm name="specinterface_ln0"/></StgValue>
</operation>

<operation id="8" st_id="2" stage="1" lat="1">
<core>NULL</core>
<MemPortIdVec></MemPortIdVec>
<condition id="-1">
<or_exp><and_exp></and_exp></or_exp>
</condition>

<Node id="7" bw="0" op_0_bw="0" op_1_bw="24" op_2_bw="0" op_3_bw="32" op_4_bw="32" op_5_bw="0" op_6_bw="32" op_7_bw="32" op_8_bw="0" op_9_bw="0" op_10_bw="0" op_11_bw="32" op_12_bw="32" op_13_bw="32" op_14_bw="32" op_15_bw="0" op_16_bw="0">
<![CDATA[
entry:1 %specinterface_ln0 = specinterface void @_ssdm_op_SpecInterface, i24 %imgInput1_434, void @empty_2, i32 0, i32 0, void @empty_18, i32 0, i32 0, void @empty_18, void @empty_18, void @empty_18, i32 0, i32 0, i32 0, i32 0, void @empty_18, void @empty_18

]]></Node>
<StgValue><ssdm name="specinterface_ln0"/></StgValue>
</operation>

<operation id="9" st_id="2" stage="1" lat="1">
<core>NULL</core>
<MemPortIdVec></MemPortIdVec>
<condition id="-1">
<or_exp><and_exp></and_exp></or_exp>
</condition>

<Node id="8" bw="0" op_0_bw="0" op_1_bw="64" op_2_bw="0" op_3_bw="32" op_4_bw="32" op_5_bw="0" op_6_bw="32" op_7_bw="32" op_8_bw="0" op_9_bw="0" op_10_bw="0" op_11_bw="32" op_12_bw="32" op_13_bw="32" op_14_bw="32" op_15_bw="0" op_16_bw="0">
<![CDATA[
entry:2 %specinterface_ln0 = specinterface void @_ssdm_op_SpecInterface, i64 %srcPtr, void @ap_fifo_str, i32 0, i32 0, void @p_str, i32 0, i32 0, void @p_str, void @p_str, void @p_str, i32 2, i32 2, i32 16, i32 16, void @p_str, void @ScalarProp_str

]]></Node>
<StgValue><ssdm name="specinterface_ln0"/></StgValue>
</operation>

<operation id="10" st_id="2" stage="1" lat="1">
<core>NULL</core>
<MemPortIdVec></MemPortIdVec>
<condition id="-1">
<or_exp><and_exp></and_exp></or_exp>
</condition>

<Node id="12" bw="0" op_0_bw="0" op_1_bw="24" op_2_bw="0" op_3_bw="32" op_4_bw="32" op_5_bw="0" op_6_bw="32" op_7_bw="32" op_8_bw="0" op_9_bw="0" op_10_bw="0" op_11_bw="32" op_12_bw="32" op_13_bw="32" op_14_bw="32" op_15_bw="0" op_16_bw="0">
<![CDATA[
entry:6 %specinterface_ln0 = specinterface void @_ssdm_op_SpecInterface, i24 %imgInput1_434, void @empty_2, i32 0, i32 0, void @empty_18, i32 0, i32 0, void @empty_18, void @empty_18, void @empty_18, i32 0, i32 0, i32 0, i32 0, void @empty_18, void @empty_18

]]></Node>
<StgValue><ssdm name="specinterface_ln0"/></StgValue>
</operation>

<operation id="11" st_id="2" stage="1" lat="1">
<core>NULL</core>
<MemPortIdVec></MemPortIdVec>
<condition id="-1">
<or_exp><and_exp></and_exp></or_exp>
</condition>

<Node id="13" bw="0" op_0_bw="0" op_1_bw="32" op_2_bw="0" op_3_bw="32" op_4_bw="32" op_5_bw="0" op_6_bw="32" op_7_bw="32" op_8_bw="0" op_9_bw="0" op_10_bw="0" op_11_bw="32" op_12_bw="32" op_13_bw="32" op_14_bw="32" op_15_bw="0" op_16_bw="0">
<![CDATA[
entry:7 %specinterface_ln0 = specinterface void @_ssdm_op_SpecInterface, i32 %gmem1, void @empty_20, i32 0, i32 0, void @empty_18, i32 0, i32 0, void @empty_19, void @empty_1, void @empty_18, i32 16, i32 16, i32 16, i32 16, void @empty_18, void @empty_18

]]></Node>
<StgValue><ssdm name="specinterface_ln0"/></StgValue>
</operation>

<operation id="12" st_id="2" stage="1" lat="2">
<core></core>
<MemPortIdVec></MemPortIdVec>
<condition id="-1">
<or_exp><and_exp></and_exp></or_exp>
</condition>

<Node id="14" bw="0" op_0_bw="0" op_1_bw="32" op_2_bw="24" op_3_bw="64" op_4_bw="32" op_5_bw="32">
<![CDATA[
entry:8 %call_ln1266 = call void @Axi2Mat, i32 %gmem1, i24 %imgInput1_434, i64 %srcPtr_read, i32 %p_read_2, i32 %p_read_1

]]></Node>
<StgValue><ssdm name="call_ln1266"/></StgValue>
</operation>

<operation id="13" st_id="2" stage="1" lat="1">
<core>NULL</core>
<MemPortIdVec></MemPortIdVec>
<condition id="-1">
<or_exp><and_exp></and_exp></or_exp>
</condition>

<Node id="15" bw="0">
<![CDATA[
entry:9 %ret_ln0 = ret

]]></Node>
<StgValue><ssdm name="ret_ln0"/></StgValue>
</operation>
</state>
</state_list>


<ports>
<port id="15" name="gmem1" dir="0" iftype="4">
<core>NULL</core><StgValue><ssdm name="gmem1"/></StgValue>
</port>
<port id="16" name="imgInput1_434" dir="1" iftype="3">
<core>FIFO_SRL</core><StgValue><ssdm name="imgInput1_434"/></StgValue>
</port>
<port id="17" name="srcPtr" dir="0" iftype="3">
<core>FIFO_SRL</core><StgValue><ssdm name="srcPtr"/></StgValue>
</port>
<port id="18" name="p_read" dir="0" iftype="0">
<core>NULL</core><StgValue><ssdm name="p_read"/></StgValue>
</port>
<port id="19" name="p_read1" dir="0" iftype="0">
<core>NULL</core><StgValue><ssdm name="p_read1"/></StgValue>
</port>
</ports>


<dataflows>
<dataflow id="21" from="_ssdm_op_Read.ap_auto.i32" to="p_read_1" fromId="20" toId="3">
</dataflow>
<dataflow id="22" from="p_read1" to="p_read_1" fromId="19" toId="3">
</dataflow>
<dataflow id="23" from="_ssdm_op_Read.ap_auto.i32" to="p_read_2" fromId="20" toId="4">
</dataflow>
<dataflow id="24" from="p_read" to="p_read_2" fromId="18" toId="4">
</dataflow>
<dataflow id="26" from="_ssdm_op_Read.ap_fifo.i64P0A" to="srcPtr_read" fromId="25" toId="5">
</dataflow>
<dataflow id="27" from="srcPtr" to="srcPtr_read" fromId="17" toId="5">
</dataflow>
<dataflow id="29" from="Axi2Mat" to="call_ln1266" fromId="28" toId="6">
</dataflow>
<dataflow id="30" from="gmem1" to="call_ln1266" fromId="15" toId="6">
</dataflow>
<dataflow id="31" from="imgInput1_434" to="call_ln1266" fromId="16" toId="6">
</dataflow>
<dataflow id="32" from="srcPtr_read" to="call_ln1266" fromId="5" toId="6">
</dataflow>
<dataflow id="33" from="p_read_2" to="call_ln1266" fromId="4" toId="6">
</dataflow>
<dataflow id="34" from="p_read_1" to="call_ln1266" fromId="3" toId="6">
</dataflow>
<dataflow id="36" from="_ssdm_op_SpecInterface" to="specinterface_ln0" fromId="35" toId="7">
</dataflow>
<dataflow id="37" from="gmem1" to="specinterface_ln0" fromId="15" toId="7">
</dataflow>
<dataflow id="39" from="empty_20" to="specinterface_ln0" fromId="38" toId="7">
</dataflow>
<dataflow id="41" from="StgValue_40" to="specinterface_ln0" fromId="40" toId="7">
</dataflow>
<dataflow id="42" from="StgValue_40" to="specinterface_ln0" fromId="40" toId="7">
</dataflow>
<dataflow id="44" from="empty_18" to="specinterface_ln0" fromId="43" toId="7">
</dataflow>
<dataflow id="45" from="StgValue_40" to="specinterface_ln0" fromId="40" toId="7">
</dataflow>
<dataflow id="46" from="StgValue_40" to="specinterface_ln0" fromId="40" toId="7">
</dataflow>
<dataflow id="48" from="empty_19" to="specinterface_ln0" fromId="47" toId="7">
</dataflow>
<dataflow id="50" from="empty_1" to="specinterface_ln0" fromId="49" toId="7">
</dataflow>
<dataflow id="51" from="empty_18" to="specinterface_ln0" fromId="43" toId="7">
</dataflow>
<dataflow id="53" from="StgValue_52" to="specinterface_ln0" fromId="52" toId="7">
</dataflow>
<dataflow id="54" from="StgValue_52" to="specinterface_ln0" fromId="52" toId="7">
</dataflow>
<dataflow id="55" from="StgValue_52" to="specinterface_ln0" fromId="52" toId="7">
</dataflow>
<dataflow id="56" from="StgValue_52" to="specinterface_ln0" fromId="52" toId="7">
</dataflow>
<dataflow id="57" from="empty_18" to="specinterface_ln0" fromId="43" toId="7">
</dataflow>
<dataflow id="58" from="empty_18" to="specinterface_ln0" fromId="43" toId="7">
</dataflow>
<dataflow id="59" from="_ssdm_op_SpecInterface" to="specinterface_ln0" fromId="35" toId="8">
</dataflow>
<dataflow id="60" from="imgInput1_434" to="specinterface_ln0" fromId="16" toId="8">
</dataflow>
<dataflow id="62" from="empty_2" to="specinterface_ln0" fromId="61" toId="8">
</dataflow>
<dataflow id="63" from="StgValue_40" to="specinterface_ln0" fromId="40" toId="8">
</dataflow>
<dataflow id="64" from="StgValue_40" to="specinterface_ln0" fromId="40" toId="8">
</dataflow>
<dataflow id="65" from="empty_18" to="specinterface_ln0" fromId="43" toId="8">
</dataflow>
<dataflow id="66" from="StgValue_40" to="specinterface_ln0" fromId="40" toId="8">
</dataflow>
<dataflow id="67" from="StgValue_40" to="specinterface_ln0" fromId="40" toId="8">
</dataflow>
<dataflow id="68" from="empty_18" to="specinterface_ln0" fromId="43" toId="8">
</dataflow>
<dataflow id="69" from="empty_18" to="specinterface_ln0" fromId="43" toId="8">
</dataflow>
<dataflow id="70" from="empty_18" to="specinterface_ln0" fromId="43" toId="8">
</dataflow>
<dataflow id="71" from="StgValue_40" to="specinterface_ln0" fromId="40" toId="8">
</dataflow>
<dataflow id="72" from="StgValue_40" to="specinterface_ln0" fromId="40" toId="8">
</dataflow>
<dataflow id="73" from="StgValue_40" to="specinterface_ln0" fromId="40" toId="8">
</dataflow>
<dataflow id="74" from="StgValue_40" to="specinterface_ln0" fromId="40" toId="8">
</dataflow>
<dataflow id="75" from="empty_18" to="specinterface_ln0" fromId="43" toId="8">
</dataflow>
<dataflow id="76" from="empty_18" to="specinterface_ln0" fromId="43" toId="8">
</dataflow>
<dataflow id="77" from="_ssdm_op_SpecInterface" to="specinterface_ln0" fromId="35" toId="9">
</dataflow>
<dataflow id="78" from="srcPtr" to="specinterface_ln0" fromId="17" toId="9">
</dataflow>
<dataflow id="80" from="ap_fifo_str" to="specinterface_ln0" fromId="79" toId="9">
</dataflow>
<dataflow id="81" from="StgValue_40" to="specinterface_ln0" fromId="40" toId="9">
</dataflow>
<dataflow id="82" from="StgValue_40" to="specinterface_ln0" fromId="40" toId="9">
</dataflow>
<dataflow id="84" from="p_str" to="specinterface_ln0" fromId="83" toId="9">
</dataflow>
<dataflow id="85" from="StgValue_40" to="specinterface_ln0" fromId="40" toId="9">
</dataflow>
<dataflow id="86" from="StgValue_40" to="specinterface_ln0" fromId="40" toId="9">
</dataflow>
<dataflow id="87" from="p_str" to="specinterface_ln0" fromId="83" toId="9">
</dataflow>
<dataflow id="88" from="p_str" to="specinterface_ln0" fromId="83" toId="9">
</dataflow>
<dataflow id="89" from="p_str" to="specinterface_ln0" fromId="83" toId="9">
</dataflow>
<dataflow id="91" from="StgValue_90" to="specinterface_ln0" fromId="90" toId="9">
</dataflow>
<dataflow id="92" from="StgValue_90" to="specinterface_ln0" fromId="90" toId="9">
</dataflow>
<dataflow id="93" from="StgValue_52" to="specinterface_ln0" fromId="52" toId="9">
</dataflow>
<dataflow id="94" from="StgValue_52" to="specinterface_ln0" fromId="52" toId="9">
</dataflow>
<dataflow id="95" from="p_str" to="specinterface_ln0" fromId="83" toId="9">
</dataflow>
<dataflow id="97" from="ScalarProp_str" to="specinterface_ln0" fromId="96" toId="9">
</dataflow>
<dataflow id="98" from="_ssdm_op_SpecInterface" to="specinterface_ln0" fromId="35" toId="10">
</dataflow>
<dataflow id="99" from="imgInput1_434" to="specinterface_ln0" fromId="16" toId="10">
</dataflow>
<dataflow id="100" from="empty_2" to="specinterface_ln0" fromId="61" toId="10">
</dataflow>
<dataflow id="101" from="StgValue_40" to="specinterface_ln0" fromId="40" toId="10">
</dataflow>
<dataflow id="102" from="StgValue_40" to="specinterface_ln0" fromId="40" toId="10">
</dataflow>
<dataflow id="103" from="empty_18" to="specinterface_ln0" fromId="43" toId="10">
</dataflow>
<dataflow id="104" from="StgValue_40" to="specinterface_ln0" fromId="40" toId="10">
</dataflow>
<dataflow id="105" from="StgValue_40" to="specinterface_ln0" fromId="40" toId="10">
</dataflow>
<dataflow id="106" from="empty_18" to="specinterface_ln0" fromId="43" toId="10">
</dataflow>
<dataflow id="107" from="empty_18" to="specinterface_ln0" fromId="43" toId="10">
</dataflow>
<dataflow id="108" from="empty_18" to="specinterface_ln0" fromId="43" toId="10">
</dataflow>
<dataflow id="109" from="StgValue_40" to="specinterface_ln0" fromId="40" toId="10">
</dataflow>
<dataflow id="110" from="StgValue_40" to="specinterface_ln0" fromId="40" toId="10">
</dataflow>
<dataflow id="111" from="StgValue_40" to="specinterface_ln0" fromId="40" toId="10">
</dataflow>
<dataflow id="112" from="StgValue_40" to="specinterface_ln0" fromId="40" toId="10">
</dataflow>
<dataflow id="113" from="empty_18" to="specinterface_ln0" fromId="43" toId="10">
</dataflow>
<dataflow id="114" from="empty_18" to="specinterface_ln0" fromId="43" toId="10">
</dataflow>
<dataflow id="115" from="_ssdm_op_SpecInterface" to="specinterface_ln0" fromId="35" toId="11">
</dataflow>
<dataflow id="116" from="gmem1" to="specinterface_ln0" fromId="15" toId="11">
</dataflow>
<dataflow id="117" from="empty_20" to="specinterface_ln0" fromId="38" toId="11">
</dataflow>
<dataflow id="118" from="StgValue_40" to="specinterface_ln0" fromId="40" toId="11">
</dataflow>
<dataflow id="119" from="StgValue_40" to="specinterface_ln0" fromId="40" toId="11">
</dataflow>
<dataflow id="120" from="empty_18" to="specinterface_ln0" fromId="43" toId="11">
</dataflow>
<dataflow id="121" from="StgValue_40" to="specinterface_ln0" fromId="40" toId="11">
</dataflow>
<dataflow id="122" from="StgValue_40" to="specinterface_ln0" fromId="40" toId="11">
</dataflow>
<dataflow id="123" from="empty_19" to="specinterface_ln0" fromId="47" toId="11">
</dataflow>
<dataflow id="124" from="empty_1" to="specinterface_ln0" fromId="49" toId="11">
</dataflow>
<dataflow id="125" from="empty_18" to="specinterface_ln0" fromId="43" toId="11">
</dataflow>
<dataflow id="126" from="StgValue_52" to="specinterface_ln0" fromId="52" toId="11">
</dataflow>
<dataflow id="127" from="StgValue_52" to="specinterface_ln0" fromId="52" toId="11">
</dataflow>
<dataflow id="128" from="StgValue_52" to="specinterface_ln0" fromId="52" toId="11">
</dataflow>
<dataflow id="129" from="StgValue_52" to="specinterface_ln0" fromId="52" toId="11">
</dataflow>
<dataflow id="130" from="empty_18" to="specinterface_ln0" fromId="43" toId="11">
</dataflow>
<dataflow id="131" from="empty_18" to="specinterface_ln0" fromId="43" toId="11">
</dataflow>
<dataflow id="132" from="Axi2Mat" to="call_ln1266" fromId="28" toId="12">
</dataflow>
<dataflow id="133" from="gmem1" to="call_ln1266" fromId="15" toId="12">
</dataflow>
<dataflow id="134" from="imgInput1_434" to="call_ln1266" fromId="16" toId="12">
</dataflow>
<dataflow id="135" from="srcPtr_read" to="call_ln1266" fromId="5" toId="12">
</dataflow>
<dataflow id="136" from="p_read_2" to="call_ln1266" fromId="4" toId="12">
</dataflow>
<dataflow id="137" from="p_read_1" to="call_ln1266" fromId="3" toId="12">
</dataflow>
</dataflows>


</stg>
