<stg><name>Array2xfMat<32, 9, 2160, 3840, 1>6</name>


<trans_list>

<trans id="20" from="1" to="2">
<condition id="-1">
<or_exp><and_exp></and_exp></or_exp>
</condition>
</trans>
</trans_list>



<state_list>

<state id="1" st_id="1">

<operation id="3" st_id="1" stage="1" lat="1">
<core>FIFO_SRL</core>
<MemPortIdVec></MemPortIdVec>
<condition id="-1">
<or_exp><and_exp></and_exp></or_exp>
</condition>

<Node id="13" bw="64" op_0_bw="64" op_1_bw="64">
<![CDATA[
entry:5 %srcPtr_read = read i64 @_ssdm_op_Read.ap_fifo.i64P0A, i64 %srcPtr

]]></Node>
<StgValue><ssdm name="srcPtr_read"/></StgValue>
</operation>

<operation id="4" st_id="1" stage="1" lat="1">
<core>FIFO_SRL</core>
<MemPortIdVec></MemPortIdVec>
<condition id="-1">
<or_exp><and_exp></and_exp></or_exp>
</condition>

<Node id="14" bw="32" op_0_bw="32" op_1_bw="32">
<![CDATA[
entry:6 %dstMat_rows_read = read i32 @_ssdm_op_Read.ap_fifo.i32P0A, i32 %dstMat_rows

]]></Node>
<StgValue><ssdm name="dstMat_rows_read"/></StgValue>
</operation>

<operation id="5" st_id="1" stage="1" lat="1">
<core>FIFO_SRL</core>
<MemPortIdVec></MemPortIdVec>
<condition id="-1">
<or_exp><and_exp></and_exp></or_exp>
</condition>

<Node id="15" bw="32" op_0_bw="32" op_1_bw="32">
<![CDATA[
entry:7 %dstMat_cols_read = read i32 @_ssdm_op_Read.ap_fifo.i32P0A, i32 %dstMat_cols

]]></Node>
<StgValue><ssdm name="dstMat_cols_read"/></StgValue>
</operation>

<operation id="6" st_id="1" stage="1" lat="1">
<core>FIFO_SRL</core>
<MemPortIdVec></MemPortIdVec>
<condition id="-1">
<or_exp><and_exp></and_exp></or_exp>
</condition>

<Node id="17" bw="0" op_0_bw="0" op_1_bw="32" op_2_bw="32">
<![CDATA[
entry:9 %write_ln35 = write void @_ssdm_op_Write.ap_fifo.i32P0A, i32 %dstMat_rows_out, i32 %dstMat_rows_read

]]></Node>
<StgValue><ssdm name="write_ln35"/></StgValue>
</operation>

<operation id="7" st_id="1" stage="1" lat="1">
<core>FIFO_SRL</core>
<MemPortIdVec></MemPortIdVec>
<condition id="-1">
<or_exp><and_exp></and_exp></or_exp>
</condition>

<Node id="19" bw="0" op_0_bw="0" op_1_bw="32" op_2_bw="32">
<![CDATA[
entry:11 %write_ln35 = write void @_ssdm_op_Write.ap_fifo.i32P0A, i32 %dstMat_cols_out, i32 %dstMat_cols_read

]]></Node>
<StgValue><ssdm name="write_ln35"/></StgValue>
</operation>

<operation id="8" st_id="1" stage="2" lat="2">
<core></core>
<MemPortIdVec></MemPortIdVec>
<condition id="-1">
<or_exp><and_exp></and_exp></or_exp>
</condition>

<Node id="22" bw="0" op_0_bw="0" op_1_bw="32" op_2_bw="24" op_3_bw="64" op_4_bw="32" op_5_bw="32">
<![CDATA[
entry:14 %call_ln1266 = call void @Axi2Mat, i32 %gmem1, i24 %imgInput1_434, i64 %srcPtr_read, i32 %dstMat_rows_read, i32 %dstMat_cols_read

]]></Node>
<StgValue><ssdm name="call_ln1266"/></StgValue>
</operation>
</state>

<state id="2" st_id="2">

<operation id="9" st_id="2" stage="1" lat="1">
<core>NULL</core>
<MemPortIdVec></MemPortIdVec>
<condition id="-1">
<or_exp><and_exp></and_exp></or_exp>
</condition>

<Node id="8" bw="0" op_0_bw="0" op_1_bw="32" op_2_bw="0" op_3_bw="32" op_4_bw="32" op_5_bw="0" op_6_bw="32" op_7_bw="32" op_8_bw="0" op_9_bw="0" op_10_bw="0" op_11_bw="32" op_12_bw="32" op_13_bw="32" op_14_bw="32" op_15_bw="0" op_16_bw="0">
<![CDATA[
entry:0 %specinterface_ln0 = specinterface void @_ssdm_op_SpecInterface, i32 %gmem1, void @empty_20, i32 0, i32 0, void @empty_18, i32 0, i32 0, void @empty_19, void @empty_1, void @empty_18, i32 16, i32 16, i32 16, i32 16, void @empty_18, void @empty_18

]]></Node>
<StgValue><ssdm name="specinterface_ln0"/></StgValue>
</operation>

<operation id="10" st_id="2" stage="1" lat="1">
<core>NULL</core>
<MemPortIdVec></MemPortIdVec>
<condition id="-1">
<or_exp><and_exp></and_exp></or_exp>
</condition>

<Node id="9" bw="0" op_0_bw="0" op_1_bw="24" op_2_bw="0" op_3_bw="32" op_4_bw="32" op_5_bw="0" op_6_bw="32" op_7_bw="32" op_8_bw="0" op_9_bw="0" op_10_bw="0" op_11_bw="32" op_12_bw="32" op_13_bw="32" op_14_bw="32" op_15_bw="0" op_16_bw="0">
<![CDATA[
entry:1 %specinterface_ln0 = specinterface void @_ssdm_op_SpecInterface, i24 %imgInput1_434, void @empty_2, i32 0, i32 0, void @empty_18, i32 0, i32 0, void @empty_18, void @empty_18, void @empty_18, i32 0, i32 0, i32 0, i32 0, void @empty_18, void @empty_18

]]></Node>
<StgValue><ssdm name="specinterface_ln0"/></StgValue>
</operation>

<operation id="11" st_id="2" stage="1" lat="1">
<core>NULL</core>
<MemPortIdVec></MemPortIdVec>
<condition id="-1">
<or_exp><and_exp></and_exp></or_exp>
</condition>

<Node id="10" bw="0" op_0_bw="0" op_1_bw="32" op_2_bw="0" op_3_bw="32" op_4_bw="32" op_5_bw="0" op_6_bw="32" op_7_bw="32" op_8_bw="0" op_9_bw="0" op_10_bw="0" op_11_bw="32" op_12_bw="32" op_13_bw="32" op_14_bw="32" op_15_bw="0" op_16_bw="0">
<![CDATA[
entry:2 %specinterface_ln0 = specinterface void @_ssdm_op_SpecInterface, i32 %dstMat_cols, void @ap_fifo_str, i32 0, i32 0, void @p_str, i32 0, i32 0, void @p_str, void @p_str, void @p_str, i32 2, i32 2, i32 16, i32 16, void @p_str, void @ScalarProp_str

]]></Node>
<StgValue><ssdm name="specinterface_ln0"/></StgValue>
</operation>

<operation id="12" st_id="2" stage="1" lat="1">
<core>NULL</core>
<MemPortIdVec></MemPortIdVec>
<condition id="-1">
<or_exp><and_exp></and_exp></or_exp>
</condition>

<Node id="11" bw="0" op_0_bw="0" op_1_bw="32" op_2_bw="0" op_3_bw="32" op_4_bw="32" op_5_bw="0" op_6_bw="32" op_7_bw="32" op_8_bw="0" op_9_bw="0" op_10_bw="0" op_11_bw="32" op_12_bw="32" op_13_bw="32" op_14_bw="32" op_15_bw="0" op_16_bw="0">
<![CDATA[
entry:3 %specinterface_ln0 = specinterface void @_ssdm_op_SpecInterface, i32 %dstMat_rows, void @ap_fifo_str, i32 0, i32 0, void @p_str, i32 0, i32 0, void @p_str, void @p_str, void @p_str, i32 2, i32 2, i32 16, i32 16, void @p_str, void @ScalarProp_str

]]></Node>
<StgValue><ssdm name="specinterface_ln0"/></StgValue>
</operation>

<operation id="13" st_id="2" stage="1" lat="1">
<core>NULL</core>
<MemPortIdVec></MemPortIdVec>
<condition id="-1">
<or_exp><and_exp></and_exp></or_exp>
</condition>

<Node id="12" bw="0" op_0_bw="0" op_1_bw="64" op_2_bw="0" op_3_bw="32" op_4_bw="32" op_5_bw="0" op_6_bw="32" op_7_bw="32" op_8_bw="0" op_9_bw="0" op_10_bw="0" op_11_bw="32" op_12_bw="32" op_13_bw="32" op_14_bw="32" op_15_bw="0" op_16_bw="0">
<![CDATA[
entry:4 %specinterface_ln0 = specinterface void @_ssdm_op_SpecInterface, i64 %srcPtr, void @ap_fifo_str, i32 0, i32 0, void @p_str, i32 0, i32 0, void @p_str, void @p_str, void @p_str, i32 2, i32 2, i32 16, i32 16, void @p_str, void @ScalarProp_str

]]></Node>
<StgValue><ssdm name="specinterface_ln0"/></StgValue>
</operation>

<operation id="14" st_id="2" stage="1" lat="1">
<core>NULL</core>
<MemPortIdVec></MemPortIdVec>
<condition id="-1">
<or_exp><and_exp></and_exp></or_exp>
</condition>

<Node id="16" bw="0" op_0_bw="0" op_1_bw="32" op_2_bw="0" op_3_bw="32" op_4_bw="32" op_5_bw="0" op_6_bw="32" op_7_bw="32" op_8_bw="0" op_9_bw="0" op_10_bw="0" op_11_bw="32" op_12_bw="32" op_13_bw="32" op_14_bw="32" op_15_bw="0" op_16_bw="0">
<![CDATA[
entry:8 %specinterface_ln0 = specinterface void @_ssdm_op_SpecInterface, i32 %dstMat_rows_out, void @ap_fifo_str, i32 0, i32 0, void @p_str, i32 0, i32 0, void @p_str, void @p_str, void @p_str, i32 2, i32 2, i32 16, i32 16, void @p_str, void @ScalarProp_str

]]></Node>
<StgValue><ssdm name="specinterface_ln0"/></StgValue>
</operation>

<operation id="15" st_id="2" stage="1" lat="1">
<core>NULL</core>
<MemPortIdVec></MemPortIdVec>
<condition id="-1">
<or_exp><and_exp></and_exp></or_exp>
</condition>

<Node id="18" bw="0" op_0_bw="0" op_1_bw="32" op_2_bw="0" op_3_bw="32" op_4_bw="32" op_5_bw="0" op_6_bw="32" op_7_bw="32" op_8_bw="0" op_9_bw="0" op_10_bw="0" op_11_bw="32" op_12_bw="32" op_13_bw="32" op_14_bw="32" op_15_bw="0" op_16_bw="0">
<![CDATA[
entry:10 %specinterface_ln0 = specinterface void @_ssdm_op_SpecInterface, i32 %dstMat_cols_out, void @ap_fifo_str, i32 0, i32 0, void @p_str, i32 0, i32 0, void @p_str, void @p_str, void @p_str, i32 2, i32 2, i32 16, i32 16, void @p_str, void @ScalarProp_str

]]></Node>
<StgValue><ssdm name="specinterface_ln0"/></StgValue>
</operation>

<operation id="16" st_id="2" stage="1" lat="1">
<core>NULL</core>
<MemPortIdVec></MemPortIdVec>
<condition id="-1">
<or_exp><and_exp></and_exp></or_exp>
</condition>

<Node id="20" bw="0" op_0_bw="0" op_1_bw="24" op_2_bw="0" op_3_bw="32" op_4_bw="32" op_5_bw="0" op_6_bw="32" op_7_bw="32" op_8_bw="0" op_9_bw="0" op_10_bw="0" op_11_bw="32" op_12_bw="32" op_13_bw="32" op_14_bw="32" op_15_bw="0" op_16_bw="0">
<![CDATA[
entry:12 %specinterface_ln0 = specinterface void @_ssdm_op_SpecInterface, i24 %imgInput1_434, void @empty_2, i32 0, i32 0, void @empty_18, i32 0, i32 0, void @empty_18, void @empty_18, void @empty_18, i32 0, i32 0, i32 0, i32 0, void @empty_18, void @empty_18

]]></Node>
<StgValue><ssdm name="specinterface_ln0"/></StgValue>
</operation>

<operation id="17" st_id="2" stage="1" lat="1">
<core>NULL</core>
<MemPortIdVec></MemPortIdVec>
<condition id="-1">
<or_exp><and_exp></and_exp></or_exp>
</condition>

<Node id="21" bw="0" op_0_bw="0" op_1_bw="32" op_2_bw="0" op_3_bw="32" op_4_bw="32" op_5_bw="0" op_6_bw="32" op_7_bw="32" op_8_bw="0" op_9_bw="0" op_10_bw="0" op_11_bw="32" op_12_bw="32" op_13_bw="32" op_14_bw="32" op_15_bw="0" op_16_bw="0">
<![CDATA[
entry:13 %specinterface_ln0 = specinterface void @_ssdm_op_SpecInterface, i32 %gmem1, void @empty_20, i32 0, i32 0, void @empty_18, i32 0, i32 0, void @empty_19, void @empty_1, void @empty_18, i32 16, i32 16, i32 16, i32 16, void @empty_18, void @empty_18

]]></Node>
<StgValue><ssdm name="specinterface_ln0"/></StgValue>
</operation>

<operation id="18" st_id="2" stage="1" lat="2">
<core></core>
<MemPortIdVec></MemPortIdVec>
<condition id="-1">
<or_exp><and_exp></and_exp></or_exp>
</condition>

<Node id="22" bw="0" op_0_bw="0" op_1_bw="32" op_2_bw="24" op_3_bw="64" op_4_bw="32" op_5_bw="32">
<![CDATA[
entry:14 %call_ln1266 = call void @Axi2Mat, i32 %gmem1, i24 %imgInput1_434, i64 %srcPtr_read, i32 %dstMat_rows_read, i32 %dstMat_cols_read

]]></Node>
<StgValue><ssdm name="call_ln1266"/></StgValue>
</operation>

<operation id="19" st_id="2" stage="1" lat="1">
<core>NULL</core>
<MemPortIdVec></MemPortIdVec>
<condition id="-1">
<or_exp><and_exp></and_exp></or_exp>
</condition>

<Node id="23" bw="0">
<![CDATA[
entry:15 %ret_ln35 = ret

]]></Node>
<StgValue><ssdm name="ret_ln35"/></StgValue>
</operation>
</state>
</state_list>


<ports>
<port id="21" name="gmem1" dir="0" iftype="4">
<core>NULL</core><StgValue><ssdm name="gmem1"/></StgValue>
</port>
<port id="22" name="imgInput1_434" dir="1" iftype="3">
<core>FIFO_SRL</core><StgValue><ssdm name="imgInput1_434"/></StgValue>
</port>
<port id="23" name="srcPtr" dir="0" iftype="3">
<core>FIFO_SRL</core><StgValue><ssdm name="srcPtr"/></StgValue>
</port>
<port id="24" name="dstMat_rows" dir="0" iftype="3">
<core>FIFO_SRL</core><StgValue><ssdm name="dstMat_rows"/></StgValue>
</port>
<port id="25" name="dstMat_cols" dir="0" iftype="3">
<core>FIFO_SRL</core><StgValue><ssdm name="dstMat_cols"/></StgValue>
</port>
<port id="26" name="dstMat_rows_out" dir="1" iftype="3">
<core>FIFO_SRL</core><StgValue><ssdm name="dstMat_rows_out"/></StgValue>
</port>
<port id="27" name="dstMat_cols_out" dir="1" iftype="3">
<core>FIFO_SRL</core><StgValue><ssdm name="dstMat_cols_out"/></StgValue>
</port>
</ports>


<dataflows>
<dataflow id="29" from="_ssdm_op_Read.ap_fifo.i64P0A" to="srcPtr_read" fromId="28" toId="3">
</dataflow>
<dataflow id="30" from="srcPtr" to="srcPtr_read" fromId="23" toId="3">
</dataflow>
<dataflow id="32" from="_ssdm_op_Read.ap_fifo.i32P0A" to="dstMat_rows_read" fromId="31" toId="4">
</dataflow>
<dataflow id="33" from="dstMat_rows" to="dstMat_rows_read" fromId="24" toId="4">
</dataflow>
<dataflow id="34" from="_ssdm_op_Read.ap_fifo.i32P0A" to="dstMat_cols_read" fromId="31" toId="5">
</dataflow>
<dataflow id="35" from="dstMat_cols" to="dstMat_cols_read" fromId="25" toId="5">
</dataflow>
<dataflow id="37" from="_ssdm_op_Write.ap_fifo.i32P0A" to="write_ln35" fromId="36" toId="6">
</dataflow>
<dataflow id="38" from="dstMat_rows_out" to="write_ln35" fromId="26" toId="6">
</dataflow>
<dataflow id="39" from="dstMat_rows_read" to="write_ln35" fromId="4" toId="6">
</dataflow>
<dataflow id="40" from="_ssdm_op_Write.ap_fifo.i32P0A" to="write_ln35" fromId="36" toId="7">
</dataflow>
<dataflow id="41" from="dstMat_cols_out" to="write_ln35" fromId="27" toId="7">
</dataflow>
<dataflow id="42" from="dstMat_cols_read" to="write_ln35" fromId="5" toId="7">
</dataflow>
<dataflow id="44" from="Axi2Mat" to="call_ln1266" fromId="43" toId="8">
</dataflow>
<dataflow id="45" from="gmem1" to="call_ln1266" fromId="21" toId="8">
</dataflow>
<dataflow id="46" from="imgInput1_434" to="call_ln1266" fromId="22" toId="8">
</dataflow>
<dataflow id="47" from="srcPtr_read" to="call_ln1266" fromId="3" toId="8">
</dataflow>
<dataflow id="48" from="dstMat_rows_read" to="call_ln1266" fromId="4" toId="8">
</dataflow>
<dataflow id="49" from="dstMat_cols_read" to="call_ln1266" fromId="5" toId="8">
</dataflow>
<dataflow id="51" from="_ssdm_op_SpecInterface" to="specinterface_ln0" fromId="50" toId="9">
</dataflow>
<dataflow id="52" from="gmem1" to="specinterface_ln0" fromId="21" toId="9">
</dataflow>
<dataflow id="54" from="empty_20" to="specinterface_ln0" fromId="53" toId="9">
</dataflow>
<dataflow id="56" from="StgValue_55" to="specinterface_ln0" fromId="55" toId="9">
</dataflow>
<dataflow id="57" from="StgValue_55" to="specinterface_ln0" fromId="55" toId="9">
</dataflow>
<dataflow id="59" from="empty_18" to="specinterface_ln0" fromId="58" toId="9">
</dataflow>
<dataflow id="60" from="StgValue_55" to="specinterface_ln0" fromId="55" toId="9">
</dataflow>
<dataflow id="61" from="StgValue_55" to="specinterface_ln0" fromId="55" toId="9">
</dataflow>
<dataflow id="63" from="empty_19" to="specinterface_ln0" fromId="62" toId="9">
</dataflow>
<dataflow id="65" from="empty_1" to="specinterface_ln0" fromId="64" toId="9">
</dataflow>
<dataflow id="66" from="empty_18" to="specinterface_ln0" fromId="58" toId="9">
</dataflow>
<dataflow id="68" from="StgValue_67" to="specinterface_ln0" fromId="67" toId="9">
</dataflow>
<dataflow id="69" from="StgValue_67" to="specinterface_ln0" fromId="67" toId="9">
</dataflow>
<dataflow id="70" from="StgValue_67" to="specinterface_ln0" fromId="67" toId="9">
</dataflow>
<dataflow id="71" from="StgValue_67" to="specinterface_ln0" fromId="67" toId="9">
</dataflow>
<dataflow id="72" from="empty_18" to="specinterface_ln0" fromId="58" toId="9">
</dataflow>
<dataflow id="73" from="empty_18" to="specinterface_ln0" fromId="58" toId="9">
</dataflow>
<dataflow id="74" from="_ssdm_op_SpecInterface" to="specinterface_ln0" fromId="50" toId="10">
</dataflow>
<dataflow id="75" from="imgInput1_434" to="specinterface_ln0" fromId="22" toId="10">
</dataflow>
<dataflow id="77" from="empty_2" to="specinterface_ln0" fromId="76" toId="10">
</dataflow>
<dataflow id="78" from="StgValue_55" to="specinterface_ln0" fromId="55" toId="10">
</dataflow>
<dataflow id="79" from="StgValue_55" to="specinterface_ln0" fromId="55" toId="10">
</dataflow>
<dataflow id="80" from="empty_18" to="specinterface_ln0" fromId="58" toId="10">
</dataflow>
<dataflow id="81" from="StgValue_55" to="specinterface_ln0" fromId="55" toId="10">
</dataflow>
<dataflow id="82" from="StgValue_55" to="specinterface_ln0" fromId="55" toId="10">
</dataflow>
<dataflow id="83" from="empty_18" to="specinterface_ln0" fromId="58" toId="10">
</dataflow>
<dataflow id="84" from="empty_18" to="specinterface_ln0" fromId="58" toId="10">
</dataflow>
<dataflow id="85" from="empty_18" to="specinterface_ln0" fromId="58" toId="10">
</dataflow>
<dataflow id="86" from="StgValue_55" to="specinterface_ln0" fromId="55" toId="10">
</dataflow>
<dataflow id="87" from="StgValue_55" to="specinterface_ln0" fromId="55" toId="10">
</dataflow>
<dataflow id="88" from="StgValue_55" to="specinterface_ln0" fromId="55" toId="10">
</dataflow>
<dataflow id="89" from="StgValue_55" to="specinterface_ln0" fromId="55" toId="10">
</dataflow>
<dataflow id="90" from="empty_18" to="specinterface_ln0" fromId="58" toId="10">
</dataflow>
<dataflow id="91" from="empty_18" to="specinterface_ln0" fromId="58" toId="10">
</dataflow>
<dataflow id="92" from="_ssdm_op_SpecInterface" to="specinterface_ln0" fromId="50" toId="11">
</dataflow>
<dataflow id="93" from="dstMat_cols" to="specinterface_ln0" fromId="25" toId="11">
</dataflow>
<dataflow id="95" from="ap_fifo_str" to="specinterface_ln0" fromId="94" toId="11">
</dataflow>
<dataflow id="96" from="StgValue_55" to="specinterface_ln0" fromId="55" toId="11">
</dataflow>
<dataflow id="97" from="StgValue_55" to="specinterface_ln0" fromId="55" toId="11">
</dataflow>
<dataflow id="99" from="p_str" to="specinterface_ln0" fromId="98" toId="11">
</dataflow>
<dataflow id="100" from="StgValue_55" to="specinterface_ln0" fromId="55" toId="11">
</dataflow>
<dataflow id="101" from="StgValue_55" to="specinterface_ln0" fromId="55" toId="11">
</dataflow>
<dataflow id="102" from="p_str" to="specinterface_ln0" fromId="98" toId="11">
</dataflow>
<dataflow id="103" from="p_str" to="specinterface_ln0" fromId="98" toId="11">
</dataflow>
<dataflow id="104" from="p_str" to="specinterface_ln0" fromId="98" toId="11">
</dataflow>
<dataflow id="106" from="StgValue_105" to="specinterface_ln0" fromId="105" toId="11">
</dataflow>
<dataflow id="107" from="StgValue_105" to="specinterface_ln0" fromId="105" toId="11">
</dataflow>
<dataflow id="108" from="StgValue_67" to="specinterface_ln0" fromId="67" toId="11">
</dataflow>
<dataflow id="109" from="StgValue_67" to="specinterface_ln0" fromId="67" toId="11">
</dataflow>
<dataflow id="110" from="p_str" to="specinterface_ln0" fromId="98" toId="11">
</dataflow>
<dataflow id="112" from="ScalarProp_str" to="specinterface_ln0" fromId="111" toId="11">
</dataflow>
<dataflow id="113" from="_ssdm_op_SpecInterface" to="specinterface_ln0" fromId="50" toId="12">
</dataflow>
<dataflow id="114" from="dstMat_rows" to="specinterface_ln0" fromId="24" toId="12">
</dataflow>
<dataflow id="115" from="ap_fifo_str" to="specinterface_ln0" fromId="94" toId="12">
</dataflow>
<dataflow id="116" from="StgValue_55" to="specinterface_ln0" fromId="55" toId="12">
</dataflow>
<dataflow id="117" from="StgValue_55" to="specinterface_ln0" fromId="55" toId="12">
</dataflow>
<dataflow id="118" from="p_str" to="specinterface_ln0" fromId="98" toId="12">
</dataflow>
<dataflow id="119" from="StgValue_55" to="specinterface_ln0" fromId="55" toId="12">
</dataflow>
<dataflow id="120" from="StgValue_55" to="specinterface_ln0" fromId="55" toId="12">
</dataflow>
<dataflow id="121" from="p_str" to="specinterface_ln0" fromId="98" toId="12">
</dataflow>
<dataflow id="122" from="p_str" to="specinterface_ln0" fromId="98" toId="12">
</dataflow>
<dataflow id="123" from="p_str" to="specinterface_ln0" fromId="98" toId="12">
</dataflow>
<dataflow id="124" from="StgValue_105" to="specinterface_ln0" fromId="105" toId="12">
</dataflow>
<dataflow id="125" from="StgValue_105" to="specinterface_ln0" fromId="105" toId="12">
</dataflow>
<dataflow id="126" from="StgValue_67" to="specinterface_ln0" fromId="67" toId="12">
</dataflow>
<dataflow id="127" from="StgValue_67" to="specinterface_ln0" fromId="67" toId="12">
</dataflow>
<dataflow id="128" from="p_str" to="specinterface_ln0" fromId="98" toId="12">
</dataflow>
<dataflow id="129" from="ScalarProp_str" to="specinterface_ln0" fromId="111" toId="12">
</dataflow>
<dataflow id="130" from="_ssdm_op_SpecInterface" to="specinterface_ln0" fromId="50" toId="13">
</dataflow>
<dataflow id="131" from="srcPtr" to="specinterface_ln0" fromId="23" toId="13">
</dataflow>
<dataflow id="132" from="ap_fifo_str" to="specinterface_ln0" fromId="94" toId="13">
</dataflow>
<dataflow id="133" from="StgValue_55" to="specinterface_ln0" fromId="55" toId="13">
</dataflow>
<dataflow id="134" from="StgValue_55" to="specinterface_ln0" fromId="55" toId="13">
</dataflow>
<dataflow id="135" from="p_str" to="specinterface_ln0" fromId="98" toId="13">
</dataflow>
<dataflow id="136" from="StgValue_55" to="specinterface_ln0" fromId="55" toId="13">
</dataflow>
<dataflow id="137" from="StgValue_55" to="specinterface_ln0" fromId="55" toId="13">
</dataflow>
<dataflow id="138" from="p_str" to="specinterface_ln0" fromId="98" toId="13">
</dataflow>
<dataflow id="139" from="p_str" to="specinterface_ln0" fromId="98" toId="13">
</dataflow>
<dataflow id="140" from="p_str" to="specinterface_ln0" fromId="98" toId="13">
</dataflow>
<dataflow id="141" from="StgValue_105" to="specinterface_ln0" fromId="105" toId="13">
</dataflow>
<dataflow id="142" from="StgValue_105" to="specinterface_ln0" fromId="105" toId="13">
</dataflow>
<dataflow id="143" from="StgValue_67" to="specinterface_ln0" fromId="67" toId="13">
</dataflow>
<dataflow id="144" from="StgValue_67" to="specinterface_ln0" fromId="67" toId="13">
</dataflow>
<dataflow id="145" from="p_str" to="specinterface_ln0" fromId="98" toId="13">
</dataflow>
<dataflow id="146" from="ScalarProp_str" to="specinterface_ln0" fromId="111" toId="13">
</dataflow>
<dataflow id="147" from="_ssdm_op_SpecInterface" to="specinterface_ln0" fromId="50" toId="14">
</dataflow>
<dataflow id="148" from="dstMat_rows_out" to="specinterface_ln0" fromId="26" toId="14">
</dataflow>
<dataflow id="149" from="ap_fifo_str" to="specinterface_ln0" fromId="94" toId="14">
</dataflow>
<dataflow id="150" from="StgValue_55" to="specinterface_ln0" fromId="55" toId="14">
</dataflow>
<dataflow id="151" from="StgValue_55" to="specinterface_ln0" fromId="55" toId="14">
</dataflow>
<dataflow id="152" from="p_str" to="specinterface_ln0" fromId="98" toId="14">
</dataflow>
<dataflow id="153" from="StgValue_55" to="specinterface_ln0" fromId="55" toId="14">
</dataflow>
<dataflow id="154" from="StgValue_55" to="specinterface_ln0" fromId="55" toId="14">
</dataflow>
<dataflow id="155" from="p_str" to="specinterface_ln0" fromId="98" toId="14">
</dataflow>
<dataflow id="156" from="p_str" to="specinterface_ln0" fromId="98" toId="14">
</dataflow>
<dataflow id="157" from="p_str" to="specinterface_ln0" fromId="98" toId="14">
</dataflow>
<dataflow id="158" from="StgValue_105" to="specinterface_ln0" fromId="105" toId="14">
</dataflow>
<dataflow id="159" from="StgValue_105" to="specinterface_ln0" fromId="105" toId="14">
</dataflow>
<dataflow id="160" from="StgValue_67" to="specinterface_ln0" fromId="67" toId="14">
</dataflow>
<dataflow id="161" from="StgValue_67" to="specinterface_ln0" fromId="67" toId="14">
</dataflow>
<dataflow id="162" from="p_str" to="specinterface_ln0" fromId="98" toId="14">
</dataflow>
<dataflow id="163" from="ScalarProp_str" to="specinterface_ln0" fromId="111" toId="14">
</dataflow>
<dataflow id="164" from="_ssdm_op_SpecInterface" to="specinterface_ln0" fromId="50" toId="15">
</dataflow>
<dataflow id="165" from="dstMat_cols_out" to="specinterface_ln0" fromId="27" toId="15">
</dataflow>
<dataflow id="166" from="ap_fifo_str" to="specinterface_ln0" fromId="94" toId="15">
</dataflow>
<dataflow id="167" from="StgValue_55" to="specinterface_ln0" fromId="55" toId="15">
</dataflow>
<dataflow id="168" from="StgValue_55" to="specinterface_ln0" fromId="55" toId="15">
</dataflow>
<dataflow id="169" from="p_str" to="specinterface_ln0" fromId="98" toId="15">
</dataflow>
<dataflow id="170" from="StgValue_55" to="specinterface_ln0" fromId="55" toId="15">
</dataflow>
<dataflow id="171" from="StgValue_55" to="specinterface_ln0" fromId="55" toId="15">
</dataflow>
<dataflow id="172" from="p_str" to="specinterface_ln0" fromId="98" toId="15">
</dataflow>
<dataflow id="173" from="p_str" to="specinterface_ln0" fromId="98" toId="15">
</dataflow>
<dataflow id="174" from="p_str" to="specinterface_ln0" fromId="98" toId="15">
</dataflow>
<dataflow id="175" from="StgValue_105" to="specinterface_ln0" fromId="105" toId="15">
</dataflow>
<dataflow id="176" from="StgValue_105" to="specinterface_ln0" fromId="105" toId="15">
</dataflow>
<dataflow id="177" from="StgValue_67" to="specinterface_ln0" fromId="67" toId="15">
</dataflow>
<dataflow id="178" from="StgValue_67" to="specinterface_ln0" fromId="67" toId="15">
</dataflow>
<dataflow id="179" from="p_str" to="specinterface_ln0" fromId="98" toId="15">
</dataflow>
<dataflow id="180" from="ScalarProp_str" to="specinterface_ln0" fromId="111" toId="15">
</dataflow>
<dataflow id="181" from="_ssdm_op_SpecInterface" to="specinterface_ln0" fromId="50" toId="16">
</dataflow>
<dataflow id="182" from="imgInput1_434" to="specinterface_ln0" fromId="22" toId="16">
</dataflow>
<dataflow id="183" from="empty_2" to="specinterface_ln0" fromId="76" toId="16">
</dataflow>
<dataflow id="184" from="StgValue_55" to="specinterface_ln0" fromId="55" toId="16">
</dataflow>
<dataflow id="185" from="StgValue_55" to="specinterface_ln0" fromId="55" toId="16">
</dataflow>
<dataflow id="186" from="empty_18" to="specinterface_ln0" fromId="58" toId="16">
</dataflow>
<dataflow id="187" from="StgValue_55" to="specinterface_ln0" fromId="55" toId="16">
</dataflow>
<dataflow id="188" from="StgValue_55" to="specinterface_ln0" fromId="55" toId="16">
</dataflow>
<dataflow id="189" from="empty_18" to="specinterface_ln0" fromId="58" toId="16">
</dataflow>
<dataflow id="190" from="empty_18" to="specinterface_ln0" fromId="58" toId="16">
</dataflow>
<dataflow id="191" from="empty_18" to="specinterface_ln0" fromId="58" toId="16">
</dataflow>
<dataflow id="192" from="StgValue_55" to="specinterface_ln0" fromId="55" toId="16">
</dataflow>
<dataflow id="193" from="StgValue_55" to="specinterface_ln0" fromId="55" toId="16">
</dataflow>
<dataflow id="194" from="StgValue_55" to="specinterface_ln0" fromId="55" toId="16">
</dataflow>
<dataflow id="195" from="StgValue_55" to="specinterface_ln0" fromId="55" toId="16">
</dataflow>
<dataflow id="196" from="empty_18" to="specinterface_ln0" fromId="58" toId="16">
</dataflow>
<dataflow id="197" from="empty_18" to="specinterface_ln0" fromId="58" toId="16">
</dataflow>
<dataflow id="198" from="_ssdm_op_SpecInterface" to="specinterface_ln0" fromId="50" toId="17">
</dataflow>
<dataflow id="199" from="gmem1" to="specinterface_ln0" fromId="21" toId="17">
</dataflow>
<dataflow id="200" from="empty_20" to="specinterface_ln0" fromId="53" toId="17">
</dataflow>
<dataflow id="201" from="StgValue_55" to="specinterface_ln0" fromId="55" toId="17">
</dataflow>
<dataflow id="202" from="StgValue_55" to="specinterface_ln0" fromId="55" toId="17">
</dataflow>
<dataflow id="203" from="empty_18" to="specinterface_ln0" fromId="58" toId="17">
</dataflow>
<dataflow id="204" from="StgValue_55" to="specinterface_ln0" fromId="55" toId="17">
</dataflow>
<dataflow id="205" from="StgValue_55" to="specinterface_ln0" fromId="55" toId="17">
</dataflow>
<dataflow id="206" from="empty_19" to="specinterface_ln0" fromId="62" toId="17">
</dataflow>
<dataflow id="207" from="empty_1" to="specinterface_ln0" fromId="64" toId="17">
</dataflow>
<dataflow id="208" from="empty_18" to="specinterface_ln0" fromId="58" toId="17">
</dataflow>
<dataflow id="209" from="StgValue_67" to="specinterface_ln0" fromId="67" toId="17">
</dataflow>
<dataflow id="210" from="StgValue_67" to="specinterface_ln0" fromId="67" toId="17">
</dataflow>
<dataflow id="211" from="StgValue_67" to="specinterface_ln0" fromId="67" toId="17">
</dataflow>
<dataflow id="212" from="StgValue_67" to="specinterface_ln0" fromId="67" toId="17">
</dataflow>
<dataflow id="213" from="empty_18" to="specinterface_ln0" fromId="58" toId="17">
</dataflow>
<dataflow id="214" from="empty_18" to="specinterface_ln0" fromId="58" toId="17">
</dataflow>
<dataflow id="215" from="Axi2Mat" to="call_ln1266" fromId="43" toId="18">
</dataflow>
<dataflow id="216" from="gmem1" to="call_ln1266" fromId="21" toId="18">
</dataflow>
<dataflow id="217" from="imgInput1_434" to="call_ln1266" fromId="22" toId="18">
</dataflow>
<dataflow id="218" from="srcPtr_read" to="call_ln1266" fromId="3" toId="18">
</dataflow>
<dataflow id="219" from="dstMat_rows_read" to="call_ln1266" fromId="4" toId="18">
</dataflow>
<dataflow id="220" from="dstMat_cols_read" to="call_ln1266" fromId="5" toId="18">
</dataflow>
</dataflows>


</stg>
