<stg><name>Axi2Mat</name>


<trans_list>

<trans id="57" from="1" to="2">
<condition id="-1">
<or_exp><and_exp></and_exp></or_exp>
</condition>
</trans>

<trans id="58" from="2" to="3">
<condition id="-1">
<or_exp><and_exp></and_exp></or_exp>
</condition>
</trans>

<trans id="59" from="3" to="4">
<condition id="-1">
<or_exp><and_exp></and_exp></or_exp>
</condition>
</trans>

<trans id="60" from="4" to="5">
<condition id="-1">
<or_exp><and_exp></and_exp></or_exp>
</condition>
</trans>

<trans id="61" from="5" to="6">
<condition id="-1">
<or_exp><and_exp></and_exp></or_exp>
</condition>
</trans>

<trans id="62" from="6" to="7">
<condition id="-1">
<or_exp><and_exp></and_exp></or_exp>
</condition>
</trans>

<trans id="63" from="7" to="8">
<condition id="-1">
<or_exp><and_exp></and_exp></or_exp>
</condition>
</trans>
</trans_list>



<state_list>

<state id="1" st_id="1">

<operation id="9" st_id="1" stage="1" lat="1">
<core>NULL</core>
<MemPortIdVec></MemPortIdVec>
<condition id="-1">
<or_exp><and_exp></and_exp></or_exp>
</condition>

<Node id="6" bw="32" op_0_bw="32" op_1_bw="32">
<![CDATA[
.split:0 %cols_read = read i32 @_ssdm_op_Read.ap_auto.i32, i32 %cols

]]></Node>
<StgValue><ssdm name="cols_read"/></StgValue>
</operation>

<operation id="10" st_id="1" stage="1" lat="1">
<core>NULL</core>
<MemPortIdVec></MemPortIdVec>
<condition id="-1">
<or_exp><and_exp></and_exp></or_exp>
</condition>

<Node id="7" bw="32" op_0_bw="32" op_1_bw="32">
<![CDATA[
.split:1 %rows_read = read i32 @_ssdm_op_Read.ap_auto.i32, i32 %rows

]]></Node>
<StgValue><ssdm name="rows_read"/></StgValue>
</operation>

<operation id="11" st_id="1" stage="1" lat="1">
<core>NULL</core>
<MemPortIdVec></MemPortIdVec>
<condition id="-1">
<or_exp><and_exp></and_exp></or_exp>
</condition>

<Node id="8" bw="64" op_0_bw="64" op_1_bw="64">
<![CDATA[
.split:2 %din_read = read i64 @_ssdm_op_Read.ap_auto.i64, i64 %din

]]></Node>
<StgValue><ssdm name="din_read"/></StgValue>
</operation>

<operation id="12" st_id="1" stage="1" lat="1">
<core>FIFO_SRL</core>
<MemPortIdVec></MemPortIdVec>
<condition id="-1">
<or_exp><and_exp></and_exp></or_exp>
</condition>

<Node id="9" bw="32" op_0_bw="64">
<![CDATA[
.split:3 %cols_c3 = alloca i64 1

]]></Node>
<StgValue><ssdm name="cols_c3"/></StgValue>
</operation>

<operation id="13" st_id="1" stage="1" lat="1">
<core>FIFO_SRL</core>
<MemPortIdVec></MemPortIdVec>
<condition id="-1">
<or_exp><and_exp></and_exp></or_exp>
</condition>

<Node id="10" bw="32" op_0_bw="64">
<![CDATA[
.split:4 %rows_c2 = alloca i64 1

]]></Node>
<StgValue><ssdm name="rows_c2"/></StgValue>
</operation>

<operation id="14" st_id="1" stage="1" lat="1">
<core>FIFO_SRL</core>
<MemPortIdVec></MemPortIdVec>
<condition id="-1">
<or_exp><and_exp></and_exp></or_exp>
</condition>

<Node id="11" bw="64" op_0_bw="64">
<![CDATA[
.split:5 %din_c1 = alloca i64 1

]]></Node>
<StgValue><ssdm name="din_c1"/></StgValue>
</operation>

<operation id="15" st_id="1" stage="1" lat="1">
<core>FIFO_SRL</core>
<MemPortIdVec></MemPortIdVec>
<condition id="-1">
<or_exp><and_exp></and_exp></or_exp>
</condition>

<Node id="12" bw="24" op_0_bw="64">
<![CDATA[
.split:6 %p_channel = alloca i64 1

]]></Node>
<StgValue><ssdm name="p_channel"/></StgValue>
</operation>

<operation id="16" st_id="1" stage="1" lat="1">
<core>FIFO_SRL</core>
<MemPortIdVec></MemPortIdVec>
<condition id="-1">
<or_exp><and_exp></and_exp></or_exp>
</condition>

<Node id="13" bw="32" op_0_bw="64">
<![CDATA[
.split:7 %cols_c15 = alloca i64 1

]]></Node>
<StgValue><ssdm name="cols_c15"/></StgValue>
</operation>

<operation id="17" st_id="1" stage="1" lat="1">
<core>FIFO_SRL</core>
<MemPortIdVec></MemPortIdVec>
<condition id="-1">
<or_exp><and_exp></and_exp></or_exp>
</condition>

<Node id="14" bw="32" op_0_bw="64">
<![CDATA[
.split:8 %rows_c14 = alloca i64 1

]]></Node>
<StgValue><ssdm name="rows_c14"/></StgValue>
</operation>

<operation id="18" st_id="1" stage="1" lat="1">
<core>FIFO_SRL</core>
<MemPortIdVec></MemPortIdVec>
<condition id="-1">
<or_exp><and_exp></and_exp></or_exp>
</condition>

<Node id="15" bw="4" op_0_bw="64">
<![CDATA[
.split:9 %last_blk_width_c = alloca i64 1

]]></Node>
<StgValue><ssdm name="last_blk_width_c"/></StgValue>
</operation>

<operation id="19" st_id="1" stage="1" lat="1">
<core>FIFO_SRL</core>
<MemPortIdVec></MemPortIdVec>
<condition id="-1">
<or_exp><and_exp></and_exp></or_exp>
</condition>

<Node id="16" bw="32" op_0_bw="64">
<![CDATA[
.split:10 %cols_c = alloca i64 1

]]></Node>
<StgValue><ssdm name="cols_c"/></StgValue>
</operation>

<operation id="20" st_id="1" stage="1" lat="1">
<core>FIFO_SRL</core>
<MemPortIdVec></MemPortIdVec>
<condition id="-1">
<or_exp><and_exp></and_exp></or_exp>
</condition>

<Node id="17" bw="32" op_0_bw="64">
<![CDATA[
.split:11 %rows_c = alloca i64 1

]]></Node>
<StgValue><ssdm name="rows_c"/></StgValue>
</operation>

<operation id="21" st_id="1" stage="1" lat="1">
<core>FIFO_SRL</core>
<MemPortIdVec></MemPortIdVec>
<condition id="-1">
<or_exp><and_exp></and_exp></or_exp>
</condition>

<Node id="18" bw="64" op_0_bw="64">
<![CDATA[
.split:12 %din_c = alloca i64 1

]]></Node>
<StgValue><ssdm name="din_c"/></StgValue>
</operation>

<operation id="22" st_id="1" stage="1" lat="1">
<core>FIFO_SRL</core>
<MemPortIdVec></MemPortIdVec>
<condition id="-1">
<or_exp><and_exp></and_exp></or_exp>
</condition>

<Node id="22" bw="32" op_0_bw="64">
<![CDATA[
.split:16 %ldata = alloca i64 1

]]></Node>
<StgValue><ssdm name="ldata"/></StgValue>
</operation>

<operation id="23" st_id="1" stage="1" lat="1">
<core></core>
<MemPortIdVec></MemPortIdVec>
<condition id="-1">
<or_exp><and_exp></and_exp></or_exp>
</condition>

<Node id="37" bw="0" op_0_bw="0" op_1_bw="64" op_2_bw="32" op_3_bw="32" op_4_bw="64" op_5_bw="32" op_6_bw="32">
<![CDATA[
.split:31 %call_ln1161 = call void @Axi2Mat.entry3, i64 %din_read, i32 %rows_read, i32 %cols_read, i64 %din_c1, i32 %rows_c2, i32 %cols_c3

]]></Node>
<StgValue><ssdm name="call_ln1161"/></StgValue>
</operation>
</state>

<state id="2" st_id="2">

<operation id="24" st_id="2" stage="1" lat="1">
<core></core>
<MemPortIdVec></MemPortIdVec>
<condition id="-1">
<or_exp><and_exp></and_exp></or_exp>
</condition>

<Node id="38" bw="0" op_0_bw="0" op_1_bw="64" op_2_bw="32" op_3_bw="32" op_4_bw="64" op_5_bw="32" op_6_bw="32" op_7_bw="0" op_8_bw="0">
<![CDATA[
.split:32 %call_ln1161 = call void @Axi2Mat.entry9, i64 %din_c1, i32 %rows_c2, i32 %cols_c3, i64 %din_c, i32 %rows_c, i32 %cols_c

]]></Node>
<StgValue><ssdm name="call_ln1161"/></StgValue>
</operation>
</state>

<state id="3" st_id="3">

<operation id="25" st_id="3" stage="2" lat="2">
<core></core>
<MemPortIdVec></MemPortIdVec>
<condition id="-1">
<or_exp><and_exp></and_exp></or_exp>
</condition>

<Node id="46" bw="0" op_0_bw="0" op_1_bw="24" op_2_bw="32" op_3_bw="32" op_4_bw="32" op_5_bw="32" op_6_bw="0" op_7_bw="0">
<![CDATA[
.split:40 %call_ln301 = call void @addrbound5, i24 %p_channel, i32 %rows_c, i32 %cols_c, i32 %rows_c14, i32 %cols_c15

]]></Node>
<StgValue><ssdm name="call_ln301"/></StgValue>
</operation>
</state>

<state id="4" st_id="4">

<operation id="26" st_id="4" stage="1" lat="2">
<core></core>
<MemPortIdVec></MemPortIdVec>
<condition id="-1">
<or_exp><and_exp></and_exp></or_exp>
</condition>

<Node id="46" bw="0" op_0_bw="0" op_1_bw="24" op_2_bw="32" op_3_bw="32" op_4_bw="32" op_5_bw="32" op_6_bw="0" op_7_bw="0">
<![CDATA[
.split:40 %call_ln301 = call void @addrbound5, i24 %p_channel, i32 %rows_c, i32 %cols_c, i32 %rows_c14, i32 %cols_c15

]]></Node>
<StgValue><ssdm name="call_ln301"/></StgValue>
</operation>
</state>

<state id="5" st_id="5">

<operation id="27" st_id="5" stage="1" lat="1">
<core>FIFO_SRL</core>
<MemPortIdVec></MemPortIdVec>
<condition id="-1">
<or_exp><and_exp></and_exp></or_exp>
</condition>

<Node id="47" bw="24" op_0_bw="24" op_1_bw="24" op_2_bw="0" op_3_bw="0">
<![CDATA[
.split:41 %axibound_V = call i24 @Axi2Mat_Block_.split26_proc, i24 %p_channel

]]></Node>
<StgValue><ssdm name="axibound_V"/></StgValue>
</operation>

<operation id="28" st_id="5" stage="2" lat="2">
<core></core>
<MemPortIdVec></MemPortIdVec>
<condition id="-1">
<or_exp><and_exp></and_exp></or_exp>
</condition>

<Node id="48" bw="0" op_0_bw="0" op_1_bw="32" op_2_bw="32" op_3_bw="64" op_4_bw="24" op_5_bw="0">
<![CDATA[
.split:42 %call_ln1172 = call void @Axi2AxiStream, i32 %gmem1, i32 %ldata, i64 %din_c, i24 %axibound_V

]]></Node>
<StgValue><ssdm name="call_ln1172"/></StgValue>
</operation>
</state>

<state id="6" st_id="6">

<operation id="29" st_id="6" stage="1" lat="1">
<core></core>
<MemPortIdVec></MemPortIdVec>
<condition id="-1">
<or_exp><and_exp></and_exp></or_exp>
</condition>

<Node id="41" bw="0" op_0_bw="0" op_1_bw="4">
<![CDATA[
.split:35 %call_ln1162 = call void @last_blk_pxl_width4, i4 %last_blk_width_c

]]></Node>
<StgValue><ssdm name="call_ln1162"/></StgValue>
</operation>

<operation id="30" st_id="6" stage="1" lat="2">
<core></core>
<MemPortIdVec></MemPortIdVec>
<condition id="-1">
<or_exp><and_exp></and_exp></or_exp>
</condition>

<Node id="48" bw="0" op_0_bw="0" op_1_bw="32" op_2_bw="32" op_3_bw="64" op_4_bw="24" op_5_bw="0">
<![CDATA[
.split:42 %call_ln1172 = call void @Axi2AxiStream, i32 %gmem1, i32 %ldata, i64 %din_c, i24 %axibound_V

]]></Node>
<StgValue><ssdm name="call_ln1172"/></StgValue>
</operation>
</state>

<state id="7" st_id="7">

<operation id="31" st_id="7" stage="2" lat="2">
<core></core>
<MemPortIdVec></MemPortIdVec>
<condition id="-1">
<or_exp><and_exp></and_exp></or_exp>
</condition>

<Node id="49" bw="0" op_0_bw="0" op_1_bw="32" op_2_bw="24" op_3_bw="32" op_4_bw="32" op_5_bw="4" op_6_bw="0" op_7_bw="0" op_8_bw="0">
<![CDATA[
.split:43 %call_ln1173 = call void @AxiStream2MatStream, i32 %ldata, i24 %imgInput1_434, i32 %rows_c14, i32 %cols_c15, i4 %last_blk_width_c

]]></Node>
<StgValue><ssdm name="call_ln1173"/></StgValue>
</operation>
</state>

<state id="8" st_id="8">

<operation id="32" st_id="8" stage="1" lat="1">
<core>NULL</core>
<MemPortIdVec></MemPortIdVec>
<condition id="-1">
<or_exp><and_exp></and_exp></or_exp>
</condition>

<Node id="19" bw="0" op_0_bw="0" op_1_bw="32" op_2_bw="32" op_3_bw="0">
<![CDATA[
.split:13 %specdataflowpipeline_ln0 = specdataflowpipeline void @_ssdm_op_SpecDataflowPipeline, i32 4294967295, i32 0, void @empty_18

]]></Node>
<StgValue><ssdm name="specdataflowpipeline_ln0"/></StgValue>
</operation>

<operation id="33" st_id="8" stage="1" lat="1">
<core>NULL</core>
<MemPortIdVec></MemPortIdVec>
<condition id="-1">
<or_exp><and_exp></and_exp></or_exp>
</condition>

<Node id="20" bw="0" op_0_bw="0" op_1_bw="32" op_2_bw="0" op_3_bw="32" op_4_bw="32" op_5_bw="0" op_6_bw="32" op_7_bw="32" op_8_bw="0" op_9_bw="0" op_10_bw="0" op_11_bw="32" op_12_bw="32" op_13_bw="32" op_14_bw="32" op_15_bw="0" op_16_bw="0">
<![CDATA[
.split:14 %specinterface_ln0 = specinterface void @_ssdm_op_SpecInterface, i32 %gmem1, void @empty_20, i32 0, i32 0, void @empty_18, i32 0, i32 0, void @empty_19, void @empty_1, void @empty_18, i32 16, i32 16, i32 16, i32 16, void @empty_18, void @empty_18

]]></Node>
<StgValue><ssdm name="specinterface_ln0"/></StgValue>
</operation>

<operation id="34" st_id="8" stage="1" lat="1">
<core>NULL</core>
<MemPortIdVec></MemPortIdVec>
<condition id="-1">
<or_exp><and_exp></and_exp></or_exp>
</condition>

<Node id="21" bw="0" op_0_bw="0" op_1_bw="24" op_2_bw="0" op_3_bw="32" op_4_bw="32" op_5_bw="0" op_6_bw="32" op_7_bw="32" op_8_bw="0" op_9_bw="0" op_10_bw="0" op_11_bw="32" op_12_bw="32" op_13_bw="32" op_14_bw="32" op_15_bw="0" op_16_bw="0">
<![CDATA[
.split:15 %specinterface_ln0 = specinterface void @_ssdm_op_SpecInterface, i24 %imgInput1_434, void @empty_2, i32 0, i32 0, void @empty_18, i32 0, i32 0, void @empty_18, void @empty_18, void @empty_18, i32 0, i32 0, i32 0, i32 0, void @empty_18, void @empty_18

]]></Node>
<StgValue><ssdm name="specinterface_ln0"/></StgValue>
</operation>

<operation id="35" st_id="8" stage="1" lat="1">
<core>NULL</core>
<MemPortIdVec></MemPortIdVec>
<condition id="-1">
<or_exp><and_exp></and_exp></or_exp>
</condition>

<Node id="23" bw="32" op_0_bw="32" op_1_bw="0" op_2_bw="32" op_3_bw="0" op_4_bw="0" op_5_bw="32" op_6_bw="32" op_7_bw="32" op_8_bw="32">
<![CDATA[
.split:17 %empty = specchannel i32 @_ssdm_op_SpecChannel, void @ldata_str, i32 1, void @p_str, void @p_str, i32 2, i32 2, i32 %ldata, i32 %ldata

]]></Node>
<StgValue><ssdm name="empty"/></StgValue>
</operation>

<operation id="36" st_id="8" stage="1" lat="1">
<core>NULL</core>
<MemPortIdVec></MemPortIdVec>
<condition id="-1">
<or_exp><and_exp></and_exp></or_exp>
</condition>

<Node id="24" bw="0" op_0_bw="0" op_1_bw="32" op_2_bw="0" op_3_bw="32" op_4_bw="32" op_5_bw="0" op_6_bw="32" op_7_bw="32" op_8_bw="0" op_9_bw="0" op_10_bw="0" op_11_bw="32" op_12_bw="32" op_13_bw="32" op_14_bw="32" op_15_bw="0" op_16_bw="0">
<![CDATA[
.split:18 %specinterface_ln0 = specinterface void @_ssdm_op_SpecInterface, i32 %ldata, void @empty_2, i32 0, i32 0, void @empty_18, i32 0, i32 0, void @empty_18, void @empty_18, void @empty_18, i32 0, i32 0, i32 0, i32 0, void @empty_18, void @empty_18

]]></Node>
<StgValue><ssdm name="specinterface_ln0"/></StgValue>
</operation>

<operation id="37" st_id="8" stage="1" lat="1">
<core>NULL</core>
<MemPortIdVec></MemPortIdVec>
<condition id="-1">
<or_exp><and_exp></and_exp></or_exp>
</condition>

<Node id="25" bw="32" op_0_bw="32" op_1_bw="0" op_2_bw="32" op_3_bw="0" op_4_bw="0" op_5_bw="32" op_6_bw="32" op_7_bw="64" op_8_bw="64">
<![CDATA[
.split:19 %empty_81 = specchannel i32 @_ssdm_op_SpecChannel, void @din_c_str, i32 1, void @p_str, void @p_str, i32 4, i32 0, i64 %din_c, i64 %din_c

]]></Node>
<StgValue><ssdm name="empty_81"/></StgValue>
</operation>

<operation id="38" st_id="8" stage="1" lat="1">
<core>NULL</core>
<MemPortIdVec></MemPortIdVec>
<condition id="-1">
<or_exp><and_exp></and_exp></or_exp>
</condition>

<Node id="26" bw="0" op_0_bw="0" op_1_bw="64" op_2_bw="0" op_3_bw="32" op_4_bw="32" op_5_bw="0" op_6_bw="32" op_7_bw="32" op_8_bw="0" op_9_bw="0" op_10_bw="0" op_11_bw="32" op_12_bw="32" op_13_bw="32" op_14_bw="32" op_15_bw="0" op_16_bw="0">
<![CDATA[
.split:20 %specinterface_ln1172 = specinterface void @_ssdm_op_SpecInterface, i64 %din_c, void @ap_fifo_str, i32 0, i32 0, void @p_str, i32 0, i32 0, void @p_str, void @p_str, void @p_str, i32 2, i32 2, i32 16, i32 16, void @p_str, void @p_str

]]></Node>
<StgValue><ssdm name="specinterface_ln1172"/></StgValue>
</operation>

<operation id="39" st_id="8" stage="1" lat="1">
<core>NULL</core>
<MemPortIdVec></MemPortIdVec>
<condition id="-1">
<or_exp><and_exp></and_exp></or_exp>
</condition>

<Node id="27" bw="32" op_0_bw="32" op_1_bw="0" op_2_bw="32" op_3_bw="0" op_4_bw="0" op_5_bw="32" op_6_bw="32" op_7_bw="32" op_8_bw="32">
<![CDATA[
.split:21 %empty_82 = specchannel i32 @_ssdm_op_SpecChannel, void @rows_c_str, i32 1, void @p_str, void @p_str, i32 2, i32 0, i32 %rows_c, i32 %rows_c

]]></Node>
<StgValue><ssdm name="empty_82"/></StgValue>
</operation>

<operation id="40" st_id="8" stage="1" lat="1">
<core>NULL</core>
<MemPortIdVec></MemPortIdVec>
<condition id="-1">
<or_exp><and_exp></and_exp></or_exp>
</condition>

<Node id="28" bw="0" op_0_bw="0" op_1_bw="32" op_2_bw="0" op_3_bw="32" op_4_bw="32" op_5_bw="0" op_6_bw="32" op_7_bw="32" op_8_bw="0" op_9_bw="0" op_10_bw="0" op_11_bw="32" op_12_bw="32" op_13_bw="32" op_14_bw="32" op_15_bw="0" op_16_bw="0">
<![CDATA[
.split:22 %specinterface_ln301 = specinterface void @_ssdm_op_SpecInterface, i32 %rows_c, void @ap_fifo_str, i32 0, i32 0, void @p_str, i32 0, i32 0, void @p_str, void @p_str, void @p_str, i32 2, i32 2, i32 16, i32 16, void @p_str, void @p_str

]]></Node>
<StgValue><ssdm name="specinterface_ln301"/></StgValue>
</operation>

<operation id="41" st_id="8" stage="1" lat="1">
<core>NULL</core>
<MemPortIdVec></MemPortIdVec>
<condition id="-1">
<or_exp><and_exp></and_exp></or_exp>
</condition>

<Node id="29" bw="32" op_0_bw="32" op_1_bw="0" op_2_bw="32" op_3_bw="0" op_4_bw="0" op_5_bw="32" op_6_bw="32" op_7_bw="32" op_8_bw="32">
<![CDATA[
.split:23 %empty_83 = specchannel i32 @_ssdm_op_SpecChannel, void @cols_c_str, i32 1, void @p_str, void @p_str, i32 2, i32 0, i32 %cols_c, i32 %cols_c

]]></Node>
<StgValue><ssdm name="empty_83"/></StgValue>
</operation>

<operation id="42" st_id="8" stage="1" lat="1">
<core>NULL</core>
<MemPortIdVec></MemPortIdVec>
<condition id="-1">
<or_exp><and_exp></and_exp></or_exp>
</condition>

<Node id="30" bw="0" op_0_bw="0" op_1_bw="32" op_2_bw="0" op_3_bw="32" op_4_bw="32" op_5_bw="0" op_6_bw="32" op_7_bw="32" op_8_bw="0" op_9_bw="0" op_10_bw="0" op_11_bw="32" op_12_bw="32" op_13_bw="32" op_14_bw="32" op_15_bw="0" op_16_bw="0">
<![CDATA[
.split:24 %specinterface_ln1161 = specinterface void @_ssdm_op_SpecInterface, i32 %cols_c, void @ap_fifo_str, i32 0, i32 0, void @p_str, i32 0, i32 0, void @p_str, void @p_str, void @p_str, i32 2, i32 2, i32 16, i32 16, void @p_str, void @p_str

]]></Node>
<StgValue><ssdm name="specinterface_ln1161"/></StgValue>
</operation>

<operation id="43" st_id="8" stage="1" lat="1">
<core>NULL</core>
<MemPortIdVec></MemPortIdVec>
<condition id="-1">
<or_exp><and_exp></and_exp></or_exp>
</condition>

<Node id="31" bw="32" op_0_bw="32" op_1_bw="0" op_2_bw="32" op_3_bw="0" op_4_bw="0" op_5_bw="32" op_6_bw="32" op_7_bw="64" op_8_bw="64">
<![CDATA[
.split:25 %empty_84 = specchannel i32 @_ssdm_op_SpecChannel, void @din_c1_str, i32 1, void @p_str, void @p_str, i32 2, i32 0, i64 %din_c1, i64 %din_c1

]]></Node>
<StgValue><ssdm name="empty_84"/></StgValue>
</operation>

<operation id="44" st_id="8" stage="1" lat="1">
<core>NULL</core>
<MemPortIdVec></MemPortIdVec>
<condition id="-1">
<or_exp><and_exp></and_exp></or_exp>
</condition>

<Node id="32" bw="0" op_0_bw="0" op_1_bw="64" op_2_bw="0" op_3_bw="32" op_4_bw="32" op_5_bw="0" op_6_bw="32" op_7_bw="32" op_8_bw="0" op_9_bw="0" op_10_bw="0" op_11_bw="32" op_12_bw="32" op_13_bw="32" op_14_bw="32" op_15_bw="0" op_16_bw="0">
<![CDATA[
.split:26 %specinterface_ln0 = specinterface void @_ssdm_op_SpecInterface, i64 %din_c1, void @ap_fifo_str, i32 0, i32 0, void @p_str, i32 0, i32 0, void @p_str, void @p_str, void @p_str, i32 2, i32 2, i32 16, i32 16, void @p_str, void @p_str

]]></Node>
<StgValue><ssdm name="specinterface_ln0"/></StgValue>
</operation>

<operation id="45" st_id="8" stage="1" lat="1">
<core>NULL</core>
<MemPortIdVec></MemPortIdVec>
<condition id="-1">
<or_exp><and_exp></and_exp></or_exp>
</condition>

<Node id="33" bw="32" op_0_bw="32" op_1_bw="0" op_2_bw="32" op_3_bw="0" op_4_bw="0" op_5_bw="32" op_6_bw="32" op_7_bw="32" op_8_bw="32">
<![CDATA[
.split:27 %empty_85 = specchannel i32 @_ssdm_op_SpecChannel, void @rows_c2_str, i32 1, void @p_str, void @p_str, i32 2, i32 0, i32 %rows_c2, i32 %rows_c2

]]></Node>
<StgValue><ssdm name="empty_85"/></StgValue>
</operation>

<operation id="46" st_id="8" stage="1" lat="1">
<core>NULL</core>
<MemPortIdVec></MemPortIdVec>
<condition id="-1">
<or_exp><and_exp></and_exp></or_exp>
</condition>

<Node id="34" bw="0" op_0_bw="0" op_1_bw="32" op_2_bw="0" op_3_bw="32" op_4_bw="32" op_5_bw="0" op_6_bw="32" op_7_bw="32" op_8_bw="0" op_9_bw="0" op_10_bw="0" op_11_bw="32" op_12_bw="32" op_13_bw="32" op_14_bw="32" op_15_bw="0" op_16_bw="0">
<![CDATA[
.split:28 %specinterface_ln0 = specinterface void @_ssdm_op_SpecInterface, i32 %rows_c2, void @ap_fifo_str, i32 0, i32 0, void @p_str, i32 0, i32 0, void @p_str, void @p_str, void @p_str, i32 2, i32 2, i32 16, i32 16, void @p_str, void @p_str

]]></Node>
<StgValue><ssdm name="specinterface_ln0"/></StgValue>
</operation>

<operation id="47" st_id="8" stage="1" lat="1">
<core>NULL</core>
<MemPortIdVec></MemPortIdVec>
<condition id="-1">
<or_exp><and_exp></and_exp></or_exp>
</condition>

<Node id="35" bw="32" op_0_bw="32" op_1_bw="0" op_2_bw="32" op_3_bw="0" op_4_bw="0" op_5_bw="32" op_6_bw="32" op_7_bw="32" op_8_bw="32">
<![CDATA[
.split:29 %empty_86 = specchannel i32 @_ssdm_op_SpecChannel, void @cols_c3_str, i32 1, void @p_str, void @p_str, i32 2, i32 0, i32 %cols_c3, i32 %cols_c3

]]></Node>
<StgValue><ssdm name="empty_86"/></StgValue>
</operation>

<operation id="48" st_id="8" stage="1" lat="1">
<core>NULL</core>
<MemPortIdVec></MemPortIdVec>
<condition id="-1">
<or_exp><and_exp></and_exp></or_exp>
</condition>

<Node id="36" bw="0" op_0_bw="0" op_1_bw="32" op_2_bw="0" op_3_bw="32" op_4_bw="32" op_5_bw="0" op_6_bw="32" op_7_bw="32" op_8_bw="0" op_9_bw="0" op_10_bw="0" op_11_bw="32" op_12_bw="32" op_13_bw="32" op_14_bw="32" op_15_bw="0" op_16_bw="0">
<![CDATA[
.split:30 %specinterface_ln1161 = specinterface void @_ssdm_op_SpecInterface, i32 %cols_c3, void @ap_fifo_str, i32 0, i32 0, void @p_str, i32 0, i32 0, void @p_str, void @p_str, void @p_str, i32 2, i32 2, i32 16, i32 16, void @p_str, void @p_str

]]></Node>
<StgValue><ssdm name="specinterface_ln1161"/></StgValue>
</operation>

<operation id="49" st_id="8" stage="1" lat="1">
<core>NULL</core>
<MemPortIdVec></MemPortIdVec>
<condition id="-1">
<or_exp><and_exp></and_exp></or_exp>
</condition>

<Node id="39" bw="32" op_0_bw="32" op_1_bw="0" op_2_bw="32" op_3_bw="0" op_4_bw="0" op_5_bw="32" op_6_bw="32" op_7_bw="4" op_8_bw="4">
<![CDATA[
.split:33 %empty_87 = specchannel i32 @_ssdm_op_SpecChannel, void @last_blk_width_c_str, i32 1, void @p_str, void @p_str, i32 4, i32 0, i4 %last_blk_width_c, i4 %last_blk_width_c

]]></Node>
<StgValue><ssdm name="empty_87"/></StgValue>
</operation>

<operation id="50" st_id="8" stage="1" lat="1">
<core>NULL</core>
<MemPortIdVec></MemPortIdVec>
<condition id="-1">
<or_exp><and_exp></and_exp></or_exp>
</condition>

<Node id="40" bw="0" op_0_bw="0" op_1_bw="4" op_2_bw="0" op_3_bw="32" op_4_bw="32" op_5_bw="0" op_6_bw="32" op_7_bw="32" op_8_bw="0" op_9_bw="0" op_10_bw="0" op_11_bw="32" op_12_bw="32" op_13_bw="32" op_14_bw="32" op_15_bw="0" op_16_bw="0">
<![CDATA[
.split:34 %specinterface_ln1162 = specinterface void @_ssdm_op_SpecInterface, i4 %last_blk_width_c, void @ap_fifo_str, i32 0, i32 0, void @p_str, i32 0, i32 0, void @p_str, void @p_str, void @p_str, i32 2, i32 2, i32 16, i32 16, void @p_str, void @p_str

]]></Node>
<StgValue><ssdm name="specinterface_ln1162"/></StgValue>
</operation>

<operation id="51" st_id="8" stage="1" lat="1">
<core>NULL</core>
<MemPortIdVec></MemPortIdVec>
<condition id="-1">
<or_exp><and_exp></and_exp></or_exp>
</condition>

<Node id="42" bw="32" op_0_bw="32" op_1_bw="0" op_2_bw="32" op_3_bw="0" op_4_bw="0" op_5_bw="32" op_6_bw="32" op_7_bw="32" op_8_bw="32">
<![CDATA[
.split:36 %empty_88 = specchannel i32 @_ssdm_op_SpecChannel, void @rows_c14_str, i32 1, void @p_str, void @p_str, i32 4, i32 0, i32 %rows_c14, i32 %rows_c14

]]></Node>
<StgValue><ssdm name="empty_88"/></StgValue>
</operation>

<operation id="52" st_id="8" stage="1" lat="1">
<core>NULL</core>
<MemPortIdVec></MemPortIdVec>
<condition id="-1">
<or_exp><and_exp></and_exp></or_exp>
</condition>

<Node id="43" bw="0" op_0_bw="0" op_1_bw="32" op_2_bw="0" op_3_bw="32" op_4_bw="32" op_5_bw="0" op_6_bw="32" op_7_bw="32" op_8_bw="0" op_9_bw="0" op_10_bw="0" op_11_bw="32" op_12_bw="32" op_13_bw="32" op_14_bw="32" op_15_bw="0" op_16_bw="0">
<![CDATA[
.split:37 %specinterface_ln301 = specinterface void @_ssdm_op_SpecInterface, i32 %rows_c14, void @ap_fifo_str, i32 0, i32 0, void @p_str, i32 0, i32 0, void @p_str, void @p_str, void @p_str, i32 2, i32 2, i32 16, i32 16, void @p_str, void @p_str

]]></Node>
<StgValue><ssdm name="specinterface_ln301"/></StgValue>
</operation>

<operation id="53" st_id="8" stage="1" lat="1">
<core>NULL</core>
<MemPortIdVec></MemPortIdVec>
<condition id="-1">
<or_exp><and_exp></and_exp></or_exp>
</condition>

<Node id="44" bw="32" op_0_bw="32" op_1_bw="0" op_2_bw="32" op_3_bw="0" op_4_bw="0" op_5_bw="32" op_6_bw="32" op_7_bw="32" op_8_bw="32">
<![CDATA[
.split:38 %empty_89 = specchannel i32 @_ssdm_op_SpecChannel, void @cols_c15_str, i32 1, void @p_str, void @p_str, i32 4, i32 0, i32 %cols_c15, i32 %cols_c15

]]></Node>
<StgValue><ssdm name="empty_89"/></StgValue>
</operation>

<operation id="54" st_id="8" stage="1" lat="1">
<core>NULL</core>
<MemPortIdVec></MemPortIdVec>
<condition id="-1">
<or_exp><and_exp></and_exp></or_exp>
</condition>

<Node id="45" bw="0" op_0_bw="0" op_1_bw="32" op_2_bw="0" op_3_bw="32" op_4_bw="32" op_5_bw="0" op_6_bw="32" op_7_bw="32" op_8_bw="0" op_9_bw="0" op_10_bw="0" op_11_bw="32" op_12_bw="32" op_13_bw="32" op_14_bw="32" op_15_bw="0" op_16_bw="0">
<![CDATA[
.split:39 %specinterface_ln1161 = specinterface void @_ssdm_op_SpecInterface, i32 %cols_c15, void @ap_fifo_str, i32 0, i32 0, void @p_str, i32 0, i32 0, void @p_str, void @p_str, void @p_str, i32 2, i32 2, i32 16, i32 16, void @p_str, void @p_str

]]></Node>
<StgValue><ssdm name="specinterface_ln1161"/></StgValue>
</operation>

<operation id="55" st_id="8" stage="1" lat="2">
<core></core>
<MemPortIdVec></MemPortIdVec>
<condition id="-1">
<or_exp><and_exp></and_exp></or_exp>
</condition>

<Node id="49" bw="0" op_0_bw="0" op_1_bw="32" op_2_bw="24" op_3_bw="32" op_4_bw="32" op_5_bw="4" op_6_bw="0" op_7_bw="0" op_8_bw="0">
<![CDATA[
.split:43 %call_ln1173 = call void @AxiStream2MatStream, i32 %ldata, i24 %imgInput1_434, i32 %rows_c14, i32 %cols_c15, i4 %last_blk_width_c

]]></Node>
<StgValue><ssdm name="call_ln1173"/></StgValue>
</operation>

<operation id="56" st_id="8" stage="1" lat="1">
<core>NULL</core>
<MemPortIdVec></MemPortIdVec>
<condition id="-1">
<or_exp><and_exp></and_exp></or_exp>
</condition>

<Node id="50" bw="0">
<![CDATA[
.split:44 %ret_ln1174 = ret

]]></Node>
<StgValue><ssdm name="ret_ln1174"/></StgValue>
</operation>
</state>
</state_list>


<ports>
<port id="65" name="gmem1" dir="0" iftype="4">
<core>NULL</core><StgValue><ssdm name="gmem1"/></StgValue>
</port>
<port id="66" name="imgInput1_434" dir="1" iftype="3">
<core>FIFO_SRL</core><StgValue><ssdm name="imgInput1_434"/></StgValue>
</port>
<port id="67" name="din" dir="0" iftype="0">
<core>NULL</core><StgValue><ssdm name="din"/></StgValue>
</port>
<port id="68" name="rows" dir="0" iftype="0">
<core>NULL</core><StgValue><ssdm name="rows"/></StgValue>
</port>
<port id="69" name="cols" dir="0" iftype="0">
<core>NULL</core><StgValue><ssdm name="cols"/></StgValue>
</port>
</ports>


<dataflows>
<dataflow id="71" from="_ssdm_op_Read.ap_auto.i32" to="cols_read" fromId="70" toId="9">
</dataflow>
<dataflow id="72" from="cols" to="cols_read" fromId="69" toId="9">
</dataflow>
<dataflow id="73" from="_ssdm_op_Read.ap_auto.i32" to="rows_read" fromId="70" toId="10">
</dataflow>
<dataflow id="74" from="rows" to="rows_read" fromId="68" toId="10">
</dataflow>
<dataflow id="76" from="_ssdm_op_Read.ap_auto.i64" to="din_read" fromId="75" toId="11">
</dataflow>
<dataflow id="77" from="din" to="din_read" fromId="67" toId="11">
</dataflow>
<dataflow id="79" from="StgValue_78" to="cols_c3" fromId="78" toId="12">
</dataflow>
<dataflow id="80" from="StgValue_78" to="rows_c2" fromId="78" toId="13">
</dataflow>
<dataflow id="81" from="StgValue_78" to="din_c1" fromId="78" toId="14">
</dataflow>
<dataflow id="82" from="StgValue_78" to="p_channel" fromId="78" toId="15">
</dataflow>
<dataflow id="83" from="StgValue_78" to="cols_c15" fromId="78" toId="16">
</dataflow>
<dataflow id="84" from="StgValue_78" to="rows_c14" fromId="78" toId="17">
</dataflow>
<dataflow id="85" from="StgValue_78" to="last_blk_width_c" fromId="78" toId="18">
</dataflow>
<dataflow id="86" from="StgValue_78" to="cols_c" fromId="78" toId="19">
</dataflow>
<dataflow id="87" from="StgValue_78" to="rows_c" fromId="78" toId="20">
</dataflow>
<dataflow id="88" from="StgValue_78" to="din_c" fromId="78" toId="21">
</dataflow>
<dataflow id="89" from="StgValue_78" to="ldata" fromId="78" toId="22">
</dataflow>
<dataflow id="91" from="Axi2Mat.entry3" to="call_ln1161" fromId="90" toId="23">
</dataflow>
<dataflow id="92" from="din_read" to="call_ln1161" fromId="11" toId="23">
</dataflow>
<dataflow id="93" from="rows_read" to="call_ln1161" fromId="10" toId="23">
</dataflow>
<dataflow id="94" from="cols_read" to="call_ln1161" fromId="9" toId="23">
</dataflow>
<dataflow id="95" from="din_c1" to="call_ln1161" fromId="14" toId="23">
</dataflow>
<dataflow id="96" from="rows_c2" to="call_ln1161" fromId="13" toId="23">
</dataflow>
<dataflow id="97" from="cols_c3" to="call_ln1161" fromId="12" toId="23">
</dataflow>
<dataflow id="99" from="Axi2Mat.entry9" to="call_ln1161" fromId="98" toId="24">
</dataflow>
<dataflow id="100" from="din_c1" to="call_ln1161" fromId="14" toId="24">
</dataflow>
<dataflow id="101" from="rows_c2" to="call_ln1161" fromId="13" toId="24">
</dataflow>
<dataflow id="102" from="cols_c3" to="call_ln1161" fromId="12" toId="24">
</dataflow>
<dataflow id="103" from="din_c" to="call_ln1161" fromId="21" toId="24">
</dataflow>
<dataflow id="104" from="rows_c" to="call_ln1161" fromId="20" toId="24">
</dataflow>
<dataflow id="105" from="cols_c" to="call_ln1161" fromId="19" toId="24">
</dataflow>
<dataflow id="107" from="addrbound5" to="call_ln301" fromId="106" toId="25">
</dataflow>
<dataflow id="108" from="p_channel" to="call_ln301" fromId="15" toId="25">
</dataflow>
<dataflow id="109" from="rows_c" to="call_ln301" fromId="20" toId="25">
</dataflow>
<dataflow id="110" from="cols_c" to="call_ln301" fromId="19" toId="25">
</dataflow>
<dataflow id="111" from="rows_c14" to="call_ln301" fromId="17" toId="25">
</dataflow>
<dataflow id="112" from="cols_c15" to="call_ln301" fromId="16" toId="25">
</dataflow>
<dataflow id="113" from="addrbound5" to="call_ln301" fromId="106" toId="26">
</dataflow>
<dataflow id="114" from="p_channel" to="call_ln301" fromId="15" toId="26">
</dataflow>
<dataflow id="115" from="rows_c" to="call_ln301" fromId="20" toId="26">
</dataflow>
<dataflow id="116" from="cols_c" to="call_ln301" fromId="19" toId="26">
</dataflow>
<dataflow id="117" from="rows_c14" to="call_ln301" fromId="17" toId="26">
</dataflow>
<dataflow id="118" from="cols_c15" to="call_ln301" fromId="16" toId="26">
</dataflow>
<dataflow id="120" from="Axi2Mat_Block_.split26_proc" to="axibound_V" fromId="119" toId="27">
</dataflow>
<dataflow id="121" from="p_channel" to="axibound_V" fromId="15" toId="27">
</dataflow>
<dataflow id="123" from="Axi2AxiStream" to="call_ln1172" fromId="122" toId="28">
</dataflow>
<dataflow id="124" from="gmem1" to="call_ln1172" fromId="65" toId="28">
</dataflow>
<dataflow id="125" from="ldata" to="call_ln1172" fromId="22" toId="28">
</dataflow>
<dataflow id="126" from="din_c" to="call_ln1172" fromId="21" toId="28">
</dataflow>
<dataflow id="127" from="axibound_V" to="call_ln1172" fromId="27" toId="28">
</dataflow>
<dataflow id="129" from="last_blk_pxl_width4" to="call_ln1162" fromId="128" toId="29">
</dataflow>
<dataflow id="130" from="last_blk_width_c" to="call_ln1162" fromId="18" toId="29">
</dataflow>
<dataflow id="131" from="Axi2AxiStream" to="call_ln1172" fromId="122" toId="30">
</dataflow>
<dataflow id="132" from="gmem1" to="call_ln1172" fromId="65" toId="30">
</dataflow>
<dataflow id="133" from="ldata" to="call_ln1172" fromId="22" toId="30">
</dataflow>
<dataflow id="134" from="din_c" to="call_ln1172" fromId="21" toId="30">
</dataflow>
<dataflow id="135" from="axibound_V" to="call_ln1172" fromId="27" toId="30">
</dataflow>
<dataflow id="137" from="AxiStream2MatStream" to="call_ln1173" fromId="136" toId="31">
</dataflow>
<dataflow id="138" from="ldata" to="call_ln1173" fromId="22" toId="31">
</dataflow>
<dataflow id="139" from="imgInput1_434" to="call_ln1173" fromId="66" toId="31">
</dataflow>
<dataflow id="140" from="rows_c14" to="call_ln1173" fromId="17" toId="31">
</dataflow>
<dataflow id="141" from="cols_c15" to="call_ln1173" fromId="16" toId="31">
</dataflow>
<dataflow id="142" from="last_blk_width_c" to="call_ln1173" fromId="18" toId="31">
</dataflow>
<dataflow id="144" from="_ssdm_op_SpecDataflowPipeline" to="specdataflowpipeline_ln0" fromId="143" toId="32">
</dataflow>
<dataflow id="146" from="StgValue_145" to="specdataflowpipeline_ln0" fromId="145" toId="32">
</dataflow>
<dataflow id="148" from="StgValue_147" to="specdataflowpipeline_ln0" fromId="147" toId="32">
</dataflow>
<dataflow id="150" from="empty_18" to="specdataflowpipeline_ln0" fromId="149" toId="32">
</dataflow>
<dataflow id="152" from="_ssdm_op_SpecInterface" to="specinterface_ln0" fromId="151" toId="33">
</dataflow>
<dataflow id="153" from="gmem1" to="specinterface_ln0" fromId="65" toId="33">
</dataflow>
<dataflow id="155" from="empty_20" to="specinterface_ln0" fromId="154" toId="33">
</dataflow>
<dataflow id="156" from="StgValue_147" to="specinterface_ln0" fromId="147" toId="33">
</dataflow>
<dataflow id="157" from="StgValue_147" to="specinterface_ln0" fromId="147" toId="33">
</dataflow>
<dataflow id="158" from="empty_18" to="specinterface_ln0" fromId="149" toId="33">
</dataflow>
<dataflow id="159" from="StgValue_147" to="specinterface_ln0" fromId="147" toId="33">
</dataflow>
<dataflow id="160" from="StgValue_147" to="specinterface_ln0" fromId="147" toId="33">
</dataflow>
<dataflow id="162" from="empty_19" to="specinterface_ln0" fromId="161" toId="33">
</dataflow>
<dataflow id="164" from="empty_1" to="specinterface_ln0" fromId="163" toId="33">
</dataflow>
<dataflow id="165" from="empty_18" to="specinterface_ln0" fromId="149" toId="33">
</dataflow>
<dataflow id="167" from="StgValue_166" to="specinterface_ln0" fromId="166" toId="33">
</dataflow>
<dataflow id="168" from="StgValue_166" to="specinterface_ln0" fromId="166" toId="33">
</dataflow>
<dataflow id="169" from="StgValue_166" to="specinterface_ln0" fromId="166" toId="33">
</dataflow>
<dataflow id="170" from="StgValue_166" to="specinterface_ln0" fromId="166" toId="33">
</dataflow>
<dataflow id="171" from="empty_18" to="specinterface_ln0" fromId="149" toId="33">
</dataflow>
<dataflow id="172" from="empty_18" to="specinterface_ln0" fromId="149" toId="33">
</dataflow>
<dataflow id="173" from="_ssdm_op_SpecInterface" to="specinterface_ln0" fromId="151" toId="34">
</dataflow>
<dataflow id="174" from="imgInput1_434" to="specinterface_ln0" fromId="66" toId="34">
</dataflow>
<dataflow id="176" from="empty_2" to="specinterface_ln0" fromId="175" toId="34">
</dataflow>
<dataflow id="177" from="StgValue_147" to="specinterface_ln0" fromId="147" toId="34">
</dataflow>
<dataflow id="178" from="StgValue_147" to="specinterface_ln0" fromId="147" toId="34">
</dataflow>
<dataflow id="179" from="empty_18" to="specinterface_ln0" fromId="149" toId="34">
</dataflow>
<dataflow id="180" from="StgValue_147" to="specinterface_ln0" fromId="147" toId="34">
</dataflow>
<dataflow id="181" from="StgValue_147" to="specinterface_ln0" fromId="147" toId="34">
</dataflow>
<dataflow id="182" from="empty_18" to="specinterface_ln0" fromId="149" toId="34">
</dataflow>
<dataflow id="183" from="empty_18" to="specinterface_ln0" fromId="149" toId="34">
</dataflow>
<dataflow id="184" from="empty_18" to="specinterface_ln0" fromId="149" toId="34">
</dataflow>
<dataflow id="185" from="StgValue_147" to="specinterface_ln0" fromId="147" toId="34">
</dataflow>
<dataflow id="186" from="StgValue_147" to="specinterface_ln0" fromId="147" toId="34">
</dataflow>
<dataflow id="187" from="StgValue_147" to="specinterface_ln0" fromId="147" toId="34">
</dataflow>
<dataflow id="188" from="StgValue_147" to="specinterface_ln0" fromId="147" toId="34">
</dataflow>
<dataflow id="189" from="empty_18" to="specinterface_ln0" fromId="149" toId="34">
</dataflow>
<dataflow id="190" from="empty_18" to="specinterface_ln0" fromId="149" toId="34">
</dataflow>
<dataflow id="192" from="_ssdm_op_SpecChannel" to="empty" fromId="191" toId="35">
</dataflow>
<dataflow id="194" from="ldata_str" to="empty" fromId="193" toId="35">
</dataflow>
<dataflow id="196" from="StgValue_195" to="empty" fromId="195" toId="35">
</dataflow>
<dataflow id="198" from="p_str" to="empty" fromId="197" toId="35">
</dataflow>
<dataflow id="199" from="p_str" to="empty" fromId="197" toId="35">
</dataflow>
<dataflow id="201" from="StgValue_200" to="empty" fromId="200" toId="35">
</dataflow>
<dataflow id="202" from="StgValue_200" to="empty" fromId="200" toId="35">
</dataflow>
<dataflow id="203" from="ldata" to="empty" fromId="22" toId="35">
</dataflow>
<dataflow id="204" from="ldata" to="empty" fromId="22" toId="35">
</dataflow>
<dataflow id="205" from="_ssdm_op_SpecInterface" to="specinterface_ln0" fromId="151" toId="36">
</dataflow>
<dataflow id="206" from="ldata" to="specinterface_ln0" fromId="22" toId="36">
</dataflow>
<dataflow id="207" from="empty_2" to="specinterface_ln0" fromId="175" toId="36">
</dataflow>
<dataflow id="208" from="StgValue_147" to="specinterface_ln0" fromId="147" toId="36">
</dataflow>
<dataflow id="209" from="StgValue_147" to="specinterface_ln0" fromId="147" toId="36">
</dataflow>
<dataflow id="210" from="empty_18" to="specinterface_ln0" fromId="149" toId="36">
</dataflow>
<dataflow id="211" from="StgValue_147" to="specinterface_ln0" fromId="147" toId="36">
</dataflow>
<dataflow id="212" from="StgValue_147" to="specinterface_ln0" fromId="147" toId="36">
</dataflow>
<dataflow id="213" from="empty_18" to="specinterface_ln0" fromId="149" toId="36">
</dataflow>
<dataflow id="214" from="empty_18" to="specinterface_ln0" fromId="149" toId="36">
</dataflow>
<dataflow id="215" from="empty_18" to="specinterface_ln0" fromId="149" toId="36">
</dataflow>
<dataflow id="216" from="StgValue_147" to="specinterface_ln0" fromId="147" toId="36">
</dataflow>
<dataflow id="217" from="StgValue_147" to="specinterface_ln0" fromId="147" toId="36">
</dataflow>
<dataflow id="218" from="StgValue_147" to="specinterface_ln0" fromId="147" toId="36">
</dataflow>
<dataflow id="219" from="StgValue_147" to="specinterface_ln0" fromId="147" toId="36">
</dataflow>
<dataflow id="220" from="empty_18" to="specinterface_ln0" fromId="149" toId="36">
</dataflow>
<dataflow id="221" from="empty_18" to="specinterface_ln0" fromId="149" toId="36">
</dataflow>
<dataflow id="222" from="_ssdm_op_SpecChannel" to="empty_81" fromId="191" toId="37">
</dataflow>
<dataflow id="224" from="din_c_str" to="empty_81" fromId="223" toId="37">
</dataflow>
<dataflow id="225" from="StgValue_195" to="empty_81" fromId="195" toId="37">
</dataflow>
<dataflow id="226" from="p_str" to="empty_81" fromId="197" toId="37">
</dataflow>
<dataflow id="227" from="p_str" to="empty_81" fromId="197" toId="37">
</dataflow>
<dataflow id="229" from="StgValue_228" to="empty_81" fromId="228" toId="37">
</dataflow>
<dataflow id="230" from="StgValue_147" to="empty_81" fromId="147" toId="37">
</dataflow>
<dataflow id="231" from="din_c" to="empty_81" fromId="21" toId="37">
</dataflow>
<dataflow id="232" from="din_c" to="empty_81" fromId="21" toId="37">
</dataflow>
<dataflow id="233" from="_ssdm_op_SpecInterface" to="specinterface_ln1172" fromId="151" toId="38">
</dataflow>
<dataflow id="234" from="din_c" to="specinterface_ln1172" fromId="21" toId="38">
</dataflow>
<dataflow id="236" from="ap_fifo_str" to="specinterface_ln1172" fromId="235" toId="38">
</dataflow>
<dataflow id="237" from="StgValue_147" to="specinterface_ln1172" fromId="147" toId="38">
</dataflow>
<dataflow id="238" from="StgValue_147" to="specinterface_ln1172" fromId="147" toId="38">
</dataflow>
<dataflow id="239" from="p_str" to="specinterface_ln1172" fromId="197" toId="38">
</dataflow>
<dataflow id="240" from="StgValue_147" to="specinterface_ln1172" fromId="147" toId="38">
</dataflow>
<dataflow id="241" from="StgValue_147" to="specinterface_ln1172" fromId="147" toId="38">
</dataflow>
<dataflow id="242" from="p_str" to="specinterface_ln1172" fromId="197" toId="38">
</dataflow>
<dataflow id="243" from="p_str" to="specinterface_ln1172" fromId="197" toId="38">
</dataflow>
<dataflow id="244" from="p_str" to="specinterface_ln1172" fromId="197" toId="38">
</dataflow>
<dataflow id="245" from="StgValue_200" to="specinterface_ln1172" fromId="200" toId="38">
</dataflow>
<dataflow id="246" from="StgValue_200" to="specinterface_ln1172" fromId="200" toId="38">
</dataflow>
<dataflow id="247" from="StgValue_166" to="specinterface_ln1172" fromId="166" toId="38">
</dataflow>
<dataflow id="248" from="StgValue_166" to="specinterface_ln1172" fromId="166" toId="38">
</dataflow>
<dataflow id="249" from="p_str" to="specinterface_ln1172" fromId="197" toId="38">
</dataflow>
<dataflow id="250" from="p_str" to="specinterface_ln1172" fromId="197" toId="38">
</dataflow>
<dataflow id="251" from="_ssdm_op_SpecChannel" to="empty_82" fromId="191" toId="39">
</dataflow>
<dataflow id="253" from="rows_c_str" to="empty_82" fromId="252" toId="39">
</dataflow>
<dataflow id="254" from="StgValue_195" to="empty_82" fromId="195" toId="39">
</dataflow>
<dataflow id="255" from="p_str" to="empty_82" fromId="197" toId="39">
</dataflow>
<dataflow id="256" from="p_str" to="empty_82" fromId="197" toId="39">
</dataflow>
<dataflow id="257" from="StgValue_200" to="empty_82" fromId="200" toId="39">
</dataflow>
<dataflow id="258" from="StgValue_147" to="empty_82" fromId="147" toId="39">
</dataflow>
<dataflow id="259" from="rows_c" to="empty_82" fromId="20" toId="39">
</dataflow>
<dataflow id="260" from="rows_c" to="empty_82" fromId="20" toId="39">
</dataflow>
<dataflow id="261" from="_ssdm_op_SpecInterface" to="specinterface_ln301" fromId="151" toId="40">
</dataflow>
<dataflow id="262" from="rows_c" to="specinterface_ln301" fromId="20" toId="40">
</dataflow>
<dataflow id="263" from="ap_fifo_str" to="specinterface_ln301" fromId="235" toId="40">
</dataflow>
<dataflow id="264" from="StgValue_147" to="specinterface_ln301" fromId="147" toId="40">
</dataflow>
<dataflow id="265" from="StgValue_147" to="specinterface_ln301" fromId="147" toId="40">
</dataflow>
<dataflow id="266" from="p_str" to="specinterface_ln301" fromId="197" toId="40">
</dataflow>
<dataflow id="267" from="StgValue_147" to="specinterface_ln301" fromId="147" toId="40">
</dataflow>
<dataflow id="268" from="StgValue_147" to="specinterface_ln301" fromId="147" toId="40">
</dataflow>
<dataflow id="269" from="p_str" to="specinterface_ln301" fromId="197" toId="40">
</dataflow>
<dataflow id="270" from="p_str" to="specinterface_ln301" fromId="197" toId="40">
</dataflow>
<dataflow id="271" from="p_str" to="specinterface_ln301" fromId="197" toId="40">
</dataflow>
<dataflow id="272" from="StgValue_200" to="specinterface_ln301" fromId="200" toId="40">
</dataflow>
<dataflow id="273" from="StgValue_200" to="specinterface_ln301" fromId="200" toId="40">
</dataflow>
<dataflow id="274" from="StgValue_166" to="specinterface_ln301" fromId="166" toId="40">
</dataflow>
<dataflow id="275" from="StgValue_166" to="specinterface_ln301" fromId="166" toId="40">
</dataflow>
<dataflow id="276" from="p_str" to="specinterface_ln301" fromId="197" toId="40">
</dataflow>
<dataflow id="277" from="p_str" to="specinterface_ln301" fromId="197" toId="40">
</dataflow>
<dataflow id="278" from="_ssdm_op_SpecChannel" to="empty_83" fromId="191" toId="41">
</dataflow>
<dataflow id="280" from="cols_c_str" to="empty_83" fromId="279" toId="41">
</dataflow>
<dataflow id="281" from="StgValue_195" to="empty_83" fromId="195" toId="41">
</dataflow>
<dataflow id="282" from="p_str" to="empty_83" fromId="197" toId="41">
</dataflow>
<dataflow id="283" from="p_str" to="empty_83" fromId="197" toId="41">
</dataflow>
<dataflow id="284" from="StgValue_200" to="empty_83" fromId="200" toId="41">
</dataflow>
<dataflow id="285" from="StgValue_147" to="empty_83" fromId="147" toId="41">
</dataflow>
<dataflow id="286" from="cols_c" to="empty_83" fromId="19" toId="41">
</dataflow>
<dataflow id="287" from="cols_c" to="empty_83" fromId="19" toId="41">
</dataflow>
<dataflow id="288" from="_ssdm_op_SpecInterface" to="specinterface_ln1161" fromId="151" toId="42">
</dataflow>
<dataflow id="289" from="cols_c" to="specinterface_ln1161" fromId="19" toId="42">
</dataflow>
<dataflow id="290" from="ap_fifo_str" to="specinterface_ln1161" fromId="235" toId="42">
</dataflow>
<dataflow id="291" from="StgValue_147" to="specinterface_ln1161" fromId="147" toId="42">
</dataflow>
<dataflow id="292" from="StgValue_147" to="specinterface_ln1161" fromId="147" toId="42">
</dataflow>
<dataflow id="293" from="p_str" to="specinterface_ln1161" fromId="197" toId="42">
</dataflow>
<dataflow id="294" from="StgValue_147" to="specinterface_ln1161" fromId="147" toId="42">
</dataflow>
<dataflow id="295" from="StgValue_147" to="specinterface_ln1161" fromId="147" toId="42">
</dataflow>
<dataflow id="296" from="p_str" to="specinterface_ln1161" fromId="197" toId="42">
</dataflow>
<dataflow id="297" from="p_str" to="specinterface_ln1161" fromId="197" toId="42">
</dataflow>
<dataflow id="298" from="p_str" to="specinterface_ln1161" fromId="197" toId="42">
</dataflow>
<dataflow id="299" from="StgValue_200" to="specinterface_ln1161" fromId="200" toId="42">
</dataflow>
<dataflow id="300" from="StgValue_200" to="specinterface_ln1161" fromId="200" toId="42">
</dataflow>
<dataflow id="301" from="StgValue_166" to="specinterface_ln1161" fromId="166" toId="42">
</dataflow>
<dataflow id="302" from="StgValue_166" to="specinterface_ln1161" fromId="166" toId="42">
</dataflow>
<dataflow id="303" from="p_str" to="specinterface_ln1161" fromId="197" toId="42">
</dataflow>
<dataflow id="304" from="p_str" to="specinterface_ln1161" fromId="197" toId="42">
</dataflow>
<dataflow id="305" from="_ssdm_op_SpecChannel" to="empty_84" fromId="191" toId="43">
</dataflow>
<dataflow id="307" from="din_c1_str" to="empty_84" fromId="306" toId="43">
</dataflow>
<dataflow id="308" from="StgValue_195" to="empty_84" fromId="195" toId="43">
</dataflow>
<dataflow id="309" from="p_str" to="empty_84" fromId="197" toId="43">
</dataflow>
<dataflow id="310" from="p_str" to="empty_84" fromId="197" toId="43">
</dataflow>
<dataflow id="311" from="StgValue_200" to="empty_84" fromId="200" toId="43">
</dataflow>
<dataflow id="312" from="StgValue_147" to="empty_84" fromId="147" toId="43">
</dataflow>
<dataflow id="313" from="din_c1" to="empty_84" fromId="14" toId="43">
</dataflow>
<dataflow id="314" from="din_c1" to="empty_84" fromId="14" toId="43">
</dataflow>
<dataflow id="315" from="_ssdm_op_SpecInterface" to="specinterface_ln0" fromId="151" toId="44">
</dataflow>
<dataflow id="316" from="din_c1" to="specinterface_ln0" fromId="14" toId="44">
</dataflow>
<dataflow id="317" from="ap_fifo_str" to="specinterface_ln0" fromId="235" toId="44">
</dataflow>
<dataflow id="318" from="StgValue_147" to="specinterface_ln0" fromId="147" toId="44">
</dataflow>
<dataflow id="319" from="StgValue_147" to="specinterface_ln0" fromId="147" toId="44">
</dataflow>
<dataflow id="320" from="p_str" to="specinterface_ln0" fromId="197" toId="44">
</dataflow>
<dataflow id="321" from="StgValue_147" to="specinterface_ln0" fromId="147" toId="44">
</dataflow>
<dataflow id="322" from="StgValue_147" to="specinterface_ln0" fromId="147" toId="44">
</dataflow>
<dataflow id="323" from="p_str" to="specinterface_ln0" fromId="197" toId="44">
</dataflow>
<dataflow id="324" from="p_str" to="specinterface_ln0" fromId="197" toId="44">
</dataflow>
<dataflow id="325" from="p_str" to="specinterface_ln0" fromId="197" toId="44">
</dataflow>
<dataflow id="326" from="StgValue_200" to="specinterface_ln0" fromId="200" toId="44">
</dataflow>
<dataflow id="327" from="StgValue_200" to="specinterface_ln0" fromId="200" toId="44">
</dataflow>
<dataflow id="328" from="StgValue_166" to="specinterface_ln0" fromId="166" toId="44">
</dataflow>
<dataflow id="329" from="StgValue_166" to="specinterface_ln0" fromId="166" toId="44">
</dataflow>
<dataflow id="330" from="p_str" to="specinterface_ln0" fromId="197" toId="44">
</dataflow>
<dataflow id="331" from="p_str" to="specinterface_ln0" fromId="197" toId="44">
</dataflow>
<dataflow id="332" from="_ssdm_op_SpecChannel" to="empty_85" fromId="191" toId="45">
</dataflow>
<dataflow id="334" from="rows_c2_str" to="empty_85" fromId="333" toId="45">
</dataflow>
<dataflow id="335" from="StgValue_195" to="empty_85" fromId="195" toId="45">
</dataflow>
<dataflow id="336" from="p_str" to="empty_85" fromId="197" toId="45">
</dataflow>
<dataflow id="337" from="p_str" to="empty_85" fromId="197" toId="45">
</dataflow>
<dataflow id="338" from="StgValue_200" to="empty_85" fromId="200" toId="45">
</dataflow>
<dataflow id="339" from="StgValue_147" to="empty_85" fromId="147" toId="45">
</dataflow>
<dataflow id="340" from="rows_c2" to="empty_85" fromId="13" toId="45">
</dataflow>
<dataflow id="341" from="rows_c2" to="empty_85" fromId="13" toId="45">
</dataflow>
<dataflow id="342" from="_ssdm_op_SpecInterface" to="specinterface_ln0" fromId="151" toId="46">
</dataflow>
<dataflow id="343" from="rows_c2" to="specinterface_ln0" fromId="13" toId="46">
</dataflow>
<dataflow id="344" from="ap_fifo_str" to="specinterface_ln0" fromId="235" toId="46">
</dataflow>
<dataflow id="345" from="StgValue_147" to="specinterface_ln0" fromId="147" toId="46">
</dataflow>
<dataflow id="346" from="StgValue_147" to="specinterface_ln0" fromId="147" toId="46">
</dataflow>
<dataflow id="347" from="p_str" to="specinterface_ln0" fromId="197" toId="46">
</dataflow>
<dataflow id="348" from="StgValue_147" to="specinterface_ln0" fromId="147" toId="46">
</dataflow>
<dataflow id="349" from="StgValue_147" to="specinterface_ln0" fromId="147" toId="46">
</dataflow>
<dataflow id="350" from="p_str" to="specinterface_ln0" fromId="197" toId="46">
</dataflow>
<dataflow id="351" from="p_str" to="specinterface_ln0" fromId="197" toId="46">
</dataflow>
<dataflow id="352" from="p_str" to="specinterface_ln0" fromId="197" toId="46">
</dataflow>
<dataflow id="353" from="StgValue_200" to="specinterface_ln0" fromId="200" toId="46">
</dataflow>
<dataflow id="354" from="StgValue_200" to="specinterface_ln0" fromId="200" toId="46">
</dataflow>
<dataflow id="355" from="StgValue_166" to="specinterface_ln0" fromId="166" toId="46">
</dataflow>
<dataflow id="356" from="StgValue_166" to="specinterface_ln0" fromId="166" toId="46">
</dataflow>
<dataflow id="357" from="p_str" to="specinterface_ln0" fromId="197" toId="46">
</dataflow>
<dataflow id="358" from="p_str" to="specinterface_ln0" fromId="197" toId="46">
</dataflow>
<dataflow id="359" from="_ssdm_op_SpecChannel" to="empty_86" fromId="191" toId="47">
</dataflow>
<dataflow id="361" from="cols_c3_str" to="empty_86" fromId="360" toId="47">
</dataflow>
<dataflow id="362" from="StgValue_195" to="empty_86" fromId="195" toId="47">
</dataflow>
<dataflow id="363" from="p_str" to="empty_86" fromId="197" toId="47">
</dataflow>
<dataflow id="364" from="p_str" to="empty_86" fromId="197" toId="47">
</dataflow>
<dataflow id="365" from="StgValue_200" to="empty_86" fromId="200" toId="47">
</dataflow>
<dataflow id="366" from="StgValue_147" to="empty_86" fromId="147" toId="47">
</dataflow>
<dataflow id="367" from="cols_c3" to="empty_86" fromId="12" toId="47">
</dataflow>
<dataflow id="368" from="cols_c3" to="empty_86" fromId="12" toId="47">
</dataflow>
<dataflow id="369" from="_ssdm_op_SpecInterface" to="specinterface_ln1161" fromId="151" toId="48">
</dataflow>
<dataflow id="370" from="cols_c3" to="specinterface_ln1161" fromId="12" toId="48">
</dataflow>
<dataflow id="371" from="ap_fifo_str" to="specinterface_ln1161" fromId="235" toId="48">
</dataflow>
<dataflow id="372" from="StgValue_147" to="specinterface_ln1161" fromId="147" toId="48">
</dataflow>
<dataflow id="373" from="StgValue_147" to="specinterface_ln1161" fromId="147" toId="48">
</dataflow>
<dataflow id="374" from="p_str" to="specinterface_ln1161" fromId="197" toId="48">
</dataflow>
<dataflow id="375" from="StgValue_147" to="specinterface_ln1161" fromId="147" toId="48">
</dataflow>
<dataflow id="376" from="StgValue_147" to="specinterface_ln1161" fromId="147" toId="48">
</dataflow>
<dataflow id="377" from="p_str" to="specinterface_ln1161" fromId="197" toId="48">
</dataflow>
<dataflow id="378" from="p_str" to="specinterface_ln1161" fromId="197" toId="48">
</dataflow>
<dataflow id="379" from="p_str" to="specinterface_ln1161" fromId="197" toId="48">
</dataflow>
<dataflow id="380" from="StgValue_200" to="specinterface_ln1161" fromId="200" toId="48">
</dataflow>
<dataflow id="381" from="StgValue_200" to="specinterface_ln1161" fromId="200" toId="48">
</dataflow>
<dataflow id="382" from="StgValue_166" to="specinterface_ln1161" fromId="166" toId="48">
</dataflow>
<dataflow id="383" from="StgValue_166" to="specinterface_ln1161" fromId="166" toId="48">
</dataflow>
<dataflow id="384" from="p_str" to="specinterface_ln1161" fromId="197" toId="48">
</dataflow>
<dataflow id="385" from="p_str" to="specinterface_ln1161" fromId="197" toId="48">
</dataflow>
<dataflow id="386" from="_ssdm_op_SpecChannel" to="empty_87" fromId="191" toId="49">
</dataflow>
<dataflow id="388" from="last_blk_width_c_str" to="empty_87" fromId="387" toId="49">
</dataflow>
<dataflow id="389" from="StgValue_195" to="empty_87" fromId="195" toId="49">
</dataflow>
<dataflow id="390" from="p_str" to="empty_87" fromId="197" toId="49">
</dataflow>
<dataflow id="391" from="p_str" to="empty_87" fromId="197" toId="49">
</dataflow>
<dataflow id="392" from="StgValue_228" to="empty_87" fromId="228" toId="49">
</dataflow>
<dataflow id="393" from="StgValue_147" to="empty_87" fromId="147" toId="49">
</dataflow>
<dataflow id="394" from="last_blk_width_c" to="empty_87" fromId="18" toId="49">
</dataflow>
<dataflow id="395" from="last_blk_width_c" to="empty_87" fromId="18" toId="49">
</dataflow>
<dataflow id="396" from="_ssdm_op_SpecInterface" to="specinterface_ln1162" fromId="151" toId="50">
</dataflow>
<dataflow id="397" from="last_blk_width_c" to="specinterface_ln1162" fromId="18" toId="50">
</dataflow>
<dataflow id="398" from="ap_fifo_str" to="specinterface_ln1162" fromId="235" toId="50">
</dataflow>
<dataflow id="399" from="StgValue_147" to="specinterface_ln1162" fromId="147" toId="50">
</dataflow>
<dataflow id="400" from="StgValue_147" to="specinterface_ln1162" fromId="147" toId="50">
</dataflow>
<dataflow id="401" from="p_str" to="specinterface_ln1162" fromId="197" toId="50">
</dataflow>
<dataflow id="402" from="StgValue_147" to="specinterface_ln1162" fromId="147" toId="50">
</dataflow>
<dataflow id="403" from="StgValue_147" to="specinterface_ln1162" fromId="147" toId="50">
</dataflow>
<dataflow id="404" from="p_str" to="specinterface_ln1162" fromId="197" toId="50">
</dataflow>
<dataflow id="405" from="p_str" to="specinterface_ln1162" fromId="197" toId="50">
</dataflow>
<dataflow id="406" from="p_str" to="specinterface_ln1162" fromId="197" toId="50">
</dataflow>
<dataflow id="407" from="StgValue_200" to="specinterface_ln1162" fromId="200" toId="50">
</dataflow>
<dataflow id="408" from="StgValue_200" to="specinterface_ln1162" fromId="200" toId="50">
</dataflow>
<dataflow id="409" from="StgValue_166" to="specinterface_ln1162" fromId="166" toId="50">
</dataflow>
<dataflow id="410" from="StgValue_166" to="specinterface_ln1162" fromId="166" toId="50">
</dataflow>
<dataflow id="411" from="p_str" to="specinterface_ln1162" fromId="197" toId="50">
</dataflow>
<dataflow id="412" from="p_str" to="specinterface_ln1162" fromId="197" toId="50">
</dataflow>
<dataflow id="413" from="_ssdm_op_SpecChannel" to="empty_88" fromId="191" toId="51">
</dataflow>
<dataflow id="415" from="rows_c14_str" to="empty_88" fromId="414" toId="51">
</dataflow>
<dataflow id="416" from="StgValue_195" to="empty_88" fromId="195" toId="51">
</dataflow>
<dataflow id="417" from="p_str" to="empty_88" fromId="197" toId="51">
</dataflow>
<dataflow id="418" from="p_str" to="empty_88" fromId="197" toId="51">
</dataflow>
<dataflow id="419" from="StgValue_228" to="empty_88" fromId="228" toId="51">
</dataflow>
<dataflow id="420" from="StgValue_147" to="empty_88" fromId="147" toId="51">
</dataflow>
<dataflow id="421" from="rows_c14" to="empty_88" fromId="17" toId="51">
</dataflow>
<dataflow id="422" from="rows_c14" to="empty_88" fromId="17" toId="51">
</dataflow>
<dataflow id="423" from="_ssdm_op_SpecInterface" to="specinterface_ln301" fromId="151" toId="52">
</dataflow>
<dataflow id="424" from="rows_c14" to="specinterface_ln301" fromId="17" toId="52">
</dataflow>
<dataflow id="425" from="ap_fifo_str" to="specinterface_ln301" fromId="235" toId="52">
</dataflow>
<dataflow id="426" from="StgValue_147" to="specinterface_ln301" fromId="147" toId="52">
</dataflow>
<dataflow id="427" from="StgValue_147" to="specinterface_ln301" fromId="147" toId="52">
</dataflow>
<dataflow id="428" from="p_str" to="specinterface_ln301" fromId="197" toId="52">
</dataflow>
<dataflow id="429" from="StgValue_147" to="specinterface_ln301" fromId="147" toId="52">
</dataflow>
<dataflow id="430" from="StgValue_147" to="specinterface_ln301" fromId="147" toId="52">
</dataflow>
<dataflow id="431" from="p_str" to="specinterface_ln301" fromId="197" toId="52">
</dataflow>
<dataflow id="432" from="p_str" to="specinterface_ln301" fromId="197" toId="52">
</dataflow>
<dataflow id="433" from="p_str" to="specinterface_ln301" fromId="197" toId="52">
</dataflow>
<dataflow id="434" from="StgValue_200" to="specinterface_ln301" fromId="200" toId="52">
</dataflow>
<dataflow id="435" from="StgValue_200" to="specinterface_ln301" fromId="200" toId="52">
</dataflow>
<dataflow id="436" from="StgValue_166" to="specinterface_ln301" fromId="166" toId="52">
</dataflow>
<dataflow id="437" from="StgValue_166" to="specinterface_ln301" fromId="166" toId="52">
</dataflow>
<dataflow id="438" from="p_str" to="specinterface_ln301" fromId="197" toId="52">
</dataflow>
<dataflow id="439" from="p_str" to="specinterface_ln301" fromId="197" toId="52">
</dataflow>
<dataflow id="440" from="_ssdm_op_SpecChannel" to="empty_89" fromId="191" toId="53">
</dataflow>
<dataflow id="442" from="cols_c15_str" to="empty_89" fromId="441" toId="53">
</dataflow>
<dataflow id="443" from="StgValue_195" to="empty_89" fromId="195" toId="53">
</dataflow>
<dataflow id="444" from="p_str" to="empty_89" fromId="197" toId="53">
</dataflow>
<dataflow id="445" from="p_str" to="empty_89" fromId="197" toId="53">
</dataflow>
<dataflow id="446" from="StgValue_228" to="empty_89" fromId="228" toId="53">
</dataflow>
<dataflow id="447" from="StgValue_147" to="empty_89" fromId="147" toId="53">
</dataflow>
<dataflow id="448" from="cols_c15" to="empty_89" fromId="16" toId="53">
</dataflow>
<dataflow id="449" from="cols_c15" to="empty_89" fromId="16" toId="53">
</dataflow>
<dataflow id="450" from="_ssdm_op_SpecInterface" to="specinterface_ln1161" fromId="151" toId="54">
</dataflow>
<dataflow id="451" from="cols_c15" to="specinterface_ln1161" fromId="16" toId="54">
</dataflow>
<dataflow id="452" from="ap_fifo_str" to="specinterface_ln1161" fromId="235" toId="54">
</dataflow>
<dataflow id="453" from="StgValue_147" to="specinterface_ln1161" fromId="147" toId="54">
</dataflow>
<dataflow id="454" from="StgValue_147" to="specinterface_ln1161" fromId="147" toId="54">
</dataflow>
<dataflow id="455" from="p_str" to="specinterface_ln1161" fromId="197" toId="54">
</dataflow>
<dataflow id="456" from="StgValue_147" to="specinterface_ln1161" fromId="147" toId="54">
</dataflow>
<dataflow id="457" from="StgValue_147" to="specinterface_ln1161" fromId="147" toId="54">
</dataflow>
<dataflow id="458" from="p_str" to="specinterface_ln1161" fromId="197" toId="54">
</dataflow>
<dataflow id="459" from="p_str" to="specinterface_ln1161" fromId="197" toId="54">
</dataflow>
<dataflow id="460" from="p_str" to="specinterface_ln1161" fromId="197" toId="54">
</dataflow>
<dataflow id="461" from="StgValue_200" to="specinterface_ln1161" fromId="200" toId="54">
</dataflow>
<dataflow id="462" from="StgValue_200" to="specinterface_ln1161" fromId="200" toId="54">
</dataflow>
<dataflow id="463" from="StgValue_166" to="specinterface_ln1161" fromId="166" toId="54">
</dataflow>
<dataflow id="464" from="StgValue_166" to="specinterface_ln1161" fromId="166" toId="54">
</dataflow>
<dataflow id="465" from="p_str" to="specinterface_ln1161" fromId="197" toId="54">
</dataflow>
<dataflow id="466" from="p_str" to="specinterface_ln1161" fromId="197" toId="54">
</dataflow>
<dataflow id="467" from="AxiStream2MatStream" to="call_ln1173" fromId="136" toId="55">
</dataflow>
<dataflow id="468" from="ldata" to="call_ln1173" fromId="22" toId="55">
</dataflow>
<dataflow id="469" from="imgInput1_434" to="call_ln1173" fromId="66" toId="55">
</dataflow>
<dataflow id="470" from="rows_c14" to="call_ln1173" fromId="17" toId="55">
</dataflow>
<dataflow id="471" from="cols_c15" to="call_ln1173" fromId="16" toId="55">
</dataflow>
<dataflow id="472" from="last_blk_width_c" to="call_ln1173" fromId="18" toId="55">
</dataflow>
</dataflows>


</stg>
