<stg><name>Axi2AxiStream</name>


<trans_list>

<trans id="46" from="1" to="2">
<condition id="-1">
<or_exp><and_exp><literal name="icmp_ln878" val="0"/>
</and_exp></or_exp>
</condition>
</trans>

<trans id="47" from="1" to="12">
<condition id="-1">
<or_exp><and_exp><literal name="icmp_ln878" val="1"/>
</and_exp></or_exp>
</condition>
</trans>

<trans id="49" from="2" to="3">
<condition id="-1">
<or_exp><and_exp></and_exp></or_exp>
</condition>
</trans>

<trans id="50" from="3" to="4">
<condition id="-1">
<or_exp><and_exp></and_exp></or_exp>
</condition>
</trans>

<trans id="51" from="4" to="5">
<condition id="-1">
<or_exp><and_exp></and_exp></or_exp>
</condition>
</trans>

<trans id="52" from="5" to="6">
<condition id="-1">
<or_exp><and_exp></and_exp></or_exp>
</condition>
</trans>

<trans id="53" from="6" to="7">
<condition id="-1">
<or_exp><and_exp></and_exp></or_exp>
</condition>
</trans>

<trans id="54" from="7" to="8">
<condition id="-1">
<or_exp><and_exp></and_exp></or_exp>
</condition>
</trans>

<trans id="55" from="8" to="9">
<condition id="-1">
<or_exp><and_exp></and_exp></or_exp>
</condition>
</trans>

<trans id="63" from="9" to="12">
<condition id="-1">
<or_exp><and_exp><literal name="icmp_ln1024" val="1"/>
</and_exp></or_exp>
</condition>
</trans>

<trans id="64" from="9" to="10">
<condition id="-1">
<or_exp><and_exp><literal name="icmp_ln1024" val="0"/>
</and_exp></or_exp>
</condition>
</trans>

<trans id="61" from="10" to="11">
<condition id="-1">
<or_exp><and_exp></and_exp></or_exp>
</condition>
</trans>

<trans id="62" from="11" to="9">
<condition id="-1">
<or_exp><and_exp></and_exp></or_exp>
</condition>
</trans>
</trans_list>



<state_list>

<state id="1" st_id="1">

<operation id="13" st_id="1" stage="1" lat="1">
<core>NULL</core>
<MemPortIdVec></MemPortIdVec>
<condition id="-1">
<or_exp><and_exp></and_exp></or_exp>
</condition>

<Node id="5" bw="0" op_0_bw="0" op_1_bw="32" op_2_bw="0" op_3_bw="32" op_4_bw="32" op_5_bw="0" op_6_bw="32" op_7_bw="32" op_8_bw="0" op_9_bw="0" op_10_bw="0" op_11_bw="32" op_12_bw="32" op_13_bw="32" op_14_bw="32" op_15_bw="0" op_16_bw="0">
<![CDATA[
entry:0 %specinterface_ln0 = specinterface void @_ssdm_op_SpecInterface, i32 %gmem1, void @empty_20, i32 0, i32 0, void @empty_18, i32 0, i32 0, void @empty_19, void @empty_1, void @empty_18, i32 16, i32 16, i32 16, i32 16, void @empty_18, void @empty_18

]]></Node>
<StgValue><ssdm name="specinterface_ln0"/></StgValue>
</operation>

<operation id="14" st_id="1" stage="1" lat="1">
<core>NULL</core>
<MemPortIdVec></MemPortIdVec>
<condition id="-1">
<or_exp><and_exp></and_exp></or_exp>
</condition>

<Node id="6" bw="0" op_0_bw="0" op_1_bw="32" op_2_bw="0" op_3_bw="32" op_4_bw="32" op_5_bw="0" op_6_bw="32" op_7_bw="32" op_8_bw="0" op_9_bw="0" op_10_bw="0" op_11_bw="32" op_12_bw="32" op_13_bw="32" op_14_bw="32" op_15_bw="0" op_16_bw="0">
<![CDATA[
entry:1 %specinterface_ln0 = specinterface void @_ssdm_op_SpecInterface, i32 %ldata1, void @empty_2, i32 0, i32 0, void @empty_18, i32 0, i32 0, void @empty_18, void @empty_18, void @empty_18, i32 0, i32 0, i32 0, i32 0, void @empty_18, void @empty_18

]]></Node>
<StgValue><ssdm name="specinterface_ln0"/></StgValue>
</operation>

<operation id="15" st_id="1" stage="1" lat="1">
<core>NULL</core>
<MemPortIdVec></MemPortIdVec>
<condition id="-1">
<or_exp><and_exp></and_exp></or_exp>
</condition>

<Node id="7" bw="0" op_0_bw="0" op_1_bw="64" op_2_bw="0" op_3_bw="32" op_4_bw="32" op_5_bw="0" op_6_bw="32" op_7_bw="32" op_8_bw="0" op_9_bw="0" op_10_bw="0" op_11_bw="32" op_12_bw="32" op_13_bw="32" op_14_bw="32" op_15_bw="0" op_16_bw="0">
<![CDATA[
entry:2 %specinterface_ln0 = specinterface void @_ssdm_op_SpecInterface, i64 %din, void @ap_fifo_str, i32 0, i32 0, void @p_str, i32 0, i32 0, void @p_str, void @p_str, void @p_str, i32 2, i32 2, i32 16, i32 16, void @p_str, void @ScalarProp_str

]]></Node>
<StgValue><ssdm name="specinterface_ln0"/></StgValue>
</operation>

<operation id="16" st_id="1" stage="1" lat="1">
<core>NULL</core>
<MemPortIdVec></MemPortIdVec>
<condition id="-1">
<or_exp><and_exp></and_exp></or_exp>
</condition>

<Node id="8" bw="24" op_0_bw="24" op_1_bw="24">
<![CDATA[
entry:3 %addrbound_V_read_2 = read i24 @_ssdm_op_Read.ap_auto.i24, i24 %addrbound_V_read

]]></Node>
<StgValue><ssdm name="addrbound_V_read_2"/></StgValue>
</operation>

<operation id="17" st_id="1" stage="1" lat="1">
<core>FIFO_SRL</core>
<MemPortIdVec></MemPortIdVec>
<condition id="-1">
<or_exp><and_exp></and_exp></or_exp>
</condition>

<Node id="9" bw="64" op_0_bw="64" op_1_bw="64">
<![CDATA[
entry:4 %din_1 = read i64 @_ssdm_op_Read.ap_fifo.i64P0A, i64 %din

]]></Node>
<StgValue><ssdm name="din_1"/></StgValue>
</operation>

<operation id="18" st_id="1" stage="1" lat="1">
<core>NULL</core>
<MemPortIdVec></MemPortIdVec>
<condition id="-1">
<or_exp><and_exp></and_exp></or_exp>
</condition>

<Node id="10" bw="0" op_0_bw="0" op_1_bw="32" op_2_bw="0" op_3_bw="32" op_4_bw="32" op_5_bw="0" op_6_bw="32" op_7_bw="32" op_8_bw="0" op_9_bw="0" op_10_bw="0" op_11_bw="32" op_12_bw="32" op_13_bw="32" op_14_bw="32" op_15_bw="0" op_16_bw="0">
<![CDATA[
entry:5 %specinterface_ln0 = specinterface void @_ssdm_op_SpecInterface, i32 %ldata1, void @empty_2, i32 0, i32 0, void @empty_18, i32 0, i32 0, void @empty_18, void @empty_18, void @empty_18, i32 0, i32 0, i32 0, i32 0, void @empty_18, void @empty_18

]]></Node>
<StgValue><ssdm name="specinterface_ln0"/></StgValue>
</operation>

<operation id="19" st_id="1" stage="1" lat="1">
<core>NULL</core>
<MemPortIdVec></MemPortIdVec>
<condition id="-1">
<or_exp><and_exp></and_exp></or_exp>
</condition>

<Node id="11" bw="0" op_0_bw="0" op_1_bw="32" op_2_bw="0" op_3_bw="32" op_4_bw="32" op_5_bw="0" op_6_bw="32" op_7_bw="32" op_8_bw="0" op_9_bw="0" op_10_bw="0" op_11_bw="32" op_12_bw="32" op_13_bw="32" op_14_bw="32" op_15_bw="0" op_16_bw="0">
<![CDATA[
entry:6 %specinterface_ln0 = specinterface void @_ssdm_op_SpecInterface, i32 %gmem1, void @empty_20, i32 0, i32 0, void @empty_18, i32 0, i32 0, void @empty_19, void @empty_1, void @empty_18, i32 16, i32 16, i32 16, i32 16, void @empty_18, void @empty_18

]]></Node>
<StgValue><ssdm name="specinterface_ln0"/></StgValue>
</operation>

<operation id="20" st_id="1" stage="1" lat="1">
<core>Cmp</core>
<MemPortIdVec></MemPortIdVec>
<condition id="-1">
<or_exp><and_exp></and_exp></or_exp>
</condition>

<Node id="12" bw="1" op_0_bw="24" op_1_bw="24">
<![CDATA[
entry:7 %icmp_ln878 = icmp_eq  i24 %addrbound_V_read_2, i24 0

]]></Node>
<StgValue><ssdm name="icmp_ln878"/></StgValue>
</operation>

<operation id="21" st_id="1" stage="1" lat="1">
<core>NULL</core>
<MemPortIdVec></MemPortIdVec>
<condition id="-1">
<or_exp><and_exp></and_exp></or_exp>
</condition>

<Node id="13" bw="0" op_0_bw="1" op_1_bw="0" op_2_bw="0">
<![CDATA[
entry:8 %br_ln1024 = br i1 %icmp_ln878, void %.lr.ph.i, void %.exit

]]></Node>
<StgValue><ssdm name="br_ln1024"/></StgValue>
</operation>

<operation id="22" st_id="1" stage="1" lat="1">
<core>NULL</core>
<MemPortIdVec></MemPortIdVec>
<condition id="-1">
<or_exp><and_exp><literal name="icmp_ln878" val="0"/>
</and_exp></or_exp>
</condition>

<Node id="15" bw="62" op_0_bw="62" op_1_bw="64" op_2_bw="32" op_3_bw="32">
<![CDATA[
.lr.ph.i:0 %trunc_ln = partselect i62 @_ssdm_op_PartSelect.i62.i64.i32.i32, i64 %din_1, i32 2, i32 63

]]></Node>
<StgValue><ssdm name="trunc_ln"/></StgValue>
</operation>

<operation id="23" st_id="1" stage="1" lat="1">
<core>NULL</core>
<MemPortIdVec></MemPortIdVec>
<condition id="-1">
<or_exp><and_exp><literal name="icmp_ln878" val="0"/>
</and_exp></or_exp>
</condition>

<Node id="16" bw="64" op_0_bw="62">
<![CDATA[
.lr.ph.i:1 %sext_ln1024 = sext i62 %trunc_ln

]]></Node>
<StgValue><ssdm name="sext_ln1024"/></StgValue>
</operation>

<operation id="24" st_id="1" stage="1" lat="1">
<core>NULL</core>
<MemPortIdVec></MemPortIdVec>
<condition id="-1">
<or_exp><and_exp><literal name="icmp_ln878" val="0"/>
</and_exp></or_exp>
</condition>

<Node id="17" bw="32" op_0_bw="32" op_1_bw="64">
<![CDATA[
.lr.ph.i:2 %gmem1_addr = getelementptr i32 %gmem1, i64 %sext_ln1024

]]></Node>
<StgValue><ssdm name="gmem1_addr"/></StgValue>
</operation>
</state>

<state id="2" st_id="2">

<operation id="25" st_id="2" stage="1" lat="1">
<core>NULL</core>
<MemPortIdVec></MemPortIdVec>
<condition id="-1">
<or_exp><and_exp></and_exp></or_exp>
</condition>

<Node id="18" bw="32" op_0_bw="24">
<![CDATA[
.lr.ph.i:3 %zext_ln1024 = zext i24 %addrbound_V_read_2

]]></Node>
<StgValue><ssdm name="zext_ln1024"/></StgValue>
</operation>

<operation id="26" st_id="2" stage="7" lat="7">
<core>m_axi</core>
<MemPortIdVec></MemPortIdVec>
<condition id="-1">
<or_exp><and_exp></and_exp></or_exp>
</condition>

<Node id="19" bw="1" op_0_bw="1" op_1_bw="32" op_2_bw="32">
<![CDATA[
.lr.ph.i:4 %empty = readreq i1 @_ssdm_op_ReadReq.m_axi.p1i32, i32 %gmem1_addr, i32 %zext_ln1024

]]></Node>
<StgValue><ssdm name="empty"/></StgValue>
</operation>
</state>

<state id="3" st_id="3">

<operation id="27" st_id="3" stage="6" lat="7">
<core>m_axi</core>
<MemPortIdVec></MemPortIdVec>
<condition id="-1">
<or_exp><and_exp></and_exp></or_exp>
</condition>

<Node id="19" bw="1" op_0_bw="1" op_1_bw="32" op_2_bw="32">
<![CDATA[
.lr.ph.i:4 %empty = readreq i1 @_ssdm_op_ReadReq.m_axi.p1i32, i32 %gmem1_addr, i32 %zext_ln1024

]]></Node>
<StgValue><ssdm name="empty"/></StgValue>
</operation>
</state>

<state id="4" st_id="4">

<operation id="28" st_id="4" stage="5" lat="7">
<core>m_axi</core>
<MemPortIdVec></MemPortIdVec>
<condition id="-1">
<or_exp><and_exp></and_exp></or_exp>
</condition>

<Node id="19" bw="1" op_0_bw="1" op_1_bw="32" op_2_bw="32">
<![CDATA[
.lr.ph.i:4 %empty = readreq i1 @_ssdm_op_ReadReq.m_axi.p1i32, i32 %gmem1_addr, i32 %zext_ln1024

]]></Node>
<StgValue><ssdm name="empty"/></StgValue>
</operation>
</state>

<state id="5" st_id="5">

<operation id="29" st_id="5" stage="4" lat="7">
<core>m_axi</core>
<MemPortIdVec></MemPortIdVec>
<condition id="-1">
<or_exp><and_exp></and_exp></or_exp>
</condition>

<Node id="19" bw="1" op_0_bw="1" op_1_bw="32" op_2_bw="32">
<![CDATA[
.lr.ph.i:4 %empty = readreq i1 @_ssdm_op_ReadReq.m_axi.p1i32, i32 %gmem1_addr, i32 %zext_ln1024

]]></Node>
<StgValue><ssdm name="empty"/></StgValue>
</operation>
</state>

<state id="6" st_id="6">

<operation id="30" st_id="6" stage="3" lat="7">
<core>m_axi</core>
<MemPortIdVec></MemPortIdVec>
<condition id="-1">
<or_exp><and_exp></and_exp></or_exp>
</condition>

<Node id="19" bw="1" op_0_bw="1" op_1_bw="32" op_2_bw="32">
<![CDATA[
.lr.ph.i:4 %empty = readreq i1 @_ssdm_op_ReadReq.m_axi.p1i32, i32 %gmem1_addr, i32 %zext_ln1024

]]></Node>
<StgValue><ssdm name="empty"/></StgValue>
</operation>
</state>

<state id="7" st_id="7">

<operation id="31" st_id="7" stage="2" lat="7">
<core>m_axi</core>
<MemPortIdVec></MemPortIdVec>
<condition id="-1">
<or_exp><and_exp></and_exp></or_exp>
</condition>

<Node id="19" bw="1" op_0_bw="1" op_1_bw="32" op_2_bw="32">
<![CDATA[
.lr.ph.i:4 %empty = readreq i1 @_ssdm_op_ReadReq.m_axi.p1i32, i32 %gmem1_addr, i32 %zext_ln1024

]]></Node>
<StgValue><ssdm name="empty"/></StgValue>
</operation>
</state>

<state id="8" st_id="8">

<operation id="32" st_id="8" stage="1" lat="7">
<core>m_axi</core>
<MemPortIdVec></MemPortIdVec>
<condition id="-1">
<or_exp><and_exp></and_exp></or_exp>
</condition>

<Node id="19" bw="1" op_0_bw="1" op_1_bw="32" op_2_bw="32">
<![CDATA[
.lr.ph.i:4 %empty = readreq i1 @_ssdm_op_ReadReq.m_axi.p1i32, i32 %gmem1_addr, i32 %zext_ln1024

]]></Node>
<StgValue><ssdm name="empty"/></StgValue>
</operation>

<operation id="33" st_id="8" stage="1" lat="1">
<core>NULL</core>
<MemPortIdVec></MemPortIdVec>
<condition id="-1">
<or_exp><and_exp></and_exp></or_exp>
</condition>

<Node id="20" bw="0" op_0_bw="0">
<![CDATA[
.lr.ph.i:5 %br_ln1024 = br void

]]></Node>
<StgValue><ssdm name="br_ln1024"/></StgValue>
</operation>
</state>

<state id="9" st_id="9">

<operation id="34" st_id="9" stage="1" lat="1">
<core>NULL</core>
<MemPortIdVec></MemPortIdVec>
<condition id="-1">
<or_exp><and_exp></and_exp></or_exp>
</condition>

<Node id="22" bw="24" op_0_bw="24" op_1_bw="0" op_2_bw="24" op_3_bw="0">
<![CDATA[
:0 %i_V = phi i24 0, void %.lr.ph.i, i24 %i_V_2, void %.split.i

]]></Node>
<StgValue><ssdm name="i_V"/></StgValue>
</operation>

<operation id="35" st_id="9" stage="1" lat="1">
<core>Adder</core>
<MemPortIdVec></MemPortIdVec>
<condition id="-1">
<or_exp><and_exp></and_exp></or_exp>
</condition>

<Node id="23" bw="24" op_0_bw="24" op_1_bw="24">
<![CDATA[
:1 %i_V_2 = add i24 %i_V, i24 1

]]></Node>
<StgValue><ssdm name="i_V_2"/></StgValue>
</operation>

<operation id="36" st_id="9" stage="1" lat="1">
<core>Cmp</core>
<MemPortIdVec></MemPortIdVec>
<condition id="-1">
<or_exp><and_exp></and_exp></or_exp>
</condition>

<Node id="24" bw="1" op_0_bw="24" op_1_bw="24">
<![CDATA[
:2 %icmp_ln1024 = icmp_eq  i24 %i_V, i24 %addrbound_V_read_2

]]></Node>
<StgValue><ssdm name="icmp_ln1024"/></StgValue>
</operation>

<operation id="37" st_id="9" stage="1" lat="1">
<core>NULL</core>
<MemPortIdVec></MemPortIdVec>
<condition id="-1">
<or_exp><and_exp></and_exp></or_exp>
</condition>

<Node id="25" bw="0" op_0_bw="1" op_1_bw="0" op_2_bw="0">
<![CDATA[
:3 %br_ln1024 = br i1 %icmp_ln1024, void %.split.i, void %.exit.loopexit

]]></Node>
<StgValue><ssdm name="br_ln1024"/></StgValue>
</operation>
</state>

<state id="10" st_id="10">

<operation id="38" st_id="10" stage="1" lat="1">
<core>m_axi</core>
<MemPortIdVec></MemPortIdVec>
<condition id="-1">
<or_exp><and_exp><literal name="icmp_ln1024" val="0"/>
</and_exp></or_exp>
</condition>

<Node id="30" bw="32" op_0_bw="32" op_1_bw="32" op_2_bw="0">
<![CDATA[
.split.i:3 %gmem1_addr_read = read i32 @_ssdm_op_Read.m_axi.p1i32, i32 %gmem1_addr

]]></Node>
<StgValue><ssdm name="gmem1_addr_read"/></StgValue>
</operation>
</state>

<state id="11" st_id="11">

<operation id="39" st_id="11" stage="1" lat="1">
<core>NULL</core>
<MemPortIdVec></MemPortIdVec>
<condition id="-1">
<or_exp><and_exp><literal name="icmp_ln1024" val="0"/>
</and_exp></or_exp>
</condition>

<Node id="27" bw="0" op_0_bw="0" op_1_bw="32" op_2_bw="32" op_3_bw="32" op_4_bw="32" op_5_bw="0">
<![CDATA[
.split.i:0 %specpipeline_ln1022 = specpipeline void @_ssdm_op_SpecPipeline, i32 4294967295, i32 0, i32 0, i32 0, void @empty_18

]]></Node>
<StgValue><ssdm name="specpipeline_ln1022"/></StgValue>
</operation>

<operation id="40" st_id="11" stage="1" lat="1">
<core>NULL</core>
<MemPortIdVec></MemPortIdVec>
<condition id="-1">
<or_exp><and_exp><literal name="icmp_ln1024" val="0"/>
</and_exp></or_exp>
</condition>

<Node id="28" bw="0" op_0_bw="0" op_1_bw="64" op_2_bw="64" op_3_bw="64">
<![CDATA[
.split.i:1 %speclooptripcount_ln1022 = speclooptripcount void @_ssdm_op_SpecLoopTripCount, i64 1, i64 6220800, i64 3110400

]]></Node>
<StgValue><ssdm name="speclooptripcount_ln1022"/></StgValue>
</operation>

<operation id="41" st_id="11" stage="1" lat="1">
<core>NULL</core>
<MemPortIdVec></MemPortIdVec>
<condition id="-1">
<or_exp><and_exp><literal name="icmp_ln1024" val="0"/>
</and_exp></or_exp>
</condition>

<Node id="29" bw="0" op_0_bw="0" op_1_bw="0">
<![CDATA[
.split.i:2 %specloopname_ln1022 = specloopname void @_ssdm_op_SpecLoopName, void @empty_0

]]></Node>
<StgValue><ssdm name="specloopname_ln1022"/></StgValue>
</operation>

<operation id="42" st_id="11" stage="1" lat="1">
<core>FIFO_SRL</core>
<MemPortIdVec></MemPortIdVec>
<condition id="-1">
<or_exp><and_exp><literal name="icmp_ln1024" val="0"/>
</and_exp></or_exp>
</condition>

<Node id="31" bw="0" op_0_bw="0" op_1_bw="32" op_2_bw="32">
<![CDATA[
.split.i:4 %write_ln174 = write void @_ssdm_op_Write.ap_fifo.volatile.i32P0A, i32 %ldata1, i32 %gmem1_addr_read

]]></Node>
<StgValue><ssdm name="write_ln174"/></StgValue>
</operation>

<operation id="43" st_id="11" stage="1" lat="1">
<core>NULL</core>
<MemPortIdVec></MemPortIdVec>
<condition id="-1">
<or_exp><and_exp><literal name="icmp_ln1024" val="0"/>
</and_exp></or_exp>
</condition>

<Node id="32" bw="0" op_0_bw="0">
<![CDATA[
.split.i:5 %br_ln0 = br void

]]></Node>
<StgValue><ssdm name="br_ln0"/></StgValue>
</operation>
</state>

<state id="12" st_id="12">

<operation id="44" st_id="12" stage="1" lat="1">
<core>NULL</core>
<MemPortIdVec></MemPortIdVec>
<condition id="-1">
<or_exp><and_exp><literal name="icmp_ln878" val="0"/>
</and_exp></or_exp>
</condition>

<Node id="34" bw="0" op_0_bw="0">
<![CDATA[
.exit.loopexit:0 %br_ln0 = br void %.exit

]]></Node>
<StgValue><ssdm name="br_ln0"/></StgValue>
</operation>

<operation id="45" st_id="12" stage="1" lat="1">
<core>NULL</core>
<MemPortIdVec></MemPortIdVec>
<condition id="-1">
<or_exp><and_exp></and_exp></or_exp>
</condition>

<Node id="36" bw="0">
<![CDATA[
.exit:0 %ret_ln1161 = ret

]]></Node>
<StgValue><ssdm name="ret_ln1161"/></StgValue>
</operation>
</state>
</state_list>


<ports>
<port id="65" name="gmem1" dir="0" iftype="4">
<core>NULL</core><StgValue><ssdm name="gmem1"/></StgValue>
</port>
<port id="66" name="ldata1" dir="1" iftype="3">
<core>FIFO_SRL</core><StgValue><ssdm name="ldata1"/></StgValue>
</port>
<port id="67" name="din" dir="0" iftype="3">
<core>FIFO_SRL</core><StgValue><ssdm name="din"/></StgValue>
</port>
<port id="68" name="addrbound_V_read" dir="0" iftype="0">
<core>NULL</core><StgValue><ssdm name="addrbound_V_read"/></StgValue>
</port>
</ports>


<dataflows>
<dataflow id="70" from="_ssdm_op_SpecInterface" to="specinterface_ln0" fromId="69" toId="13">
</dataflow>
<dataflow id="71" from="gmem1" to="specinterface_ln0" fromId="65" toId="13">
</dataflow>
<dataflow id="73" from="empty_20" to="specinterface_ln0" fromId="72" toId="13">
</dataflow>
<dataflow id="75" from="StgValue_74" to="specinterface_ln0" fromId="74" toId="13">
</dataflow>
<dataflow id="76" from="StgValue_74" to="specinterface_ln0" fromId="74" toId="13">
</dataflow>
<dataflow id="78" from="empty_18" to="specinterface_ln0" fromId="77" toId="13">
</dataflow>
<dataflow id="79" from="StgValue_74" to="specinterface_ln0" fromId="74" toId="13">
</dataflow>
<dataflow id="80" from="StgValue_74" to="specinterface_ln0" fromId="74" toId="13">
</dataflow>
<dataflow id="82" from="empty_19" to="specinterface_ln0" fromId="81" toId="13">
</dataflow>
<dataflow id="84" from="empty_1" to="specinterface_ln0" fromId="83" toId="13">
</dataflow>
<dataflow id="85" from="empty_18" to="specinterface_ln0" fromId="77" toId="13">
</dataflow>
<dataflow id="87" from="StgValue_86" to="specinterface_ln0" fromId="86" toId="13">
</dataflow>
<dataflow id="88" from="StgValue_86" to="specinterface_ln0" fromId="86" toId="13">
</dataflow>
<dataflow id="89" from="StgValue_86" to="specinterface_ln0" fromId="86" toId="13">
</dataflow>
<dataflow id="90" from="StgValue_86" to="specinterface_ln0" fromId="86" toId="13">
</dataflow>
<dataflow id="91" from="empty_18" to="specinterface_ln0" fromId="77" toId="13">
</dataflow>
<dataflow id="92" from="empty_18" to="specinterface_ln0" fromId="77" toId="13">
</dataflow>
<dataflow id="93" from="_ssdm_op_SpecInterface" to="specinterface_ln0" fromId="69" toId="14">
</dataflow>
<dataflow id="94" from="ldata1" to="specinterface_ln0" fromId="66" toId="14">
</dataflow>
<dataflow id="96" from="empty_2" to="specinterface_ln0" fromId="95" toId="14">
</dataflow>
<dataflow id="97" from="StgValue_74" to="specinterface_ln0" fromId="74" toId="14">
</dataflow>
<dataflow id="98" from="StgValue_74" to="specinterface_ln0" fromId="74" toId="14">
</dataflow>
<dataflow id="99" from="empty_18" to="specinterface_ln0" fromId="77" toId="14">
</dataflow>
<dataflow id="100" from="StgValue_74" to="specinterface_ln0" fromId="74" toId="14">
</dataflow>
<dataflow id="101" from="StgValue_74" to="specinterface_ln0" fromId="74" toId="14">
</dataflow>
<dataflow id="102" from="empty_18" to="specinterface_ln0" fromId="77" toId="14">
</dataflow>
<dataflow id="103" from="empty_18" to="specinterface_ln0" fromId="77" toId="14">
</dataflow>
<dataflow id="104" from="empty_18" to="specinterface_ln0" fromId="77" toId="14">
</dataflow>
<dataflow id="105" from="StgValue_74" to="specinterface_ln0" fromId="74" toId="14">
</dataflow>
<dataflow id="106" from="StgValue_74" to="specinterface_ln0" fromId="74" toId="14">
</dataflow>
<dataflow id="107" from="StgValue_74" to="specinterface_ln0" fromId="74" toId="14">
</dataflow>
<dataflow id="108" from="StgValue_74" to="specinterface_ln0" fromId="74" toId="14">
</dataflow>
<dataflow id="109" from="empty_18" to="specinterface_ln0" fromId="77" toId="14">
</dataflow>
<dataflow id="110" from="empty_18" to="specinterface_ln0" fromId="77" toId="14">
</dataflow>
<dataflow id="111" from="_ssdm_op_SpecInterface" to="specinterface_ln0" fromId="69" toId="15">
</dataflow>
<dataflow id="112" from="din" to="specinterface_ln0" fromId="67" toId="15">
</dataflow>
<dataflow id="114" from="ap_fifo_str" to="specinterface_ln0" fromId="113" toId="15">
</dataflow>
<dataflow id="115" from="StgValue_74" to="specinterface_ln0" fromId="74" toId="15">
</dataflow>
<dataflow id="116" from="StgValue_74" to="specinterface_ln0" fromId="74" toId="15">
</dataflow>
<dataflow id="118" from="p_str" to="specinterface_ln0" fromId="117" toId="15">
</dataflow>
<dataflow id="119" from="StgValue_74" to="specinterface_ln0" fromId="74" toId="15">
</dataflow>
<dataflow id="120" from="StgValue_74" to="specinterface_ln0" fromId="74" toId="15">
</dataflow>
<dataflow id="121" from="p_str" to="specinterface_ln0" fromId="117" toId="15">
</dataflow>
<dataflow id="122" from="p_str" to="specinterface_ln0" fromId="117" toId="15">
</dataflow>
<dataflow id="123" from="p_str" to="specinterface_ln0" fromId="117" toId="15">
</dataflow>
<dataflow id="125" from="StgValue_124" to="specinterface_ln0" fromId="124" toId="15">
</dataflow>
<dataflow id="126" from="StgValue_124" to="specinterface_ln0" fromId="124" toId="15">
</dataflow>
<dataflow id="127" from="StgValue_86" to="specinterface_ln0" fromId="86" toId="15">
</dataflow>
<dataflow id="128" from="StgValue_86" to="specinterface_ln0" fromId="86" toId="15">
</dataflow>
<dataflow id="129" from="p_str" to="specinterface_ln0" fromId="117" toId="15">
</dataflow>
<dataflow id="131" from="ScalarProp_str" to="specinterface_ln0" fromId="130" toId="15">
</dataflow>
<dataflow id="133" from="_ssdm_op_Read.ap_auto.i24" to="addrbound_V_read_2" fromId="132" toId="16">
</dataflow>
<dataflow id="134" from="addrbound_V_read" to="addrbound_V_read_2" fromId="68" toId="16">
</dataflow>
<dataflow id="136" from="_ssdm_op_Read.ap_fifo.i64P0A" to="din_1" fromId="135" toId="17">
</dataflow>
<dataflow id="137" from="din" to="din_1" fromId="67" toId="17">
</dataflow>
<dataflow id="138" from="_ssdm_op_SpecInterface" to="specinterface_ln0" fromId="69" toId="18">
</dataflow>
<dataflow id="139" from="ldata1" to="specinterface_ln0" fromId="66" toId="18">
</dataflow>
<dataflow id="140" from="empty_2" to="specinterface_ln0" fromId="95" toId="18">
</dataflow>
<dataflow id="141" from="StgValue_74" to="specinterface_ln0" fromId="74" toId="18">
</dataflow>
<dataflow id="142" from="StgValue_74" to="specinterface_ln0" fromId="74" toId="18">
</dataflow>
<dataflow id="143" from="empty_18" to="specinterface_ln0" fromId="77" toId="18">
</dataflow>
<dataflow id="144" from="StgValue_74" to="specinterface_ln0" fromId="74" toId="18">
</dataflow>
<dataflow id="145" from="StgValue_74" to="specinterface_ln0" fromId="74" toId="18">
</dataflow>
<dataflow id="146" from="empty_18" to="specinterface_ln0" fromId="77" toId="18">
</dataflow>
<dataflow id="147" from="empty_18" to="specinterface_ln0" fromId="77" toId="18">
</dataflow>
<dataflow id="148" from="empty_18" to="specinterface_ln0" fromId="77" toId="18">
</dataflow>
<dataflow id="149" from="StgValue_74" to="specinterface_ln0" fromId="74" toId="18">
</dataflow>
<dataflow id="150" from="StgValue_74" to="specinterface_ln0" fromId="74" toId="18">
</dataflow>
<dataflow id="151" from="StgValue_74" to="specinterface_ln0" fromId="74" toId="18">
</dataflow>
<dataflow id="152" from="StgValue_74" to="specinterface_ln0" fromId="74" toId="18">
</dataflow>
<dataflow id="153" from="empty_18" to="specinterface_ln0" fromId="77" toId="18">
</dataflow>
<dataflow id="154" from="empty_18" to="specinterface_ln0" fromId="77" toId="18">
</dataflow>
<dataflow id="155" from="_ssdm_op_SpecInterface" to="specinterface_ln0" fromId="69" toId="19">
</dataflow>
<dataflow id="156" from="gmem1" to="specinterface_ln0" fromId="65" toId="19">
</dataflow>
<dataflow id="157" from="empty_20" to="specinterface_ln0" fromId="72" toId="19">
</dataflow>
<dataflow id="158" from="StgValue_74" to="specinterface_ln0" fromId="74" toId="19">
</dataflow>
<dataflow id="159" from="StgValue_74" to="specinterface_ln0" fromId="74" toId="19">
</dataflow>
<dataflow id="160" from="empty_18" to="specinterface_ln0" fromId="77" toId="19">
</dataflow>
<dataflow id="161" from="StgValue_74" to="specinterface_ln0" fromId="74" toId="19">
</dataflow>
<dataflow id="162" from="StgValue_74" to="specinterface_ln0" fromId="74" toId="19">
</dataflow>
<dataflow id="163" from="empty_19" to="specinterface_ln0" fromId="81" toId="19">
</dataflow>
<dataflow id="164" from="empty_1" to="specinterface_ln0" fromId="83" toId="19">
</dataflow>
<dataflow id="165" from="empty_18" to="specinterface_ln0" fromId="77" toId="19">
</dataflow>
<dataflow id="166" from="StgValue_86" to="specinterface_ln0" fromId="86" toId="19">
</dataflow>
<dataflow id="167" from="StgValue_86" to="specinterface_ln0" fromId="86" toId="19">
</dataflow>
<dataflow id="168" from="StgValue_86" to="specinterface_ln0" fromId="86" toId="19">
</dataflow>
<dataflow id="169" from="StgValue_86" to="specinterface_ln0" fromId="86" toId="19">
</dataflow>
<dataflow id="170" from="empty_18" to="specinterface_ln0" fromId="77" toId="19">
</dataflow>
<dataflow id="171" from="empty_18" to="specinterface_ln0" fromId="77" toId="19">
</dataflow>
<dataflow id="172" from="addrbound_V_read_2" to="icmp_ln878" fromId="16" toId="20">
</dataflow>
<dataflow id="174" from="StgValue_173" to="icmp_ln878" fromId="173" toId="20">
</dataflow>
<dataflow id="175" from="icmp_ln878" to="br_ln1024" fromId="20" toId="21">
</dataflow>
<dataflow id="177" from="_ssdm_op_PartSelect.i62.i64.i32.i32" to="trunc_ln" fromId="176" toId="22">
</dataflow>
<dataflow id="178" from="din_1" to="trunc_ln" fromId="17" toId="22">
</dataflow>
<dataflow id="179" from="StgValue_124" to="trunc_ln" fromId="124" toId="22">
</dataflow>
<dataflow id="181" from="StgValue_180" to="trunc_ln" fromId="180" toId="22">
</dataflow>
<dataflow id="182" from="trunc_ln" to="sext_ln1024" fromId="22" toId="23">
</dataflow>
<dataflow id="183" from="gmem1" to="gmem1_addr" fromId="65" toId="24">
</dataflow>
<dataflow id="184" from="sext_ln1024" to="gmem1_addr" fromId="23" toId="24">
</dataflow>
<dataflow id="185" from="addrbound_V_read_2" to="zext_ln1024" fromId="16" toId="25">
</dataflow>
<dataflow id="187" from="_ssdm_op_ReadReq.m_axi.p1i32" to="empty" fromId="186" toId="26">
</dataflow>
<dataflow id="188" from="gmem1_addr" to="empty" fromId="24" toId="26">
</dataflow>
<dataflow id="189" from="zext_ln1024" to="empty" fromId="25" toId="26">
</dataflow>
<dataflow id="190" from="_ssdm_op_ReadReq.m_axi.p1i32" to="empty" fromId="186" toId="27">
</dataflow>
<dataflow id="191" from="gmem1_addr" to="empty" fromId="24" toId="27">
</dataflow>
<dataflow id="192" from="zext_ln1024" to="empty" fromId="25" toId="27">
</dataflow>
<dataflow id="193" from="_ssdm_op_ReadReq.m_axi.p1i32" to="empty" fromId="186" toId="28">
</dataflow>
<dataflow id="194" from="gmem1_addr" to="empty" fromId="24" toId="28">
</dataflow>
<dataflow id="195" from="zext_ln1024" to="empty" fromId="25" toId="28">
</dataflow>
<dataflow id="196" from="_ssdm_op_ReadReq.m_axi.p1i32" to="empty" fromId="186" toId="29">
</dataflow>
<dataflow id="197" from="gmem1_addr" to="empty" fromId="24" toId="29">
</dataflow>
<dataflow id="198" from="zext_ln1024" to="empty" fromId="25" toId="29">
</dataflow>
<dataflow id="199" from="_ssdm_op_ReadReq.m_axi.p1i32" to="empty" fromId="186" toId="30">
</dataflow>
<dataflow id="200" from="gmem1_addr" to="empty" fromId="24" toId="30">
</dataflow>
<dataflow id="201" from="zext_ln1024" to="empty" fromId="25" toId="30">
</dataflow>
<dataflow id="202" from="_ssdm_op_ReadReq.m_axi.p1i32" to="empty" fromId="186" toId="31">
</dataflow>
<dataflow id="203" from="gmem1_addr" to="empty" fromId="24" toId="31">
</dataflow>
<dataflow id="204" from="zext_ln1024" to="empty" fromId="25" toId="31">
</dataflow>
<dataflow id="205" from="_ssdm_op_ReadReq.m_axi.p1i32" to="empty" fromId="186" toId="32">
</dataflow>
<dataflow id="206" from="gmem1_addr" to="empty" fromId="24" toId="32">
</dataflow>
<dataflow id="207" from="zext_ln1024" to="empty" fromId="25" toId="32">
</dataflow>
<dataflow id="208" from="StgValue_173" to="i_V" fromId="173" toId="34">
<condition id="-1">
<or_exp><and_exp></and_exp></or_exp>
</condition>
</dataflow>
<dataflow id="209" from="br_ln1024" to="i_V" fromId="33" toId="34">
</dataflow>
<dataflow id="210" from="i_V_2" to="i_V" fromId="35" toId="34">
<BackEdge/>
<condition id="-1">
<or_exp><and_exp><literal name="icmp_ln1024" val="0"/>
</and_exp></or_exp>
</condition>
</dataflow>
<dataflow id="211" from="br_ln0" to="i_V" fromId="43" toId="34">
<BackEdge/>
</dataflow>
<dataflow id="212" from="i_V" to="i_V_2" fromId="34" toId="35">
</dataflow>
<dataflow id="214" from="StgValue_213" to="i_V_2" fromId="213" toId="35">
</dataflow>
<dataflow id="215" from="i_V" to="icmp_ln1024" fromId="34" toId="36">
</dataflow>
<dataflow id="216" from="addrbound_V_read_2" to="icmp_ln1024" fromId="16" toId="36">
</dataflow>
<dataflow id="217" from="icmp_ln1024" to="br_ln1024" fromId="36" toId="37">
</dataflow>
<dataflow id="219" from="_ssdm_op_Read.m_axi.p1i32" to="gmem1_addr_read" fromId="218" toId="38">
</dataflow>
<dataflow id="220" from="gmem1_addr" to="gmem1_addr_read" fromId="24" toId="38">
</dataflow>
<dataflow id="222" from="_ssdm_op_SpecPipeline" to="specpipeline_ln1022" fromId="221" toId="39">
</dataflow>
<dataflow id="224" from="StgValue_223" to="specpipeline_ln1022" fromId="223" toId="39">
</dataflow>
<dataflow id="225" from="StgValue_74" to="specpipeline_ln1022" fromId="74" toId="39">
</dataflow>
<dataflow id="226" from="StgValue_74" to="specpipeline_ln1022" fromId="74" toId="39">
</dataflow>
<dataflow id="227" from="StgValue_74" to="specpipeline_ln1022" fromId="74" toId="39">
</dataflow>
<dataflow id="228" from="empty_18" to="specpipeline_ln1022" fromId="77" toId="39">
</dataflow>
<dataflow id="230" from="_ssdm_op_SpecLoopTripCount" to="speclooptripcount_ln1022" fromId="229" toId="40">
</dataflow>
<dataflow id="232" from="StgValue_231" to="speclooptripcount_ln1022" fromId="231" toId="40">
</dataflow>
<dataflow id="234" from="StgValue_233" to="speclooptripcount_ln1022" fromId="233" toId="40">
</dataflow>
<dataflow id="236" from="StgValue_235" to="speclooptripcount_ln1022" fromId="235" toId="40">
</dataflow>
<dataflow id="238" from="_ssdm_op_SpecLoopName" to="specloopname_ln1022" fromId="237" toId="41">
</dataflow>
<dataflow id="240" from="empty_0" to="specloopname_ln1022" fromId="239" toId="41">
</dataflow>
<dataflow id="242" from="_ssdm_op_Write.ap_fifo.volatile.i32P0A" to="write_ln174" fromId="241" toId="42">
</dataflow>
<dataflow id="243" from="ldata1" to="write_ln174" fromId="66" toId="42">
</dataflow>
<dataflow id="244" from="gmem1_addr_read" to="write_ln174" fromId="38" toId="42">
</dataflow>
<dataflow id="245" from="icmp_ln878" to="StgValue_1" fromId="20" toId="1">
</dataflow>
<dataflow id="246" from="icmp_ln1024" to="StgValue_10" fromId="36" toId="10">
</dataflow>
<dataflow id="247" from="icmp_ln1024" to="StgValue_11" fromId="36" toId="11">
</dataflow>
<dataflow id="248" from="icmp_ln878" to="StgValue_12" fromId="20" toId="12">
</dataflow>
<dataflow id="249" from="icmp_ln1024" to="StgValue_9" fromId="36" toId="9">
</dataflow>
</dataflows>


</stg>
