<stg><name>Axi2Mat.entry9</name>


<trans_list>
</trans_list>



<state_list>

<state id="1" st_id="1">

<operation id="2" st_id="1" stage="1" lat="1">
<core>NULL</core>
<MemPortIdVec></MemPortIdVec>
<condition id="-1">
<or_exp><and_exp></and_exp></or_exp>
</condition>

<Node id="7" bw="0" op_0_bw="0" op_1_bw="64" op_2_bw="0" op_3_bw="32" op_4_bw="32" op_5_bw="0" op_6_bw="32" op_7_bw="32" op_8_bw="0" op_9_bw="0" op_10_bw="0" op_11_bw="32" op_12_bw="32" op_13_bw="32" op_14_bw="32" op_15_bw="0" op_16_bw="0">
<![CDATA[
entry:0 %specinterface_ln0 = specinterface void @_ssdm_op_SpecInterface, i64 %din_out, void @ap_fifo_str, i32 0, i32 0, void @p_str, i32 0, i32 0, void @p_str, void @p_str, void @p_str, i32 2, i32 2, i32 16, i32 16, void @p_str, void @ScalarProp_str

]]></Node>
<StgValue><ssdm name="specinterface_ln0"/></StgValue>
</operation>

<operation id="3" st_id="1" stage="1" lat="1">
<core>NULL</core>
<MemPortIdVec></MemPortIdVec>
<condition id="-1">
<or_exp><and_exp></and_exp></or_exp>
</condition>

<Node id="8" bw="0" op_0_bw="0" op_1_bw="32" op_2_bw="0" op_3_bw="32" op_4_bw="32" op_5_bw="0" op_6_bw="32" op_7_bw="32" op_8_bw="0" op_9_bw="0" op_10_bw="0" op_11_bw="32" op_12_bw="32" op_13_bw="32" op_14_bw="32" op_15_bw="0" op_16_bw="0">
<![CDATA[
entry:1 %specinterface_ln0 = specinterface void @_ssdm_op_SpecInterface, i32 %rows_out, void @ap_fifo_str, i32 0, i32 0, void @p_str, i32 0, i32 0, void @p_str, void @p_str, void @p_str, i32 2, i32 2, i32 16, i32 16, void @p_str, void @ScalarProp_str

]]></Node>
<StgValue><ssdm name="specinterface_ln0"/></StgValue>
</operation>

<operation id="4" st_id="1" stage="1" lat="1">
<core>NULL</core>
<MemPortIdVec></MemPortIdVec>
<condition id="-1">
<or_exp><and_exp></and_exp></or_exp>
</condition>

<Node id="9" bw="0" op_0_bw="0" op_1_bw="32" op_2_bw="0" op_3_bw="32" op_4_bw="32" op_5_bw="0" op_6_bw="32" op_7_bw="32" op_8_bw="0" op_9_bw="0" op_10_bw="0" op_11_bw="32" op_12_bw="32" op_13_bw="32" op_14_bw="32" op_15_bw="0" op_16_bw="0">
<![CDATA[
entry:2 %specinterface_ln0 = specinterface void @_ssdm_op_SpecInterface, i32 %cols_out, void @ap_fifo_str, i32 0, i32 0, void @p_str, i32 0, i32 0, void @p_str, void @p_str, void @p_str, i32 2, i32 2, i32 16, i32 16, void @p_str, void @ScalarProp_str

]]></Node>
<StgValue><ssdm name="specinterface_ln0"/></StgValue>
</operation>

<operation id="5" st_id="1" stage="1" lat="1">
<core>NULL</core>
<MemPortIdVec></MemPortIdVec>
<condition id="-1">
<or_exp><and_exp></and_exp></or_exp>
</condition>

<Node id="10" bw="0" op_0_bw="0" op_1_bw="32" op_2_bw="0" op_3_bw="32" op_4_bw="32" op_5_bw="0" op_6_bw="32" op_7_bw="32" op_8_bw="0" op_9_bw="0" op_10_bw="0" op_11_bw="32" op_12_bw="32" op_13_bw="32" op_14_bw="32" op_15_bw="0" op_16_bw="0">
<![CDATA[
entry:3 %specinterface_ln0 = specinterface void @_ssdm_op_SpecInterface, i32 %cols, void @ap_fifo_str, i32 0, i32 0, void @p_str, i32 0, i32 0, void @p_str, void @p_str, void @p_str, i32 2, i32 2, i32 16, i32 16, void @p_str, void @ScalarProp_str

]]></Node>
<StgValue><ssdm name="specinterface_ln0"/></StgValue>
</operation>

<operation id="6" st_id="1" stage="1" lat="1">
<core>NULL</core>
<MemPortIdVec></MemPortIdVec>
<condition id="-1">
<or_exp><and_exp></and_exp></or_exp>
</condition>

<Node id="11" bw="0" op_0_bw="0" op_1_bw="32" op_2_bw="0" op_3_bw="32" op_4_bw="32" op_5_bw="0" op_6_bw="32" op_7_bw="32" op_8_bw="0" op_9_bw="0" op_10_bw="0" op_11_bw="32" op_12_bw="32" op_13_bw="32" op_14_bw="32" op_15_bw="0" op_16_bw="0">
<![CDATA[
entry:4 %specinterface_ln0 = specinterface void @_ssdm_op_SpecInterface, i32 %rows, void @ap_fifo_str, i32 0, i32 0, void @p_str, i32 0, i32 0, void @p_str, void @p_str, void @p_str, i32 2, i32 2, i32 16, i32 16, void @p_str, void @ScalarProp_str

]]></Node>
<StgValue><ssdm name="specinterface_ln0"/></StgValue>
</operation>

<operation id="7" st_id="1" stage="1" lat="1">
<core>NULL</core>
<MemPortIdVec></MemPortIdVec>
<condition id="-1">
<or_exp><and_exp></and_exp></or_exp>
</condition>

<Node id="12" bw="0" op_0_bw="0" op_1_bw="64" op_2_bw="0" op_3_bw="32" op_4_bw="32" op_5_bw="0" op_6_bw="32" op_7_bw="32" op_8_bw="0" op_9_bw="0" op_10_bw="0" op_11_bw="32" op_12_bw="32" op_13_bw="32" op_14_bw="32" op_15_bw="0" op_16_bw="0">
<![CDATA[
entry:5 %specinterface_ln0 = specinterface void @_ssdm_op_SpecInterface, i64 %din, void @ap_fifo_str, i32 0, i32 0, void @p_str, i32 0, i32 0, void @p_str, void @p_str, void @p_str, i32 2, i32 2, i32 16, i32 16, void @p_str, void @ScalarProp_str

]]></Node>
<StgValue><ssdm name="specinterface_ln0"/></StgValue>
</operation>

<operation id="8" st_id="1" stage="1" lat="1">
<core>FIFO_SRL</core>
<MemPortIdVec></MemPortIdVec>
<condition id="-1">
<or_exp><and_exp></and_exp></or_exp>
</condition>

<Node id="13" bw="64" op_0_bw="64" op_1_bw="64">
<![CDATA[
entry:6 %din_read = read i64 @_ssdm_op_Read.ap_fifo.i64P0A, i64 %din

]]></Node>
<StgValue><ssdm name="din_read"/></StgValue>
</operation>

<operation id="9" st_id="1" stage="1" lat="1">
<core>FIFO_SRL</core>
<MemPortIdVec></MemPortIdVec>
<condition id="-1">
<or_exp><and_exp></and_exp></or_exp>
</condition>

<Node id="14" bw="32" op_0_bw="32" op_1_bw="32">
<![CDATA[
entry:7 %rows_read = read i32 @_ssdm_op_Read.ap_fifo.i32P0A, i32 %rows

]]></Node>
<StgValue><ssdm name="rows_read"/></StgValue>
</operation>

<operation id="10" st_id="1" stage="1" lat="1">
<core>FIFO_SRL</core>
<MemPortIdVec></MemPortIdVec>
<condition id="-1">
<or_exp><and_exp></and_exp></or_exp>
</condition>

<Node id="15" bw="32" op_0_bw="32" op_1_bw="32">
<![CDATA[
entry:8 %cols_read = read i32 @_ssdm_op_Read.ap_fifo.i32P0A, i32 %cols

]]></Node>
<StgValue><ssdm name="cols_read"/></StgValue>
</operation>

<operation id="11" st_id="1" stage="1" lat="1">
<core>NULL</core>
<MemPortIdVec></MemPortIdVec>
<condition id="-1">
<or_exp><and_exp></and_exp></or_exp>
</condition>

<Node id="16" bw="0" op_0_bw="0" op_1_bw="64" op_2_bw="0" op_3_bw="32" op_4_bw="32" op_5_bw="0" op_6_bw="32" op_7_bw="32" op_8_bw="0" op_9_bw="0" op_10_bw="0" op_11_bw="32" op_12_bw="32" op_13_bw="32" op_14_bw="32" op_15_bw="0" op_16_bw="0">
<![CDATA[
entry:9 %specinterface_ln0 = specinterface void @_ssdm_op_SpecInterface, i64 %din_out, void @ap_fifo_str, i32 0, i32 0, void @p_str, i32 0, i32 0, void @p_str, void @p_str, void @p_str, i32 2, i32 2, i32 16, i32 16, void @p_str, void @ScalarProp_str

]]></Node>
<StgValue><ssdm name="specinterface_ln0"/></StgValue>
</operation>

<operation id="12" st_id="1" stage="1" lat="1">
<core>FIFO_SRL</core>
<MemPortIdVec></MemPortIdVec>
<condition id="-1">
<or_exp><and_exp></and_exp></or_exp>
</condition>

<Node id="17" bw="0" op_0_bw="0" op_1_bw="64" op_2_bw="64">
<![CDATA[
entry:10 %write_ln0 = write void @_ssdm_op_Write.ap_fifo.i64P0A, i64 %din_out, i64 %din_read

]]></Node>
<StgValue><ssdm name="write_ln0"/></StgValue>
</operation>

<operation id="13" st_id="1" stage="1" lat="1">
<core>NULL</core>
<MemPortIdVec></MemPortIdVec>
<condition id="-1">
<or_exp><and_exp></and_exp></or_exp>
</condition>

<Node id="18" bw="0" op_0_bw="0" op_1_bw="32" op_2_bw="0" op_3_bw="32" op_4_bw="32" op_5_bw="0" op_6_bw="32" op_7_bw="32" op_8_bw="0" op_9_bw="0" op_10_bw="0" op_11_bw="32" op_12_bw="32" op_13_bw="32" op_14_bw="32" op_15_bw="0" op_16_bw="0">
<![CDATA[
entry:11 %specinterface_ln0 = specinterface void @_ssdm_op_SpecInterface, i32 %rows_out, void @ap_fifo_str, i32 0, i32 0, void @p_str, i32 0, i32 0, void @p_str, void @p_str, void @p_str, i32 2, i32 2, i32 16, i32 16, void @p_str, void @ScalarProp_str

]]></Node>
<StgValue><ssdm name="specinterface_ln0"/></StgValue>
</operation>

<operation id="14" st_id="1" stage="1" lat="1">
<core>FIFO_SRL</core>
<MemPortIdVec></MemPortIdVec>
<condition id="-1">
<or_exp><and_exp></and_exp></or_exp>
</condition>

<Node id="19" bw="0" op_0_bw="0" op_1_bw="32" op_2_bw="32">
<![CDATA[
entry:12 %write_ln0 = write void @_ssdm_op_Write.ap_fifo.i32P0A, i32 %rows_out, i32 %rows_read

]]></Node>
<StgValue><ssdm name="write_ln0"/></StgValue>
</operation>

<operation id="15" st_id="1" stage="1" lat="1">
<core>NULL</core>
<MemPortIdVec></MemPortIdVec>
<condition id="-1">
<or_exp><and_exp></and_exp></or_exp>
</condition>

<Node id="20" bw="0" op_0_bw="0" op_1_bw="32" op_2_bw="0" op_3_bw="32" op_4_bw="32" op_5_bw="0" op_6_bw="32" op_7_bw="32" op_8_bw="0" op_9_bw="0" op_10_bw="0" op_11_bw="32" op_12_bw="32" op_13_bw="32" op_14_bw="32" op_15_bw="0" op_16_bw="0">
<![CDATA[
entry:13 %specinterface_ln0 = specinterface void @_ssdm_op_SpecInterface, i32 %cols_out, void @ap_fifo_str, i32 0, i32 0, void @p_str, i32 0, i32 0, void @p_str, void @p_str, void @p_str, i32 2, i32 2, i32 16, i32 16, void @p_str, void @ScalarProp_str

]]></Node>
<StgValue><ssdm name="specinterface_ln0"/></StgValue>
</operation>

<operation id="16" st_id="1" stage="1" lat="1">
<core>FIFO_SRL</core>
<MemPortIdVec></MemPortIdVec>
<condition id="-1">
<or_exp><and_exp></and_exp></or_exp>
</condition>

<Node id="21" bw="0" op_0_bw="0" op_1_bw="32" op_2_bw="32">
<![CDATA[
entry:14 %write_ln0 = write void @_ssdm_op_Write.ap_fifo.i32P0A, i32 %cols_out, i32 %cols_read

]]></Node>
<StgValue><ssdm name="write_ln0"/></StgValue>
</operation>

<operation id="17" st_id="1" stage="1" lat="1">
<core>NULL</core>
<MemPortIdVec></MemPortIdVec>
<condition id="-1">
<or_exp><and_exp></and_exp></or_exp>
</condition>

<Node id="22" bw="0">
<![CDATA[
entry:15 %ret_ln1161 = ret

]]></Node>
<StgValue><ssdm name="ret_ln1161"/></StgValue>
</operation>
</state>
</state_list>


<ports>
<port id="18" name="din" dir="0" iftype="3">
<core>FIFO_SRL</core><StgValue><ssdm name="din"/></StgValue>
</port>
<port id="19" name="rows" dir="0" iftype="3">
<core>FIFO_SRL</core><StgValue><ssdm name="rows"/></StgValue>
</port>
<port id="20" name="cols" dir="0" iftype="3">
<core>FIFO_SRL</core><StgValue><ssdm name="cols"/></StgValue>
</port>
<port id="21" name="din_out" dir="1" iftype="3">
<core>FIFO_SRL</core><StgValue><ssdm name="din_out"/></StgValue>
</port>
<port id="22" name="rows_out" dir="1" iftype="3">
<core>FIFO_SRL</core><StgValue><ssdm name="rows_out"/></StgValue>
</port>
<port id="23" name="cols_out" dir="1" iftype="3">
<core>FIFO_SRL</core><StgValue><ssdm name="cols_out"/></StgValue>
</port>
</ports>


<dataflows>
<dataflow id="25" from="_ssdm_op_SpecInterface" to="specinterface_ln0" fromId="24" toId="2">
</dataflow>
<dataflow id="26" from="din_out" to="specinterface_ln0" fromId="21" toId="2">
</dataflow>
<dataflow id="28" from="ap_fifo_str" to="specinterface_ln0" fromId="27" toId="2">
</dataflow>
<dataflow id="30" from="StgValue_29" to="specinterface_ln0" fromId="29" toId="2">
</dataflow>
<dataflow id="31" from="StgValue_29" to="specinterface_ln0" fromId="29" toId="2">
</dataflow>
<dataflow id="33" from="p_str" to="specinterface_ln0" fromId="32" toId="2">
</dataflow>
<dataflow id="34" from="StgValue_29" to="specinterface_ln0" fromId="29" toId="2">
</dataflow>
<dataflow id="35" from="StgValue_29" to="specinterface_ln0" fromId="29" toId="2">
</dataflow>
<dataflow id="36" from="p_str" to="specinterface_ln0" fromId="32" toId="2">
</dataflow>
<dataflow id="37" from="p_str" to="specinterface_ln0" fromId="32" toId="2">
</dataflow>
<dataflow id="38" from="p_str" to="specinterface_ln0" fromId="32" toId="2">
</dataflow>
<dataflow id="40" from="StgValue_39" to="specinterface_ln0" fromId="39" toId="2">
</dataflow>
<dataflow id="41" from="StgValue_39" to="specinterface_ln0" fromId="39" toId="2">
</dataflow>
<dataflow id="43" from="StgValue_42" to="specinterface_ln0" fromId="42" toId="2">
</dataflow>
<dataflow id="44" from="StgValue_42" to="specinterface_ln0" fromId="42" toId="2">
</dataflow>
<dataflow id="45" from="p_str" to="specinterface_ln0" fromId="32" toId="2">
</dataflow>
<dataflow id="47" from="ScalarProp_str" to="specinterface_ln0" fromId="46" toId="2">
</dataflow>
<dataflow id="48" from="_ssdm_op_SpecInterface" to="specinterface_ln0" fromId="24" toId="3">
</dataflow>
<dataflow id="49" from="rows_out" to="specinterface_ln0" fromId="22" toId="3">
</dataflow>
<dataflow id="50" from="ap_fifo_str" to="specinterface_ln0" fromId="27" toId="3">
</dataflow>
<dataflow id="51" from="StgValue_29" to="specinterface_ln0" fromId="29" toId="3">
</dataflow>
<dataflow id="52" from="StgValue_29" to="specinterface_ln0" fromId="29" toId="3">
</dataflow>
<dataflow id="53" from="p_str" to="specinterface_ln0" fromId="32" toId="3">
</dataflow>
<dataflow id="54" from="StgValue_29" to="specinterface_ln0" fromId="29" toId="3">
</dataflow>
<dataflow id="55" from="StgValue_29" to="specinterface_ln0" fromId="29" toId="3">
</dataflow>
<dataflow id="56" from="p_str" to="specinterface_ln0" fromId="32" toId="3">
</dataflow>
<dataflow id="57" from="p_str" to="specinterface_ln0" fromId="32" toId="3">
</dataflow>
<dataflow id="58" from="p_str" to="specinterface_ln0" fromId="32" toId="3">
</dataflow>
<dataflow id="59" from="StgValue_39" to="specinterface_ln0" fromId="39" toId="3">
</dataflow>
<dataflow id="60" from="StgValue_39" to="specinterface_ln0" fromId="39" toId="3">
</dataflow>
<dataflow id="61" from="StgValue_42" to="specinterface_ln0" fromId="42" toId="3">
</dataflow>
<dataflow id="62" from="StgValue_42" to="specinterface_ln0" fromId="42" toId="3">
</dataflow>
<dataflow id="63" from="p_str" to="specinterface_ln0" fromId="32" toId="3">
</dataflow>
<dataflow id="64" from="ScalarProp_str" to="specinterface_ln0" fromId="46" toId="3">
</dataflow>
<dataflow id="65" from="_ssdm_op_SpecInterface" to="specinterface_ln0" fromId="24" toId="4">
</dataflow>
<dataflow id="66" from="cols_out" to="specinterface_ln0" fromId="23" toId="4">
</dataflow>
<dataflow id="67" from="ap_fifo_str" to="specinterface_ln0" fromId="27" toId="4">
</dataflow>
<dataflow id="68" from="StgValue_29" to="specinterface_ln0" fromId="29" toId="4">
</dataflow>
<dataflow id="69" from="StgValue_29" to="specinterface_ln0" fromId="29" toId="4">
</dataflow>
<dataflow id="70" from="p_str" to="specinterface_ln0" fromId="32" toId="4">
</dataflow>
<dataflow id="71" from="StgValue_29" to="specinterface_ln0" fromId="29" toId="4">
</dataflow>
<dataflow id="72" from="StgValue_29" to="specinterface_ln0" fromId="29" toId="4">
</dataflow>
<dataflow id="73" from="p_str" to="specinterface_ln0" fromId="32" toId="4">
</dataflow>
<dataflow id="74" from="p_str" to="specinterface_ln0" fromId="32" toId="4">
</dataflow>
<dataflow id="75" from="p_str" to="specinterface_ln0" fromId="32" toId="4">
</dataflow>
<dataflow id="76" from="StgValue_39" to="specinterface_ln0" fromId="39" toId="4">
</dataflow>
<dataflow id="77" from="StgValue_39" to="specinterface_ln0" fromId="39" toId="4">
</dataflow>
<dataflow id="78" from="StgValue_42" to="specinterface_ln0" fromId="42" toId="4">
</dataflow>
<dataflow id="79" from="StgValue_42" to="specinterface_ln0" fromId="42" toId="4">
</dataflow>
<dataflow id="80" from="p_str" to="specinterface_ln0" fromId="32" toId="4">
</dataflow>
<dataflow id="81" from="ScalarProp_str" to="specinterface_ln0" fromId="46" toId="4">
</dataflow>
<dataflow id="82" from="_ssdm_op_SpecInterface" to="specinterface_ln0" fromId="24" toId="5">
</dataflow>
<dataflow id="83" from="cols" to="specinterface_ln0" fromId="20" toId="5">
</dataflow>
<dataflow id="84" from="ap_fifo_str" to="specinterface_ln0" fromId="27" toId="5">
</dataflow>
<dataflow id="85" from="StgValue_29" to="specinterface_ln0" fromId="29" toId="5">
</dataflow>
<dataflow id="86" from="StgValue_29" to="specinterface_ln0" fromId="29" toId="5">
</dataflow>
<dataflow id="87" from="p_str" to="specinterface_ln0" fromId="32" toId="5">
</dataflow>
<dataflow id="88" from="StgValue_29" to="specinterface_ln0" fromId="29" toId="5">
</dataflow>
<dataflow id="89" from="StgValue_29" to="specinterface_ln0" fromId="29" toId="5">
</dataflow>
<dataflow id="90" from="p_str" to="specinterface_ln0" fromId="32" toId="5">
</dataflow>
<dataflow id="91" from="p_str" to="specinterface_ln0" fromId="32" toId="5">
</dataflow>
<dataflow id="92" from="p_str" to="specinterface_ln0" fromId="32" toId="5">
</dataflow>
<dataflow id="93" from="StgValue_39" to="specinterface_ln0" fromId="39" toId="5">
</dataflow>
<dataflow id="94" from="StgValue_39" to="specinterface_ln0" fromId="39" toId="5">
</dataflow>
<dataflow id="95" from="StgValue_42" to="specinterface_ln0" fromId="42" toId="5">
</dataflow>
<dataflow id="96" from="StgValue_42" to="specinterface_ln0" fromId="42" toId="5">
</dataflow>
<dataflow id="97" from="p_str" to="specinterface_ln0" fromId="32" toId="5">
</dataflow>
<dataflow id="98" from="ScalarProp_str" to="specinterface_ln0" fromId="46" toId="5">
</dataflow>
<dataflow id="99" from="_ssdm_op_SpecInterface" to="specinterface_ln0" fromId="24" toId="6">
</dataflow>
<dataflow id="100" from="rows" to="specinterface_ln0" fromId="19" toId="6">
</dataflow>
<dataflow id="101" from="ap_fifo_str" to="specinterface_ln0" fromId="27" toId="6">
</dataflow>
<dataflow id="102" from="StgValue_29" to="specinterface_ln0" fromId="29" toId="6">
</dataflow>
<dataflow id="103" from="StgValue_29" to="specinterface_ln0" fromId="29" toId="6">
</dataflow>
<dataflow id="104" from="p_str" to="specinterface_ln0" fromId="32" toId="6">
</dataflow>
<dataflow id="105" from="StgValue_29" to="specinterface_ln0" fromId="29" toId="6">
</dataflow>
<dataflow id="106" from="StgValue_29" to="specinterface_ln0" fromId="29" toId="6">
</dataflow>
<dataflow id="107" from="p_str" to="specinterface_ln0" fromId="32" toId="6">
</dataflow>
<dataflow id="108" from="p_str" to="specinterface_ln0" fromId="32" toId="6">
</dataflow>
<dataflow id="109" from="p_str" to="specinterface_ln0" fromId="32" toId="6">
</dataflow>
<dataflow id="110" from="StgValue_39" to="specinterface_ln0" fromId="39" toId="6">
</dataflow>
<dataflow id="111" from="StgValue_39" to="specinterface_ln0" fromId="39" toId="6">
</dataflow>
<dataflow id="112" from="StgValue_42" to="specinterface_ln0" fromId="42" toId="6">
</dataflow>
<dataflow id="113" from="StgValue_42" to="specinterface_ln0" fromId="42" toId="6">
</dataflow>
<dataflow id="114" from="p_str" to="specinterface_ln0" fromId="32" toId="6">
</dataflow>
<dataflow id="115" from="ScalarProp_str" to="specinterface_ln0" fromId="46" toId="6">
</dataflow>
<dataflow id="116" from="_ssdm_op_SpecInterface" to="specinterface_ln0" fromId="24" toId="7">
</dataflow>
<dataflow id="117" from="din" to="specinterface_ln0" fromId="18" toId="7">
</dataflow>
<dataflow id="118" from="ap_fifo_str" to="specinterface_ln0" fromId="27" toId="7">
</dataflow>
<dataflow id="119" from="StgValue_29" to="specinterface_ln0" fromId="29" toId="7">
</dataflow>
<dataflow id="120" from="StgValue_29" to="specinterface_ln0" fromId="29" toId="7">
</dataflow>
<dataflow id="121" from="p_str" to="specinterface_ln0" fromId="32" toId="7">
</dataflow>
<dataflow id="122" from="StgValue_29" to="specinterface_ln0" fromId="29" toId="7">
</dataflow>
<dataflow id="123" from="StgValue_29" to="specinterface_ln0" fromId="29" toId="7">
</dataflow>
<dataflow id="124" from="p_str" to="specinterface_ln0" fromId="32" toId="7">
</dataflow>
<dataflow id="125" from="p_str" to="specinterface_ln0" fromId="32" toId="7">
</dataflow>
<dataflow id="126" from="p_str" to="specinterface_ln0" fromId="32" toId="7">
</dataflow>
<dataflow id="127" from="StgValue_39" to="specinterface_ln0" fromId="39" toId="7">
</dataflow>
<dataflow id="128" from="StgValue_39" to="specinterface_ln0" fromId="39" toId="7">
</dataflow>
<dataflow id="129" from="StgValue_42" to="specinterface_ln0" fromId="42" toId="7">
</dataflow>
<dataflow id="130" from="StgValue_42" to="specinterface_ln0" fromId="42" toId="7">
</dataflow>
<dataflow id="131" from="p_str" to="specinterface_ln0" fromId="32" toId="7">
</dataflow>
<dataflow id="132" from="ScalarProp_str" to="specinterface_ln0" fromId="46" toId="7">
</dataflow>
<dataflow id="134" from="_ssdm_op_Read.ap_fifo.i64P0A" to="din_read" fromId="133" toId="8">
</dataflow>
<dataflow id="135" from="din" to="din_read" fromId="18" toId="8">
</dataflow>
<dataflow id="137" from="_ssdm_op_Read.ap_fifo.i32P0A" to="rows_read" fromId="136" toId="9">
</dataflow>
<dataflow id="138" from="rows" to="rows_read" fromId="19" toId="9">
</dataflow>
<dataflow id="139" from="_ssdm_op_Read.ap_fifo.i32P0A" to="cols_read" fromId="136" toId="10">
</dataflow>
<dataflow id="140" from="cols" to="cols_read" fromId="20" toId="10">
</dataflow>
<dataflow id="141" from="_ssdm_op_SpecInterface" to="specinterface_ln0" fromId="24" toId="11">
</dataflow>
<dataflow id="142" from="din_out" to="specinterface_ln0" fromId="21" toId="11">
</dataflow>
<dataflow id="143" from="ap_fifo_str" to="specinterface_ln0" fromId="27" toId="11">
</dataflow>
<dataflow id="144" from="StgValue_29" to="specinterface_ln0" fromId="29" toId="11">
</dataflow>
<dataflow id="145" from="StgValue_29" to="specinterface_ln0" fromId="29" toId="11">
</dataflow>
<dataflow id="146" from="p_str" to="specinterface_ln0" fromId="32" toId="11">
</dataflow>
<dataflow id="147" from="StgValue_29" to="specinterface_ln0" fromId="29" toId="11">
</dataflow>
<dataflow id="148" from="StgValue_29" to="specinterface_ln0" fromId="29" toId="11">
</dataflow>
<dataflow id="149" from="p_str" to="specinterface_ln0" fromId="32" toId="11">
</dataflow>
<dataflow id="150" from="p_str" to="specinterface_ln0" fromId="32" toId="11">
</dataflow>
<dataflow id="151" from="p_str" to="specinterface_ln0" fromId="32" toId="11">
</dataflow>
<dataflow id="152" from="StgValue_39" to="specinterface_ln0" fromId="39" toId="11">
</dataflow>
<dataflow id="153" from="StgValue_39" to="specinterface_ln0" fromId="39" toId="11">
</dataflow>
<dataflow id="154" from="StgValue_42" to="specinterface_ln0" fromId="42" toId="11">
</dataflow>
<dataflow id="155" from="StgValue_42" to="specinterface_ln0" fromId="42" toId="11">
</dataflow>
<dataflow id="156" from="p_str" to="specinterface_ln0" fromId="32" toId="11">
</dataflow>
<dataflow id="157" from="ScalarProp_str" to="specinterface_ln0" fromId="46" toId="11">
</dataflow>
<dataflow id="159" from="_ssdm_op_Write.ap_fifo.i64P0A" to="write_ln0" fromId="158" toId="12">
</dataflow>
<dataflow id="160" from="din_out" to="write_ln0" fromId="21" toId="12">
</dataflow>
<dataflow id="161" from="din_read" to="write_ln0" fromId="8" toId="12">
</dataflow>
<dataflow id="162" from="_ssdm_op_SpecInterface" to="specinterface_ln0" fromId="24" toId="13">
</dataflow>
<dataflow id="163" from="rows_out" to="specinterface_ln0" fromId="22" toId="13">
</dataflow>
<dataflow id="164" from="ap_fifo_str" to="specinterface_ln0" fromId="27" toId="13">
</dataflow>
<dataflow id="165" from="StgValue_29" to="specinterface_ln0" fromId="29" toId="13">
</dataflow>
<dataflow id="166" from="StgValue_29" to="specinterface_ln0" fromId="29" toId="13">
</dataflow>
<dataflow id="167" from="p_str" to="specinterface_ln0" fromId="32" toId="13">
</dataflow>
<dataflow id="168" from="StgValue_29" to="specinterface_ln0" fromId="29" toId="13">
</dataflow>
<dataflow id="169" from="StgValue_29" to="specinterface_ln0" fromId="29" toId="13">
</dataflow>
<dataflow id="170" from="p_str" to="specinterface_ln0" fromId="32" toId="13">
</dataflow>
<dataflow id="171" from="p_str" to="specinterface_ln0" fromId="32" toId="13">
</dataflow>
<dataflow id="172" from="p_str" to="specinterface_ln0" fromId="32" toId="13">
</dataflow>
<dataflow id="173" from="StgValue_39" to="specinterface_ln0" fromId="39" toId="13">
</dataflow>
<dataflow id="174" from="StgValue_39" to="specinterface_ln0" fromId="39" toId="13">
</dataflow>
<dataflow id="175" from="StgValue_42" to="specinterface_ln0" fromId="42" toId="13">
</dataflow>
<dataflow id="176" from="StgValue_42" to="specinterface_ln0" fromId="42" toId="13">
</dataflow>
<dataflow id="177" from="p_str" to="specinterface_ln0" fromId="32" toId="13">
</dataflow>
<dataflow id="178" from="ScalarProp_str" to="specinterface_ln0" fromId="46" toId="13">
</dataflow>
<dataflow id="180" from="_ssdm_op_Write.ap_fifo.i32P0A" to="write_ln0" fromId="179" toId="14">
</dataflow>
<dataflow id="181" from="rows_out" to="write_ln0" fromId="22" toId="14">
</dataflow>
<dataflow id="182" from="rows_read" to="write_ln0" fromId="9" toId="14">
</dataflow>
<dataflow id="183" from="_ssdm_op_SpecInterface" to="specinterface_ln0" fromId="24" toId="15">
</dataflow>
<dataflow id="184" from="cols_out" to="specinterface_ln0" fromId="23" toId="15">
</dataflow>
<dataflow id="185" from="ap_fifo_str" to="specinterface_ln0" fromId="27" toId="15">
</dataflow>
<dataflow id="186" from="StgValue_29" to="specinterface_ln0" fromId="29" toId="15">
</dataflow>
<dataflow id="187" from="StgValue_29" to="specinterface_ln0" fromId="29" toId="15">
</dataflow>
<dataflow id="188" from="p_str" to="specinterface_ln0" fromId="32" toId="15">
</dataflow>
<dataflow id="189" from="StgValue_29" to="specinterface_ln0" fromId="29" toId="15">
</dataflow>
<dataflow id="190" from="StgValue_29" to="specinterface_ln0" fromId="29" toId="15">
</dataflow>
<dataflow id="191" from="p_str" to="specinterface_ln0" fromId="32" toId="15">
</dataflow>
<dataflow id="192" from="p_str" to="specinterface_ln0" fromId="32" toId="15">
</dataflow>
<dataflow id="193" from="p_str" to="specinterface_ln0" fromId="32" toId="15">
</dataflow>
<dataflow id="194" from="StgValue_39" to="specinterface_ln0" fromId="39" toId="15">
</dataflow>
<dataflow id="195" from="StgValue_39" to="specinterface_ln0" fromId="39" toId="15">
</dataflow>
<dataflow id="196" from="StgValue_42" to="specinterface_ln0" fromId="42" toId="15">
</dataflow>
<dataflow id="197" from="StgValue_42" to="specinterface_ln0" fromId="42" toId="15">
</dataflow>
<dataflow id="198" from="p_str" to="specinterface_ln0" fromId="32" toId="15">
</dataflow>
<dataflow id="199" from="ScalarProp_str" to="specinterface_ln0" fromId="46" toId="15">
</dataflow>
<dataflow id="200" from="_ssdm_op_Write.ap_fifo.i32P0A" to="write_ln0" fromId="179" toId="16">
</dataflow>
<dataflow id="201" from="cols_out" to="write_ln0" fromId="23" toId="16">
</dataflow>
<dataflow id="202" from="cols_read" to="write_ln0" fromId="10" toId="16">
</dataflow>
</dataflows>


</stg>
