<profile>

<section name = "Vitis HLS Report for 'Axi2Mat'" level="0">
<item name = "Date">Fri Jul 16 11:50:15 2021
</item>
<item name = "Version">2020.2 (Build 3064766 on Wed Nov 18 09:12:45 MST 2020)</item>
<item name = "Project">addWeighted</item>
<item name = "Solution">solution1 (Vivado IP Flow Target)</item>
<item name = "Product family">zynq</item>
<item name = "Target device">xc7z020-clg400-1</item>
</section>

<section name = "Performance Estimates" level="0">
<item name = "Timing">
<section name = "" level="1">
<item name = "Summary"><table name="" hasTotal="0">
<keys size="4">Clock, Target, Estimated, Uncertainty</keys>
<column name="ap_clk">10.00 ns, 7.300 ns, 2.70 ns</column>
</table>
</item>
</section>
</item>
<item name = "Latency">
<section name = "" level="1">
<item name = "Summary"><table name="" hasTotal="0">
<keys size="8">, min, max, min, max, min, max, Type</keys>
<column name="">16, 8294415, 0.160 us, 82.944 ms, 9, 8294408, dataflow</column>
</table>
</item>
<item name = "Detail">
<section name = "" level="1">
<item name = "Instance"><table name="" hasTotal="0">
<keys size="9">Instance, Module, min, max, min, max, min, max, Type</keys>
<column name="grp_AxiStream2MatStream_fu_144">AxiStream2MatStream, 8, 8294407, 80.000 ns, 82.944 ms, 8, 8294407, none</column>
<column name="grp_addrbound5_fu_154">addrbound5, 3, 3, 30.000 ns, 30.000 ns, 3, 3, none</column>
<column name="grp_Axi2AxiStream_fu_163">Axi2AxiStream, 1, 6220810, 10.000 ns, 62.208 ms, 1, 6220810, none</column>
<column name="call_ln1161_Axi2Mat_entry3_fu_172">Axi2Mat_entry3, 0, 0, 0 ns, 0 ns, 0, 0, none</column>
<column name="call_ln1161_Axi2Mat_entry9_fu_185">Axi2Mat_entry9, 0, 0, 0 ns, 0 ns, 0, 0, none</column>
<column name="call_ln1162_last_blk_pxl_width4_fu_195">last_blk_pxl_width4, 0, 0, 0 ns, 0 ns, 0, 0, none</column>
<column name="axibound_V_Axi2Mat_Block_split26_proc_fu_200">Axi2Mat_Block_split26_proc, 0, 0, 0 ns, 0 ns, 0, 0, none</column>
</table>
</item>
<item name = "Loop"><table name="" hasTotal="0">
<keys size="8">Loop Name, min, max, Latency, achieved, target, Count, Pipelined</keys>
</table>
</item>
</section>
</item>
</section>
</item>
</section>
</profile>
