<stg><name>AxiStream2Axi</name>


<trans_list>

<trans id="43" from="1" to="2">
<condition id="-1">
<or_exp><and_exp><literal name="icmp_ln878" val="0"/>
</and_exp></or_exp>
</condition>
</trans>

<trans id="44" from="1" to="10">
<condition id="-1">
<or_exp><and_exp><literal name="icmp_ln878" val="1"/>
</and_exp></or_exp>
</condition>
</trans>

<trans id="46" from="2" to="3">
<condition id="-1">
<or_exp><and_exp></and_exp></or_exp>
</condition>
</trans>

<trans id="58" from="3" to="6">
<condition id="-1">
<or_exp><and_exp><literal name="icmp_ln1402" val="1"/>
</and_exp></or_exp>
</condition>
</trans>

<trans id="59" from="3" to="4">
<condition id="-1">
<or_exp><and_exp><literal name="icmp_ln1402" val="0"/>
</and_exp></or_exp>
</condition>
</trans>

<trans id="56" from="4" to="5">
<condition id="-1">
<or_exp><and_exp></and_exp></or_exp>
</condition>
</trans>

<trans id="57" from="5" to="3">
<condition id="-1">
<or_exp><and_exp></and_exp></or_exp>
</condition>
</trans>

<trans id="51" from="6" to="7">
<condition id="-1">
<or_exp><and_exp></and_exp></or_exp>
</condition>
</trans>

<trans id="52" from="7" to="8">
<condition id="-1">
<or_exp><and_exp></and_exp></or_exp>
</condition>
</trans>

<trans id="53" from="8" to="9">
<condition id="-1">
<or_exp><and_exp></and_exp></or_exp>
</condition>
</trans>

<trans id="54" from="9" to="10">
<condition id="-1">
<or_exp><and_exp></and_exp></or_exp>
</condition>
</trans>
</trans_list>



<state_list>

<state id="1" st_id="1">

<operation id="11" st_id="1" stage="1" lat="1">
<core>NULL</core>
<MemPortIdVec></MemPortIdVec>
<condition id="-1">
<or_exp><and_exp></and_exp></or_exp>
</condition>

<Node id="5" bw="24" op_0_bw="24" op_1_bw="24">
<![CDATA[
entry:0 %addrbound_V_read_1 = read i24 @_ssdm_op_Read.ap_auto.i24, i24 %addrbound_V_read

]]></Node>
<StgValue><ssdm name="addrbound_V_read_1"/></StgValue>
</operation>

<operation id="12" st_id="1" stage="1" lat="1">
<core>NULL</core>
<MemPortIdVec></MemPortIdVec>
<condition id="-1">
<or_exp><and_exp></and_exp></or_exp>
</condition>

<Node id="6" bw="0" op_0_bw="0" op_1_bw="32" op_2_bw="0" op_3_bw="32" op_4_bw="32" op_5_bw="0" op_6_bw="32" op_7_bw="32" op_8_bw="0" op_9_bw="0" op_10_bw="0" op_11_bw="32" op_12_bw="32" op_13_bw="32" op_14_bw="32" op_15_bw="0" op_16_bw="0">
<![CDATA[
entry:1 %specinterface_ln0 = specinterface void @_ssdm_op_SpecInterface, i32 %ldata1, void @empty_2, i32 0, i32 0, void @empty_18, i32 0, i32 0, void @empty_18, void @empty_18, void @empty_18, i32 0, i32 0, i32 0, i32 0, void @empty_18, void @empty_18

]]></Node>
<StgValue><ssdm name="specinterface_ln0"/></StgValue>
</operation>

<operation id="13" st_id="1" stage="1" lat="1">
<core>NULL</core>
<MemPortIdVec></MemPortIdVec>
<condition id="-1">
<or_exp><and_exp></and_exp></or_exp>
</condition>

<Node id="7" bw="0" op_0_bw="0" op_1_bw="32" op_2_bw="0" op_3_bw="32" op_4_bw="32" op_5_bw="0" op_6_bw="32" op_7_bw="32" op_8_bw="0" op_9_bw="0" op_10_bw="0" op_11_bw="32" op_12_bw="32" op_13_bw="32" op_14_bw="32" op_15_bw="0" op_16_bw="0">
<![CDATA[
entry:2 %specinterface_ln0 = specinterface void @_ssdm_op_SpecInterface, i32 %gmem3, void @empty_20, i32 0, i32 0, void @empty_18, i32 0, i32 0, void @empty_14, void @empty_1, void @empty_18, i32 16, i32 16, i32 16, i32 16, void @empty_18, void @empty_18

]]></Node>
<StgValue><ssdm name="specinterface_ln0"/></StgValue>
</operation>

<operation id="14" st_id="1" stage="1" lat="1">
<core>NULL</core>
<MemPortIdVec></MemPortIdVec>
<condition id="-1">
<or_exp><and_exp></and_exp></or_exp>
</condition>

<Node id="8" bw="0" op_0_bw="0" op_1_bw="64" op_2_bw="0" op_3_bw="32" op_4_bw="32" op_5_bw="0" op_6_bw="32" op_7_bw="32" op_8_bw="0" op_9_bw="0" op_10_bw="0" op_11_bw="32" op_12_bw="32" op_13_bw="32" op_14_bw="32" op_15_bw="0" op_16_bw="0">
<![CDATA[
entry:3 %specinterface_ln0 = specinterface void @_ssdm_op_SpecInterface, i64 %dout, void @ap_fifo_str, i32 0, i32 0, void @p_str, i32 0, i32 0, void @p_str, void @p_str, void @p_str, i32 2, i32 2, i32 16, i32 16, void @p_str, void @ScalarProp_str

]]></Node>
<StgValue><ssdm name="specinterface_ln0"/></StgValue>
</operation>

<operation id="15" st_id="1" stage="1" lat="1">
<core>FIFO_SRL</core>
<MemPortIdVec></MemPortIdVec>
<condition id="-1">
<or_exp><and_exp></and_exp></or_exp>
</condition>

<Node id="9" bw="64" op_0_bw="64" op_1_bw="64">
<![CDATA[
entry:4 %dout_1 = read i64 @_ssdm_op_Read.ap_fifo.i64P0A, i64 %dout

]]></Node>
<StgValue><ssdm name="dout_1"/></StgValue>
</operation>

<operation id="16" st_id="1" stage="1" lat="1">
<core>NULL</core>
<MemPortIdVec></MemPortIdVec>
<condition id="-1">
<or_exp><and_exp></and_exp></or_exp>
</condition>

<Node id="10" bw="0" op_0_bw="0" op_1_bw="32" op_2_bw="0" op_3_bw="32" op_4_bw="32" op_5_bw="0" op_6_bw="32" op_7_bw="32" op_8_bw="0" op_9_bw="0" op_10_bw="0" op_11_bw="32" op_12_bw="32" op_13_bw="32" op_14_bw="32" op_15_bw="0" op_16_bw="0">
<![CDATA[
entry:5 %specinterface_ln0 = specinterface void @_ssdm_op_SpecInterface, i32 %ldata1, void @empty_2, i32 0, i32 0, void @empty_18, i32 0, i32 0, void @empty_18, void @empty_18, void @empty_18, i32 0, i32 0, i32 0, i32 0, void @empty_18, void @empty_18

]]></Node>
<StgValue><ssdm name="specinterface_ln0"/></StgValue>
</operation>

<operation id="17" st_id="1" stage="1" lat="1">
<core>NULL</core>
<MemPortIdVec></MemPortIdVec>
<condition id="-1">
<or_exp><and_exp></and_exp></or_exp>
</condition>

<Node id="11" bw="0" op_0_bw="0" op_1_bw="32" op_2_bw="0" op_3_bw="32" op_4_bw="32" op_5_bw="0" op_6_bw="32" op_7_bw="32" op_8_bw="0" op_9_bw="0" op_10_bw="0" op_11_bw="32" op_12_bw="32" op_13_bw="32" op_14_bw="32" op_15_bw="0" op_16_bw="0">
<![CDATA[
entry:6 %specinterface_ln0 = specinterface void @_ssdm_op_SpecInterface, i32 %gmem3, void @empty_20, i32 0, i32 0, void @empty_18, i32 0, i32 0, void @empty_14, void @empty_1, void @empty_18, i32 16, i32 16, i32 16, i32 16, void @empty_18, void @empty_18

]]></Node>
<StgValue><ssdm name="specinterface_ln0"/></StgValue>
</operation>

<operation id="18" st_id="1" stage="1" lat="1">
<core>Cmp</core>
<MemPortIdVec></MemPortIdVec>
<condition id="-1">
<or_exp><and_exp></and_exp></or_exp>
</condition>

<Node id="12" bw="1" op_0_bw="24" op_1_bw="24">
<![CDATA[
entry:7 %icmp_ln878 = icmp_eq  i24 %addrbound_V_read_1, i24 0

]]></Node>
<StgValue><ssdm name="icmp_ln878"/></StgValue>
</operation>

<operation id="19" st_id="1" stage="1" lat="1">
<core>NULL</core>
<MemPortIdVec></MemPortIdVec>
<condition id="-1">
<or_exp><and_exp></and_exp></or_exp>
</condition>

<Node id="13" bw="0" op_0_bw="1" op_1_bw="0" op_2_bw="0">
<![CDATA[
entry:8 %br_ln1402 = br i1 %icmp_ln878, void %.lr.ph.i, void %.exit

]]></Node>
<StgValue><ssdm name="br_ln1402"/></StgValue>
</operation>

<operation id="20" st_id="1" stage="1" lat="1">
<core>NULL</core>
<MemPortIdVec></MemPortIdVec>
<condition id="-1">
<or_exp><and_exp><literal name="icmp_ln878" val="0"/>
</and_exp></or_exp>
</condition>

<Node id="15" bw="62" op_0_bw="62" op_1_bw="64" op_2_bw="32" op_3_bw="32">
<![CDATA[
.lr.ph.i:0 %trunc_ln = partselect i62 @_ssdm_op_PartSelect.i62.i64.i32.i32, i64 %dout_1, i32 2, i32 63

]]></Node>
<StgValue><ssdm name="trunc_ln"/></StgValue>
</operation>

<operation id="21" st_id="1" stage="1" lat="1">
<core>NULL</core>
<MemPortIdVec></MemPortIdVec>
<condition id="-1">
<or_exp><and_exp><literal name="icmp_ln878" val="0"/>
</and_exp></or_exp>
</condition>

<Node id="16" bw="64" op_0_bw="62">
<![CDATA[
.lr.ph.i:1 %sext_ln1402 = sext i62 %trunc_ln

]]></Node>
<StgValue><ssdm name="sext_ln1402"/></StgValue>
</operation>

<operation id="22" st_id="1" stage="1" lat="1">
<core>NULL</core>
<MemPortIdVec></MemPortIdVec>
<condition id="-1">
<or_exp><and_exp><literal name="icmp_ln878" val="0"/>
</and_exp></or_exp>
</condition>

<Node id="17" bw="32" op_0_bw="32" op_1_bw="64">
<![CDATA[
.lr.ph.i:2 %gmem3_addr = getelementptr i32 %gmem3, i64 %sext_ln1402

]]></Node>
<StgValue><ssdm name="gmem3_addr"/></StgValue>
</operation>
</state>

<state id="2" st_id="2">

<operation id="23" st_id="2" stage="1" lat="1">
<core>NULL</core>
<MemPortIdVec></MemPortIdVec>
<condition id="-1">
<or_exp><and_exp></and_exp></or_exp>
</condition>

<Node id="18" bw="32" op_0_bw="24">
<![CDATA[
.lr.ph.i:3 %zext_ln1402 = zext i24 %addrbound_V_read_1

]]></Node>
<StgValue><ssdm name="zext_ln1402"/></StgValue>
</operation>

<operation id="24" st_id="2" stage="1" lat="1">
<core>m_axi</core>
<MemPortIdVec></MemPortIdVec>
<condition id="-1">
<or_exp><and_exp></and_exp></or_exp>
</condition>

<Node id="19" bw="1" op_0_bw="1" op_1_bw="32" op_2_bw="32">
<![CDATA[
.lr.ph.i:4 %empty = writereq i1 @_ssdm_op_WriteReq.m_axi.p1i32, i32 %gmem3_addr, i32 %zext_ln1402

]]></Node>
<StgValue><ssdm name="empty"/></StgValue>
</operation>

<operation id="25" st_id="2" stage="1" lat="1">
<core>NULL</core>
<MemPortIdVec></MemPortIdVec>
<condition id="-1">
<or_exp><and_exp></and_exp></or_exp>
</condition>

<Node id="20" bw="0" op_0_bw="0">
<![CDATA[
.lr.ph.i:5 %br_ln1402 = br void

]]></Node>
<StgValue><ssdm name="br_ln1402"/></StgValue>
</operation>
</state>

<state id="3" st_id="3">

<operation id="26" st_id="3" stage="1" lat="1">
<core>NULL</core>
<MemPortIdVec></MemPortIdVec>
<condition id="-1">
<or_exp><and_exp></and_exp></or_exp>
</condition>

<Node id="22" bw="24" op_0_bw="24" op_1_bw="0" op_2_bw="24" op_3_bw="0">
<![CDATA[
:0 %i_V = phi i24 0, void %.lr.ph.i, i24 %i_V_1, void %.split.i

]]></Node>
<StgValue><ssdm name="i_V"/></StgValue>
</operation>

<operation id="27" st_id="3" stage="1" lat="1">
<core>Adder</core>
<MemPortIdVec></MemPortIdVec>
<condition id="-1">
<or_exp><and_exp></and_exp></or_exp>
</condition>

<Node id="23" bw="24" op_0_bw="24" op_1_bw="24">
<![CDATA[
:1 %i_V_1 = add i24 %i_V, i24 1

]]></Node>
<StgValue><ssdm name="i_V_1"/></StgValue>
</operation>

<operation id="28" st_id="3" stage="1" lat="1">
<core>Cmp</core>
<MemPortIdVec></MemPortIdVec>
<condition id="-1">
<or_exp><and_exp></and_exp></or_exp>
</condition>

<Node id="24" bw="1" op_0_bw="24" op_1_bw="24">
<![CDATA[
:2 %icmp_ln1402 = icmp_eq  i24 %i_V, i24 %addrbound_V_read_1

]]></Node>
<StgValue><ssdm name="icmp_ln1402"/></StgValue>
</operation>

<operation id="29" st_id="3" stage="1" lat="1">
<core>NULL</core>
<MemPortIdVec></MemPortIdVec>
<condition id="-1">
<or_exp><and_exp></and_exp></or_exp>
</condition>

<Node id="25" bw="0" op_0_bw="1" op_1_bw="0" op_2_bw="0">
<![CDATA[
:3 %br_ln1402 = br i1 %icmp_ln1402, void %.split.i, void %._crit_edge.loopexit.i

]]></Node>
<StgValue><ssdm name="br_ln1402"/></StgValue>
</operation>
</state>

<state id="4" st_id="4">

<operation id="30" st_id="4" stage="1" lat="1">
<core>FIFO_SRL</core>
<MemPortIdVec></MemPortIdVec>
<condition id="-1">
<or_exp><and_exp><literal name="icmp_ln1402" val="0"/>
</and_exp></or_exp>
</condition>

<Node id="30" bw="32" op_0_bw="32" op_1_bw="32">
<![CDATA[
.split.i:3 %tmp = read i32 @_ssdm_op_Read.ap_fifo.volatile.i32P0A, i32 %ldata1

]]></Node>
<StgValue><ssdm name="tmp"/></StgValue>
</operation>
</state>

<state id="5" st_id="5">

<operation id="31" st_id="5" stage="1" lat="1">
<core>NULL</core>
<MemPortIdVec></MemPortIdVec>
<condition id="-1">
<or_exp><and_exp><literal name="icmp_ln1402" val="0"/>
</and_exp></or_exp>
</condition>

<Node id="27" bw="0" op_0_bw="0" op_1_bw="32" op_2_bw="32" op_3_bw="32" op_4_bw="32" op_5_bw="0">
<![CDATA[
.split.i:0 %specpipeline_ln1399 = specpipeline void @_ssdm_op_SpecPipeline, i32 4294967295, i32 0, i32 0, i32 0, void @empty_18

]]></Node>
<StgValue><ssdm name="specpipeline_ln1399"/></StgValue>
</operation>

<operation id="32" st_id="5" stage="1" lat="1">
<core>NULL</core>
<MemPortIdVec></MemPortIdVec>
<condition id="-1">
<or_exp><and_exp><literal name="icmp_ln1402" val="0"/>
</and_exp></or_exp>
</condition>

<Node id="28" bw="0" op_0_bw="0" op_1_bw="64" op_2_bw="64" op_3_bw="64">
<![CDATA[
.split.i:1 %speclooptripcount_ln1399 = speclooptripcount void @_ssdm_op_SpecLoopTripCount, i64 1, i64 6220800, i64 3110400

]]></Node>
<StgValue><ssdm name="speclooptripcount_ln1399"/></StgValue>
</operation>

<operation id="33" st_id="5" stage="1" lat="1">
<core>NULL</core>
<MemPortIdVec></MemPortIdVec>
<condition id="-1">
<or_exp><and_exp><literal name="icmp_ln1402" val="0"/>
</and_exp></or_exp>
</condition>

<Node id="29" bw="0" op_0_bw="0" op_1_bw="0">
<![CDATA[
.split.i:2 %specloopname_ln1399 = specloopname void @_ssdm_op_SpecLoopName, void @empty_15

]]></Node>
<StgValue><ssdm name="specloopname_ln1399"/></StgValue>
</operation>

<operation id="34" st_id="5" stage="1" lat="1">
<core>m_axi</core>
<MemPortIdVec></MemPortIdVec>
<condition id="-1">
<or_exp><and_exp><literal name="icmp_ln1402" val="0"/>
</and_exp></or_exp>
</condition>

<Node id="31" bw="0" op_0_bw="0" op_1_bw="32" op_2_bw="32" op_3_bw="4" op_4_bw="0">
<![CDATA[
.split.i:4 %write_ln1407 = write void @_ssdm_op_Write.m_axi.p1i32, i32 %gmem3_addr, i32 %tmp, i4 15

]]></Node>
<StgValue><ssdm name="write_ln1407"/></StgValue>
</operation>

<operation id="35" st_id="5" stage="1" lat="1">
<core>NULL</core>
<MemPortIdVec></MemPortIdVec>
<condition id="-1">
<or_exp><and_exp><literal name="icmp_ln1402" val="0"/>
</and_exp></or_exp>
</condition>

<Node id="32" bw="0" op_0_bw="0">
<![CDATA[
.split.i:5 %br_ln0 = br void

]]></Node>
<StgValue><ssdm name="br_ln0"/></StgValue>
</operation>
</state>

<state id="6" st_id="6">

<operation id="36" st_id="6" stage="5" lat="5">
<core>m_axi</core>
<MemPortIdVec></MemPortIdVec>
<condition id="-1">
<or_exp><and_exp></and_exp></or_exp>
</condition>

<Node id="34" bw="1" op_0_bw="1" op_1_bw="32">
<![CDATA[
._crit_edge.loopexit.i:0 %empty_80 = writeresp i1 @_ssdm_op_WriteResp.m_axi.p1i32, i32 %gmem3_addr

]]></Node>
<StgValue><ssdm name="empty_80"/></StgValue>
</operation>
</state>

<state id="7" st_id="7">

<operation id="37" st_id="7" stage="4" lat="5">
<core>m_axi</core>
<MemPortIdVec></MemPortIdVec>
<condition id="-1">
<or_exp><and_exp></and_exp></or_exp>
</condition>

<Node id="34" bw="1" op_0_bw="1" op_1_bw="32">
<![CDATA[
._crit_edge.loopexit.i:0 %empty_80 = writeresp i1 @_ssdm_op_WriteResp.m_axi.p1i32, i32 %gmem3_addr

]]></Node>
<StgValue><ssdm name="empty_80"/></StgValue>
</operation>
</state>

<state id="8" st_id="8">

<operation id="38" st_id="8" stage="3" lat="5">
<core>m_axi</core>
<MemPortIdVec></MemPortIdVec>
<condition id="-1">
<or_exp><and_exp></and_exp></or_exp>
</condition>

<Node id="34" bw="1" op_0_bw="1" op_1_bw="32">
<![CDATA[
._crit_edge.loopexit.i:0 %empty_80 = writeresp i1 @_ssdm_op_WriteResp.m_axi.p1i32, i32 %gmem3_addr

]]></Node>
<StgValue><ssdm name="empty_80"/></StgValue>
</operation>
</state>

<state id="9" st_id="9">

<operation id="39" st_id="9" stage="2" lat="5">
<core>m_axi</core>
<MemPortIdVec></MemPortIdVec>
<condition id="-1">
<or_exp><and_exp></and_exp></or_exp>
</condition>

<Node id="34" bw="1" op_0_bw="1" op_1_bw="32">
<![CDATA[
._crit_edge.loopexit.i:0 %empty_80 = writeresp i1 @_ssdm_op_WriteResp.m_axi.p1i32, i32 %gmem3_addr

]]></Node>
<StgValue><ssdm name="empty_80"/></StgValue>
</operation>
</state>

<state id="10" st_id="10">

<operation id="40" st_id="10" stage="1" lat="5">
<core>m_axi</core>
<MemPortIdVec></MemPortIdVec>
<condition id="-1">
<or_exp><and_exp><literal name="icmp_ln878" val="0"/>
</and_exp></or_exp>
</condition>

<Node id="34" bw="1" op_0_bw="1" op_1_bw="32">
<![CDATA[
._crit_edge.loopexit.i:0 %empty_80 = writeresp i1 @_ssdm_op_WriteResp.m_axi.p1i32, i32 %gmem3_addr

]]></Node>
<StgValue><ssdm name="empty_80"/></StgValue>
</operation>

<operation id="41" st_id="10" stage="1" lat="1">
<core>NULL</core>
<MemPortIdVec></MemPortIdVec>
<condition id="-1">
<or_exp><and_exp><literal name="icmp_ln878" val="0"/>
</and_exp></or_exp>
</condition>

<Node id="35" bw="0" op_0_bw="0">
<![CDATA[
._crit_edge.loopexit.i:1 %br_ln1409 = br void %.exit

]]></Node>
<StgValue><ssdm name="br_ln1409"/></StgValue>
</operation>

<operation id="42" st_id="10" stage="1" lat="1">
<core>NULL</core>
<MemPortIdVec></MemPortIdVec>
<condition id="-1">
<or_exp><and_exp></and_exp></or_exp>
</condition>

<Node id="37" bw="0">
<![CDATA[
.exit:0 %ret_ln301 = ret

]]></Node>
<StgValue><ssdm name="ret_ln301"/></StgValue>
</operation>
</state>
</state_list>


<ports>
</ports>


<dataflows>
</dataflows>


</stg>
