<stg><name>AxiStream2Axi</name>


<trans_list>

<trans id="43" from="1" to="2">
<condition id="-1">
<or_exp><and_exp><literal name="icmp_ln878" val="0"/>
</and_exp></or_exp>
</condition>
</trans>

<trans id="44" from="1" to="10">
<condition id="-1">
<or_exp><and_exp><literal name="icmp_ln878" val="1"/>
</and_exp></or_exp>
</condition>
</trans>

<trans id="46" from="2" to="3">
<condition id="-1">
<or_exp><and_exp></and_exp></or_exp>
</condition>
</trans>

<trans id="58" from="3" to="6">
<condition id="-1">
<or_exp><and_exp><literal name="icmp_ln1402" val="1"/>
</and_exp></or_exp>
</condition>
</trans>

<trans id="59" from="3" to="4">
<condition id="-1">
<or_exp><and_exp><literal name="icmp_ln1402" val="0"/>
</and_exp></or_exp>
</condition>
</trans>

<trans id="56" from="4" to="5">
<condition id="-1">
<or_exp><and_exp></and_exp></or_exp>
</condition>
</trans>

<trans id="57" from="5" to="3">
<condition id="-1">
<or_exp><and_exp></and_exp></or_exp>
</condition>
</trans>

<trans id="51" from="6" to="7">
<condition id="-1">
<or_exp><and_exp></and_exp></or_exp>
</condition>
</trans>

<trans id="52" from="7" to="8">
<condition id="-1">
<or_exp><and_exp></and_exp></or_exp>
</condition>
</trans>

<trans id="53" from="8" to="9">
<condition id="-1">
<or_exp><and_exp></and_exp></or_exp>
</condition>
</trans>

<trans id="54" from="9" to="10">
<condition id="-1">
<or_exp><and_exp></and_exp></or_exp>
</condition>
</trans>
</trans_list>



<state_list>

<state id="1" st_id="1">

<operation id="11" st_id="1" stage="1" lat="1">
<core>NULL</core>
<MemPortIdVec></MemPortIdVec>
<condition id="-1">
<or_exp><and_exp></and_exp></or_exp>
</condition>

<Node id="5" bw="24" op_0_bw="24" op_1_bw="24">
<![CDATA[
entry:0 %addrbound_V_read_1 = read i24 @_ssdm_op_Read.ap_auto.i24, i24 %addrbound_V_read

]]></Node>
<StgValue><ssdm name="addrbound_V_read_1"/></StgValue>
</operation>

<operation id="12" st_id="1" stage="1" lat="1">
<core>NULL</core>
<MemPortIdVec></MemPortIdVec>
<condition id="-1">
<or_exp><and_exp></and_exp></or_exp>
</condition>

<Node id="6" bw="0" op_0_bw="0" op_1_bw="32" op_2_bw="0" op_3_bw="32" op_4_bw="32" op_5_bw="0" op_6_bw="32" op_7_bw="32" op_8_bw="0" op_9_bw="0" op_10_bw="0" op_11_bw="32" op_12_bw="32" op_13_bw="32" op_14_bw="32" op_15_bw="0" op_16_bw="0">
<![CDATA[
entry:1 %specinterface_ln0 = specinterface void @_ssdm_op_SpecInterface, i32 %ldata1, void @empty_2, i32 0, i32 0, void @empty_18, i32 0, i32 0, void @empty_18, void @empty_18, void @empty_18, i32 0, i32 0, i32 0, i32 0, void @empty_18, void @empty_18

]]></Node>
<StgValue><ssdm name="specinterface_ln0"/></StgValue>
</operation>

<operation id="13" st_id="1" stage="1" lat="1">
<core>NULL</core>
<MemPortIdVec></MemPortIdVec>
<condition id="-1">
<or_exp><and_exp></and_exp></or_exp>
</condition>

<Node id="7" bw="0" op_0_bw="0" op_1_bw="32" op_2_bw="0" op_3_bw="32" op_4_bw="32" op_5_bw="0" op_6_bw="32" op_7_bw="32" op_8_bw="0" op_9_bw="0" op_10_bw="0" op_11_bw="32" op_12_bw="32" op_13_bw="32" op_14_bw="32" op_15_bw="0" op_16_bw="0">
<![CDATA[
entry:2 %specinterface_ln0 = specinterface void @_ssdm_op_SpecInterface, i32 %gmem3, void @empty_20, i32 0, i32 0, void @empty_18, i32 0, i32 0, void @empty_14, void @empty_1, void @empty_18, i32 16, i32 16, i32 16, i32 16, void @empty_18, void @empty_18

]]></Node>
<StgValue><ssdm name="specinterface_ln0"/></StgValue>
</operation>

<operation id="14" st_id="1" stage="1" lat="1">
<core>NULL</core>
<MemPortIdVec></MemPortIdVec>
<condition id="-1">
<or_exp><and_exp></and_exp></or_exp>
</condition>

<Node id="8" bw="0" op_0_bw="0" op_1_bw="64" op_2_bw="0" op_3_bw="32" op_4_bw="32" op_5_bw="0" op_6_bw="32" op_7_bw="32" op_8_bw="0" op_9_bw="0" op_10_bw="0" op_11_bw="32" op_12_bw="32" op_13_bw="32" op_14_bw="32" op_15_bw="0" op_16_bw="0">
<![CDATA[
entry:3 %specinterface_ln0 = specinterface void @_ssdm_op_SpecInterface, i64 %dout, void @ap_fifo_str, i32 0, i32 0, void @p_str, i32 0, i32 0, void @p_str, void @p_str, void @p_str, i32 2, i32 2, i32 16, i32 16, void @p_str, void @ScalarProp_str

]]></Node>
<StgValue><ssdm name="specinterface_ln0"/></StgValue>
</operation>

<operation id="15" st_id="1" stage="1" lat="1">
<core>FIFO_SRL</core>
<MemPortIdVec></MemPortIdVec>
<condition id="-1">
<or_exp><and_exp></and_exp></or_exp>
</condition>

<Node id="9" bw="64" op_0_bw="64" op_1_bw="64">
<![CDATA[
entry:4 %dout_1 = read i64 @_ssdm_op_Read.ap_fifo.i64P0A, i64 %dout

]]></Node>
<StgValue><ssdm name="dout_1"/></StgValue>
</operation>

<operation id="16" st_id="1" stage="1" lat="1">
<core>NULL</core>
<MemPortIdVec></MemPortIdVec>
<condition id="-1">
<or_exp><and_exp></and_exp></or_exp>
</condition>

<Node id="10" bw="0" op_0_bw="0" op_1_bw="32" op_2_bw="0" op_3_bw="32" op_4_bw="32" op_5_bw="0" op_6_bw="32" op_7_bw="32" op_8_bw="0" op_9_bw="0" op_10_bw="0" op_11_bw="32" op_12_bw="32" op_13_bw="32" op_14_bw="32" op_15_bw="0" op_16_bw="0">
<![CDATA[
entry:5 %specinterface_ln0 = specinterface void @_ssdm_op_SpecInterface, i32 %ldata1, void @empty_2, i32 0, i32 0, void @empty_18, i32 0, i32 0, void @empty_18, void @empty_18, void @empty_18, i32 0, i32 0, i32 0, i32 0, void @empty_18, void @empty_18

]]></Node>
<StgValue><ssdm name="specinterface_ln0"/></StgValue>
</operation>

<operation id="17" st_id="1" stage="1" lat="1">
<core>NULL</core>
<MemPortIdVec></MemPortIdVec>
<condition id="-1">
<or_exp><and_exp></and_exp></or_exp>
</condition>

<Node id="11" bw="0" op_0_bw="0" op_1_bw="32" op_2_bw="0" op_3_bw="32" op_4_bw="32" op_5_bw="0" op_6_bw="32" op_7_bw="32" op_8_bw="0" op_9_bw="0" op_10_bw="0" op_11_bw="32" op_12_bw="32" op_13_bw="32" op_14_bw="32" op_15_bw="0" op_16_bw="0">
<![CDATA[
entry:6 %specinterface_ln0 = specinterface void @_ssdm_op_SpecInterface, i32 %gmem3, void @empty_20, i32 0, i32 0, void @empty_18, i32 0, i32 0, void @empty_14, void @empty_1, void @empty_18, i32 16, i32 16, i32 16, i32 16, void @empty_18, void @empty_18

]]></Node>
<StgValue><ssdm name="specinterface_ln0"/></StgValue>
</operation>

<operation id="18" st_id="1" stage="1" lat="1">
<core>Cmp</core>
<MemPortIdVec></MemPortIdVec>
<condition id="-1">
<or_exp><and_exp></and_exp></or_exp>
</condition>

<Node id="12" bw="1" op_0_bw="24" op_1_bw="24">
<![CDATA[
entry:7 %icmp_ln878 = icmp_eq  i24 %addrbound_V_read_1, i24 0

]]></Node>
<StgValue><ssdm name="icmp_ln878"/></StgValue>
</operation>

<operation id="19" st_id="1" stage="1" lat="1">
<core>NULL</core>
<MemPortIdVec></MemPortIdVec>
<condition id="-1">
<or_exp><and_exp></and_exp></or_exp>
</condition>

<Node id="13" bw="0" op_0_bw="1" op_1_bw="0" op_2_bw="0">
<![CDATA[
entry:8 %br_ln1402 = br i1 %icmp_ln878, void %.lr.ph.i, void %.exit

]]></Node>
<StgValue><ssdm name="br_ln1402"/></StgValue>
</operation>

<operation id="20" st_id="1" stage="1" lat="1">
<core>NULL</core>
<MemPortIdVec></MemPortIdVec>
<condition id="-1">
<or_exp><and_exp><literal name="icmp_ln878" val="0"/>
</and_exp></or_exp>
</condition>

<Node id="15" bw="62" op_0_bw="62" op_1_bw="64" op_2_bw="32" op_3_bw="32">
<![CDATA[
.lr.ph.i:0 %trunc_ln = partselect i62 @_ssdm_op_PartSelect.i62.i64.i32.i32, i64 %dout_1, i32 2, i32 63

]]></Node>
<StgValue><ssdm name="trunc_ln"/></StgValue>
</operation>

<operation id="21" st_id="1" stage="1" lat="1">
<core>NULL</core>
<MemPortIdVec></MemPortIdVec>
<condition id="-1">
<or_exp><and_exp><literal name="icmp_ln878" val="0"/>
</and_exp></or_exp>
</condition>

<Node id="16" bw="64" op_0_bw="62">
<![CDATA[
.lr.ph.i:1 %sext_ln1402 = sext i62 %trunc_ln

]]></Node>
<StgValue><ssdm name="sext_ln1402"/></StgValue>
</operation>

<operation id="22" st_id="1" stage="1" lat="1">
<core>NULL</core>
<MemPortIdVec></MemPortIdVec>
<condition id="-1">
<or_exp><and_exp><literal name="icmp_ln878" val="0"/>
</and_exp></or_exp>
</condition>

<Node id="17" bw="64" op_0_bw="64" op_1_bw="64">
<![CDATA[
.lr.ph.i:2 %gmem3_addr = getelementptr i32 %gmem3, i64 %sext_ln1402

]]></Node>
<StgValue><ssdm name="gmem3_addr"/></StgValue>
</operation>
</state>

<state id="2" st_id="2">

<operation id="23" st_id="2" stage="1" lat="1">
<core>NULL</core>
<MemPortIdVec></MemPortIdVec>
<condition id="-1">
<or_exp><and_exp></and_exp></or_exp>
</condition>

<Node id="18" bw="32" op_0_bw="24">
<![CDATA[
.lr.ph.i:3 %zext_ln1402 = zext i24 %addrbound_V_read_1

]]></Node>
<StgValue><ssdm name="zext_ln1402"/></StgValue>
</operation>

<operation id="24" st_id="2" stage="1" lat="1">
<core>m_axi</core>
<MemPortIdVec></MemPortIdVec>
<condition id="-1">
<or_exp><and_exp></and_exp></or_exp>
</condition>

<Node id="19" bw="1" op_0_bw="1" op_1_bw="32" op_2_bw="32">
<![CDATA[
.lr.ph.i:4 %empty = writereq i1 @_ssdm_op_WriteReq.m_axi.p1i32, i64 %gmem3_addr, i32 %zext_ln1402

]]></Node>
<StgValue><ssdm name="empty"/></StgValue>
</operation>

<operation id="25" st_id="2" stage="1" lat="1">
<core>NULL</core>
<MemPortIdVec></MemPortIdVec>
<condition id="-1">
<or_exp><and_exp></and_exp></or_exp>
</condition>

<Node id="20" bw="0" op_0_bw="0">
<![CDATA[
.lr.ph.i:5 %br_ln1402 = br void

]]></Node>
<StgValue><ssdm name="br_ln1402"/></StgValue>
</operation>
</state>

<state id="3" st_id="3">

<operation id="26" st_id="3" stage="1" lat="1">
<core>NULL</core>
<MemPortIdVec></MemPortIdVec>
<condition id="-1">
<or_exp><and_exp></and_exp></or_exp>
</condition>

<Node id="22" bw="24" op_0_bw="24" op_1_bw="0" op_2_bw="24" op_3_bw="0">
<![CDATA[
:0 %i_V = phi i24 0, void %.lr.ph.i, i24 %i_V_1, void %.split.i

]]></Node>
<StgValue><ssdm name="i_V"/></StgValue>
</operation>

<operation id="27" st_id="3" stage="1" lat="1">
<core>Adder</core>
<MemPortIdVec></MemPortIdVec>
<condition id="-1">
<or_exp><and_exp></and_exp></or_exp>
</condition>

<Node id="23" bw="24" op_0_bw="24" op_1_bw="24">
<![CDATA[
:1 %i_V_1 = add i24 %i_V, i24 1

]]></Node>
<StgValue><ssdm name="i_V_1"/></StgValue>
</operation>

<operation id="28" st_id="3" stage="1" lat="1">
<core>Cmp</core>
<MemPortIdVec></MemPortIdVec>
<condition id="-1">
<or_exp><and_exp></and_exp></or_exp>
</condition>

<Node id="24" bw="1" op_0_bw="24" op_1_bw="24">
<![CDATA[
:2 %icmp_ln1402 = icmp_eq  i24 %i_V, i24 %addrbound_V_read_1

]]></Node>
<StgValue><ssdm name="icmp_ln1402"/></StgValue>
</operation>

<operation id="29" st_id="3" stage="1" lat="1">
<core>NULL</core>
<MemPortIdVec></MemPortIdVec>
<condition id="-1">
<or_exp><and_exp></and_exp></or_exp>
</condition>

<Node id="25" bw="0" op_0_bw="1" op_1_bw="0" op_2_bw="0">
<![CDATA[
:3 %br_ln1402 = br i1 %icmp_ln1402, void %.split.i, void %._crit_edge.loopexit.i

]]></Node>
<StgValue><ssdm name="br_ln1402"/></StgValue>
</operation>
</state>

<state id="4" st_id="4">

<operation id="30" st_id="4" stage="1" lat="1">
<core>FIFO_SRL</core>
<MemPortIdVec></MemPortIdVec>
<condition id="-1">
<or_exp><and_exp><literal name="icmp_ln1402" val="0"/>
</and_exp></or_exp>
</condition>

<Node id="30" bw="32" op_0_bw="32" op_1_bw="32">
<![CDATA[
.split.i:3 %tmp = read i32 @_ssdm_op_Read.ap_fifo.volatile.i32P0A, i32 %ldata1

]]></Node>
<StgValue><ssdm name="tmp"/></StgValue>
</operation>
</state>

<state id="5" st_id="5">

<operation id="31" st_id="5" stage="1" lat="1">
<core>NULL</core>
<MemPortIdVec></MemPortIdVec>
<condition id="-1">
<or_exp><and_exp><literal name="icmp_ln1402" val="0"/>
</and_exp></or_exp>
</condition>

<Node id="27" bw="0" op_0_bw="0" op_1_bw="32" op_2_bw="32" op_3_bw="32" op_4_bw="32" op_5_bw="0">
<![CDATA[
.split.i:0 %specpipeline_ln1399 = specpipeline void @_ssdm_op_SpecPipeline, i32 4294967295, i32 0, i32 0, i32 0, void @empty_18

]]></Node>
<StgValue><ssdm name="specpipeline_ln1399"/></StgValue>
</operation>

<operation id="32" st_id="5" stage="1" lat="1">
<core>NULL</core>
<MemPortIdVec></MemPortIdVec>
<condition id="-1">
<or_exp><and_exp><literal name="icmp_ln1402" val="0"/>
</and_exp></or_exp>
</condition>

<Node id="28" bw="0" op_0_bw="0" op_1_bw="64" op_2_bw="64" op_3_bw="64">
<![CDATA[
.split.i:1 %speclooptripcount_ln1399 = speclooptripcount void @_ssdm_op_SpecLoopTripCount, i64 1, i64 6220800, i64 3110400

]]></Node>
<StgValue><ssdm name="speclooptripcount_ln1399"/></StgValue>
</operation>

<operation id="33" st_id="5" stage="1" lat="1">
<core>NULL</core>
<MemPortIdVec></MemPortIdVec>
<condition id="-1">
<or_exp><and_exp><literal name="icmp_ln1402" val="0"/>
</and_exp></or_exp>
</condition>

<Node id="29" bw="0" op_0_bw="0" op_1_bw="0">
<![CDATA[
.split.i:2 %specloopname_ln1399 = specloopname void @_ssdm_op_SpecLoopName, void @empty_15

]]></Node>
<StgValue><ssdm name="specloopname_ln1399"/></StgValue>
</operation>

<operation id="34" st_id="5" stage="1" lat="1">
<core>m_axi</core>
<MemPortIdVec></MemPortIdVec>
<condition id="-1">
<or_exp><and_exp><literal name="icmp_ln1402" val="0"/>
</and_exp></or_exp>
</condition>

<Node id="31" bw="0" op_0_bw="0" op_1_bw="32" op_2_bw="32" op_3_bw="4" op_4_bw="0">
<![CDATA[
.split.i:4 %write_ln1407 = write void @_ssdm_op_Write.m_axi.p1i32, i64 %gmem3_addr, i32 %tmp, i4 15

]]></Node>
<StgValue><ssdm name="write_ln1407"/></StgValue>
</operation>

<operation id="35" st_id="5" stage="1" lat="1">
<core>NULL</core>
<MemPortIdVec></MemPortIdVec>
<condition id="-1">
<or_exp><and_exp><literal name="icmp_ln1402" val="0"/>
</and_exp></or_exp>
</condition>

<Node id="32" bw="0" op_0_bw="0">
<![CDATA[
.split.i:5 %br_ln0 = br void

]]></Node>
<StgValue><ssdm name="br_ln0"/></StgValue>
</operation>
</state>

<state id="6" st_id="6">

<operation id="36" st_id="6" stage="5" lat="5">
<core>m_axi</core>
<MemPortIdVec></MemPortIdVec>
<condition id="-1">
<or_exp><and_exp></and_exp></or_exp>
</condition>

<Node id="34" bw="1" op_0_bw="1" op_1_bw="32">
<![CDATA[
._crit_edge.loopexit.i:0 %empty_80 = writeresp i1 @_ssdm_op_WriteResp.m_axi.p1i32, i64 %gmem3_addr

]]></Node>
<StgValue><ssdm name="empty_80"/></StgValue>
</operation>
</state>

<state id="7" st_id="7">

<operation id="37" st_id="7" stage="4" lat="5">
<core>m_axi</core>
<MemPortIdVec></MemPortIdVec>
<condition id="-1">
<or_exp><and_exp></and_exp></or_exp>
</condition>

<Node id="34" bw="1" op_0_bw="1" op_1_bw="32">
<![CDATA[
._crit_edge.loopexit.i:0 %empty_80 = writeresp i1 @_ssdm_op_WriteResp.m_axi.p1i32, i64 %gmem3_addr

]]></Node>
<StgValue><ssdm name="empty_80"/></StgValue>
</operation>
</state>

<state id="8" st_id="8">

<operation id="38" st_id="8" stage="3" lat="5">
<core>m_axi</core>
<MemPortIdVec></MemPortIdVec>
<condition id="-1">
<or_exp><and_exp></and_exp></or_exp>
</condition>

<Node id="34" bw="1" op_0_bw="1" op_1_bw="32">
<![CDATA[
._crit_edge.loopexit.i:0 %empty_80 = writeresp i1 @_ssdm_op_WriteResp.m_axi.p1i32, i64 %gmem3_addr

]]></Node>
<StgValue><ssdm name="empty_80"/></StgValue>
</operation>
</state>

<state id="9" st_id="9">

<operation id="39" st_id="9" stage="2" lat="5">
<core>m_axi</core>
<MemPortIdVec></MemPortIdVec>
<condition id="-1">
<or_exp><and_exp></and_exp></or_exp>
</condition>

<Node id="34" bw="1" op_0_bw="1" op_1_bw="32">
<![CDATA[
._crit_edge.loopexit.i:0 %empty_80 = writeresp i1 @_ssdm_op_WriteResp.m_axi.p1i32, i64 %gmem3_addr

]]></Node>
<StgValue><ssdm name="empty_80"/></StgValue>
</operation>
</state>

<state id="10" st_id="10">

<operation id="40" st_id="10" stage="1" lat="5">
<core>m_axi</core>
<MemPortIdVec></MemPortIdVec>
<condition id="-1">
<or_exp><and_exp><literal name="icmp_ln878" val="0"/>
</and_exp></or_exp>
</condition>

<Node id="34" bw="1" op_0_bw="1" op_1_bw="32">
<![CDATA[
._crit_edge.loopexit.i:0 %empty_80 = writeresp i1 @_ssdm_op_WriteResp.m_axi.p1i32, i64 %gmem3_addr

]]></Node>
<StgValue><ssdm name="empty_80"/></StgValue>
</operation>

<operation id="41" st_id="10" stage="1" lat="1">
<core>NULL</core>
<MemPortIdVec></MemPortIdVec>
<condition id="-1">
<or_exp><and_exp><literal name="icmp_ln878" val="0"/>
</and_exp></or_exp>
</condition>

<Node id="35" bw="0" op_0_bw="0">
<![CDATA[
._crit_edge.loopexit.i:1 %br_ln1409 = br void %.exit

]]></Node>
<StgValue><ssdm name="br_ln1409"/></StgValue>
</operation>

<operation id="42" st_id="10" stage="1" lat="1">
<core>NULL</core>
<MemPortIdVec></MemPortIdVec>
<condition id="-1">
<or_exp><and_exp></and_exp></or_exp>
</condition>

<Node id="37" bw="0">
<![CDATA[
.exit:0 %ret_ln301 = ret

]]></Node>
<StgValue><ssdm name="ret_ln301"/></StgValue>
</operation>
</state>
</state_list>


<ports>
<port id="60" name="ldata1" dir="0" iftype="3">
<core>FIFO_SRL</core><StgValue><ssdm name="ldata1"/></StgValue>
</port>
<port id="61" name="gmem3" dir="1" iftype="4">
<core>NULL</core><StgValue><ssdm name="gmem3"/></StgValue>
</port>
<port id="62" name="dout" dir="0" iftype="3">
<core>FIFO_SRL</core><StgValue><ssdm name="dout"/></StgValue>
</port>
<port id="63" name="addrbound_V_read" dir="0" iftype="0">
<core>NULL</core><StgValue><ssdm name="addrbound_V_read"/></StgValue>
</port>
</ports>


<dataflows>
<dataflow id="65" from="_ssdm_op_Read.ap_auto.i24" to="addrbound_V_read_1" fromId="64" toId="11">
</dataflow>
<dataflow id="66" from="addrbound_V_read" to="addrbound_V_read_1" fromId="63" toId="11">
</dataflow>
<dataflow id="68" from="_ssdm_op_SpecInterface" to="specinterface_ln0" fromId="67" toId="12">
</dataflow>
<dataflow id="69" from="ldata1" to="specinterface_ln0" fromId="60" toId="12">
</dataflow>
<dataflow id="71" from="empty_2" to="specinterface_ln0" fromId="70" toId="12">
</dataflow>
<dataflow id="73" from="StgValue_72" to="specinterface_ln0" fromId="72" toId="12">
</dataflow>
<dataflow id="74" from="StgValue_72" to="specinterface_ln0" fromId="72" toId="12">
</dataflow>
<dataflow id="76" from="empty_18" to="specinterface_ln0" fromId="75" toId="12">
</dataflow>
<dataflow id="77" from="StgValue_72" to="specinterface_ln0" fromId="72" toId="12">
</dataflow>
<dataflow id="78" from="StgValue_72" to="specinterface_ln0" fromId="72" toId="12">
</dataflow>
<dataflow id="79" from="empty_18" to="specinterface_ln0" fromId="75" toId="12">
</dataflow>
<dataflow id="80" from="empty_18" to="specinterface_ln0" fromId="75" toId="12">
</dataflow>
<dataflow id="81" from="empty_18" to="specinterface_ln0" fromId="75" toId="12">
</dataflow>
<dataflow id="82" from="StgValue_72" to="specinterface_ln0" fromId="72" toId="12">
</dataflow>
<dataflow id="83" from="StgValue_72" to="specinterface_ln0" fromId="72" toId="12">
</dataflow>
<dataflow id="84" from="StgValue_72" to="specinterface_ln0" fromId="72" toId="12">
</dataflow>
<dataflow id="85" from="StgValue_72" to="specinterface_ln0" fromId="72" toId="12">
</dataflow>
<dataflow id="86" from="empty_18" to="specinterface_ln0" fromId="75" toId="12">
</dataflow>
<dataflow id="87" from="empty_18" to="specinterface_ln0" fromId="75" toId="12">
</dataflow>
<dataflow id="88" from="_ssdm_op_SpecInterface" to="specinterface_ln0" fromId="67" toId="13">
</dataflow>
<dataflow id="89" from="gmem3" to="specinterface_ln0" fromId="61" toId="13">
</dataflow>
<dataflow id="91" from="empty_20" to="specinterface_ln0" fromId="90" toId="13">
</dataflow>
<dataflow id="92" from="StgValue_72" to="specinterface_ln0" fromId="72" toId="13">
</dataflow>
<dataflow id="93" from="StgValue_72" to="specinterface_ln0" fromId="72" toId="13">
</dataflow>
<dataflow id="94" from="empty_18" to="specinterface_ln0" fromId="75" toId="13">
</dataflow>
<dataflow id="95" from="StgValue_72" to="specinterface_ln0" fromId="72" toId="13">
</dataflow>
<dataflow id="96" from="StgValue_72" to="specinterface_ln0" fromId="72" toId="13">
</dataflow>
<dataflow id="98" from="empty_14" to="specinterface_ln0" fromId="97" toId="13">
</dataflow>
<dataflow id="100" from="empty_1" to="specinterface_ln0" fromId="99" toId="13">
</dataflow>
<dataflow id="101" from="empty_18" to="specinterface_ln0" fromId="75" toId="13">
</dataflow>
<dataflow id="103" from="StgValue_102" to="specinterface_ln0" fromId="102" toId="13">
</dataflow>
<dataflow id="104" from="StgValue_102" to="specinterface_ln0" fromId="102" toId="13">
</dataflow>
<dataflow id="105" from="StgValue_102" to="specinterface_ln0" fromId="102" toId="13">
</dataflow>
<dataflow id="106" from="StgValue_102" to="specinterface_ln0" fromId="102" toId="13">
</dataflow>
<dataflow id="107" from="empty_18" to="specinterface_ln0" fromId="75" toId="13">
</dataflow>
<dataflow id="108" from="empty_18" to="specinterface_ln0" fromId="75" toId="13">
</dataflow>
<dataflow id="109" from="_ssdm_op_SpecInterface" to="specinterface_ln0" fromId="67" toId="14">
</dataflow>
<dataflow id="110" from="dout" to="specinterface_ln0" fromId="62" toId="14">
</dataflow>
<dataflow id="112" from="ap_fifo_str" to="specinterface_ln0" fromId="111" toId="14">
</dataflow>
<dataflow id="113" from="StgValue_72" to="specinterface_ln0" fromId="72" toId="14">
</dataflow>
<dataflow id="114" from="StgValue_72" to="specinterface_ln0" fromId="72" toId="14">
</dataflow>
<dataflow id="116" from="p_str" to="specinterface_ln0" fromId="115" toId="14">
</dataflow>
<dataflow id="117" from="StgValue_72" to="specinterface_ln0" fromId="72" toId="14">
</dataflow>
<dataflow id="118" from="StgValue_72" to="specinterface_ln0" fromId="72" toId="14">
</dataflow>
<dataflow id="119" from="p_str" to="specinterface_ln0" fromId="115" toId="14">
</dataflow>
<dataflow id="120" from="p_str" to="specinterface_ln0" fromId="115" toId="14">
</dataflow>
<dataflow id="121" from="p_str" to="specinterface_ln0" fromId="115" toId="14">
</dataflow>
<dataflow id="123" from="StgValue_122" to="specinterface_ln0" fromId="122" toId="14">
</dataflow>
<dataflow id="124" from="StgValue_122" to="specinterface_ln0" fromId="122" toId="14">
</dataflow>
<dataflow id="125" from="StgValue_102" to="specinterface_ln0" fromId="102" toId="14">
</dataflow>
<dataflow id="126" from="StgValue_102" to="specinterface_ln0" fromId="102" toId="14">
</dataflow>
<dataflow id="127" from="p_str" to="specinterface_ln0" fromId="115" toId="14">
</dataflow>
<dataflow id="129" from="ScalarProp_str" to="specinterface_ln0" fromId="128" toId="14">
</dataflow>
<dataflow id="131" from="_ssdm_op_Read.ap_fifo.i64P0A" to="dout_1" fromId="130" toId="15">
</dataflow>
<dataflow id="132" from="dout" to="dout_1" fromId="62" toId="15">
</dataflow>
<dataflow id="133" from="_ssdm_op_SpecInterface" to="specinterface_ln0" fromId="67" toId="16">
</dataflow>
<dataflow id="134" from="ldata1" to="specinterface_ln0" fromId="60" toId="16">
</dataflow>
<dataflow id="135" from="empty_2" to="specinterface_ln0" fromId="70" toId="16">
</dataflow>
<dataflow id="136" from="StgValue_72" to="specinterface_ln0" fromId="72" toId="16">
</dataflow>
<dataflow id="137" from="StgValue_72" to="specinterface_ln0" fromId="72" toId="16">
</dataflow>
<dataflow id="138" from="empty_18" to="specinterface_ln0" fromId="75" toId="16">
</dataflow>
<dataflow id="139" from="StgValue_72" to="specinterface_ln0" fromId="72" toId="16">
</dataflow>
<dataflow id="140" from="StgValue_72" to="specinterface_ln0" fromId="72" toId="16">
</dataflow>
<dataflow id="141" from="empty_18" to="specinterface_ln0" fromId="75" toId="16">
</dataflow>
<dataflow id="142" from="empty_18" to="specinterface_ln0" fromId="75" toId="16">
</dataflow>
<dataflow id="143" from="empty_18" to="specinterface_ln0" fromId="75" toId="16">
</dataflow>
<dataflow id="144" from="StgValue_72" to="specinterface_ln0" fromId="72" toId="16">
</dataflow>
<dataflow id="145" from="StgValue_72" to="specinterface_ln0" fromId="72" toId="16">
</dataflow>
<dataflow id="146" from="StgValue_72" to="specinterface_ln0" fromId="72" toId="16">
</dataflow>
<dataflow id="147" from="StgValue_72" to="specinterface_ln0" fromId="72" toId="16">
</dataflow>
<dataflow id="148" from="empty_18" to="specinterface_ln0" fromId="75" toId="16">
</dataflow>
<dataflow id="149" from="empty_18" to="specinterface_ln0" fromId="75" toId="16">
</dataflow>
<dataflow id="150" from="_ssdm_op_SpecInterface" to="specinterface_ln0" fromId="67" toId="17">
</dataflow>
<dataflow id="151" from="gmem3" to="specinterface_ln0" fromId="61" toId="17">
</dataflow>
<dataflow id="152" from="empty_20" to="specinterface_ln0" fromId="90" toId="17">
</dataflow>
<dataflow id="153" from="StgValue_72" to="specinterface_ln0" fromId="72" toId="17">
</dataflow>
<dataflow id="154" from="StgValue_72" to="specinterface_ln0" fromId="72" toId="17">
</dataflow>
<dataflow id="155" from="empty_18" to="specinterface_ln0" fromId="75" toId="17">
</dataflow>
<dataflow id="156" from="StgValue_72" to="specinterface_ln0" fromId="72" toId="17">
</dataflow>
<dataflow id="157" from="StgValue_72" to="specinterface_ln0" fromId="72" toId="17">
</dataflow>
<dataflow id="158" from="empty_14" to="specinterface_ln0" fromId="97" toId="17">
</dataflow>
<dataflow id="159" from="empty_1" to="specinterface_ln0" fromId="99" toId="17">
</dataflow>
<dataflow id="160" from="empty_18" to="specinterface_ln0" fromId="75" toId="17">
</dataflow>
<dataflow id="161" from="StgValue_102" to="specinterface_ln0" fromId="102" toId="17">
</dataflow>
<dataflow id="162" from="StgValue_102" to="specinterface_ln0" fromId="102" toId="17">
</dataflow>
<dataflow id="163" from="StgValue_102" to="specinterface_ln0" fromId="102" toId="17">
</dataflow>
<dataflow id="164" from="StgValue_102" to="specinterface_ln0" fromId="102" toId="17">
</dataflow>
<dataflow id="165" from="empty_18" to="specinterface_ln0" fromId="75" toId="17">
</dataflow>
<dataflow id="166" from="empty_18" to="specinterface_ln0" fromId="75" toId="17">
</dataflow>
<dataflow id="167" from="addrbound_V_read_1" to="icmp_ln878" fromId="11" toId="18">
</dataflow>
<dataflow id="169" from="StgValue_168" to="icmp_ln878" fromId="168" toId="18">
</dataflow>
<dataflow id="170" from="icmp_ln878" to="br_ln1402" fromId="18" toId="19">
</dataflow>
<dataflow id="172" from="_ssdm_op_PartSelect.i62.i64.i32.i32" to="trunc_ln" fromId="171" toId="20">
</dataflow>
<dataflow id="173" from="dout_1" to="trunc_ln" fromId="15" toId="20">
</dataflow>
<dataflow id="174" from="StgValue_122" to="trunc_ln" fromId="122" toId="20">
</dataflow>
<dataflow id="176" from="StgValue_175" to="trunc_ln" fromId="175" toId="20">
</dataflow>
<dataflow id="177" from="trunc_ln" to="sext_ln1402" fromId="20" toId="21">
</dataflow>
<dataflow id="178" from="gmem3" to="gmem3_addr" fromId="61" toId="22">
</dataflow>
<dataflow id="179" from="sext_ln1402" to="gmem3_addr" fromId="21" toId="22">
</dataflow>
<dataflow id="180" from="addrbound_V_read_1" to="zext_ln1402" fromId="11" toId="23">
</dataflow>
<dataflow id="182" from="_ssdm_op_WriteReq.m_axi.p1i32" to="empty" fromId="181" toId="24">
</dataflow>
<dataflow id="183" from="gmem3_addr" to="empty" fromId="22" toId="24">
</dataflow>
<dataflow id="184" from="zext_ln1402" to="empty" fromId="23" toId="24">
</dataflow>
<dataflow id="185" from="StgValue_168" to="i_V" fromId="168" toId="26">
<condition id="-1">
<or_exp><and_exp></and_exp></or_exp>
</condition>
</dataflow>
<dataflow id="186" from="br_ln1402" to="i_V" fromId="25" toId="26">
</dataflow>
<dataflow id="187" from="i_V_1" to="i_V" fromId="27" toId="26">
<BackEdge/>
<condition id="-1">
<or_exp><and_exp><literal name="icmp_ln1402" val="0"/>
</and_exp></or_exp>
</condition>
</dataflow>
<dataflow id="188" from="br_ln0" to="i_V" fromId="35" toId="26">
<BackEdge/>
</dataflow>
<dataflow id="189" from="i_V" to="i_V_1" fromId="26" toId="27">
</dataflow>
<dataflow id="191" from="StgValue_190" to="i_V_1" fromId="190" toId="27">
</dataflow>
<dataflow id="192" from="i_V" to="icmp_ln1402" fromId="26" toId="28">
</dataflow>
<dataflow id="193" from="addrbound_V_read_1" to="icmp_ln1402" fromId="11" toId="28">
</dataflow>
<dataflow id="194" from="icmp_ln1402" to="br_ln1402" fromId="28" toId="29">
</dataflow>
<dataflow id="196" from="_ssdm_op_Read.ap_fifo.volatile.i32P0A" to="tmp" fromId="195" toId="30">
</dataflow>
<dataflow id="197" from="ldata1" to="tmp" fromId="60" toId="30">
</dataflow>
<dataflow id="199" from="_ssdm_op_SpecPipeline" to="specpipeline_ln1399" fromId="198" toId="31">
</dataflow>
<dataflow id="201" from="StgValue_200" to="specpipeline_ln1399" fromId="200" toId="31">
</dataflow>
<dataflow id="202" from="StgValue_72" to="specpipeline_ln1399" fromId="72" toId="31">
</dataflow>
<dataflow id="203" from="StgValue_72" to="specpipeline_ln1399" fromId="72" toId="31">
</dataflow>
<dataflow id="204" from="StgValue_72" to="specpipeline_ln1399" fromId="72" toId="31">
</dataflow>
<dataflow id="205" from="empty_18" to="specpipeline_ln1399" fromId="75" toId="31">
</dataflow>
<dataflow id="207" from="_ssdm_op_SpecLoopTripCount" to="speclooptripcount_ln1399" fromId="206" toId="32">
</dataflow>
<dataflow id="209" from="StgValue_208" to="speclooptripcount_ln1399" fromId="208" toId="32">
</dataflow>
<dataflow id="211" from="StgValue_210" to="speclooptripcount_ln1399" fromId="210" toId="32">
</dataflow>
<dataflow id="213" from="StgValue_212" to="speclooptripcount_ln1399" fromId="212" toId="32">
</dataflow>
<dataflow id="215" from="_ssdm_op_SpecLoopName" to="specloopname_ln1399" fromId="214" toId="33">
</dataflow>
<dataflow id="217" from="empty_15" to="specloopname_ln1399" fromId="216" toId="33">
</dataflow>
<dataflow id="219" from="_ssdm_op_Write.m_axi.p1i32" to="write_ln1407" fromId="218" toId="34">
</dataflow>
<dataflow id="220" from="gmem3_addr" to="write_ln1407" fromId="22" toId="34">
</dataflow>
<dataflow id="221" from="tmp" to="write_ln1407" fromId="30" toId="34">
</dataflow>
<dataflow id="223" from="StgValue_222" to="write_ln1407" fromId="222" toId="34">
</dataflow>
<dataflow id="225" from="_ssdm_op_WriteResp.m_axi.p1i32" to="empty_80" fromId="224" toId="36">
</dataflow>
<dataflow id="226" from="gmem3_addr" to="empty_80" fromId="22" toId="36">
</dataflow>
<dataflow id="227" from="_ssdm_op_WriteResp.m_axi.p1i32" to="empty_80" fromId="224" toId="37">
</dataflow>
<dataflow id="228" from="gmem3_addr" to="empty_80" fromId="22" toId="37">
</dataflow>
<dataflow id="229" from="_ssdm_op_WriteResp.m_axi.p1i32" to="empty_80" fromId="224" toId="38">
</dataflow>
<dataflow id="230" from="gmem3_addr" to="empty_80" fromId="22" toId="38">
</dataflow>
<dataflow id="231" from="_ssdm_op_WriteResp.m_axi.p1i32" to="empty_80" fromId="224" toId="39">
</dataflow>
<dataflow id="232" from="gmem3_addr" to="empty_80" fromId="22" toId="39">
</dataflow>
<dataflow id="233" from="_ssdm_op_WriteResp.m_axi.p1i32" to="empty_80" fromId="224" toId="40">
</dataflow>
<dataflow id="234" from="gmem3_addr" to="empty_80" fromId="22" toId="40">
</dataflow>
<dataflow id="235" from="icmp_ln878" to="StgValue_1" fromId="18" toId="1">
</dataflow>
<dataflow id="236" from="icmp_ln1402" to="StgValue_4" fromId="28" toId="4">
</dataflow>
<dataflow id="237" from="icmp_ln1402" to="StgValue_5" fromId="28" toId="5">
</dataflow>
<dataflow id="238" from="icmp_ln878" to="StgValue_10" fromId="18" toId="10">
</dataflow>
<dataflow id="239" from="icmp_ln1402" to="StgValue_3" fromId="28" toId="3">
</dataflow>
</dataflows>


</stg>
