<profile>

<section name = "Vitis HLS Report for 'AxiStream2MatStream'" level="0">
<item name = "Date">Fri Jul 16 11:50:31 2021
</item>
<item name = "Version">2020.2 (Build 3064766 on Wed Nov 18 09:12:45 MST 2020)</item>
<item name = "Project">addWeighted</item>
<item name = "Solution">solution1 (Vivado IP Flow Target)</item>
<item name = "Product family">zynq</item>
<item name = "Target device">xc7z020-clg400-1</item>
</section>

<section name = "Performance Estimates" level="0">
<item name = "Timing">
<section name = "" level="1">
<item name = "Summary"><table name="" hasTotal="0">
<keys size="4">Clock, Target, Estimated, Uncertainty</keys>
<column name="ap_clk">10.00 ns, 6.912 ns, 2.70 ns</column>
</table>
</item>
</section>
</item>
<item name = "Latency">
<section name = "" level="1">
<item name = "Summary"><table name="" hasTotal="0">
<keys size="8">, min, max, min, max, min, max, Type</keys>
<column name="">8, 8294407, 80.000 ns, 82.944 ms, 8, 8294407, none</column>
</table>
</item>
<item name = "Detail">
<section name = "" level="1">
<item name = "Instance"><table name="" hasTotal="0">
<keys size="9">Instance, Module, min, max, min, max, min, max, Type</keys>
</table>
</item>
<item name = "Loop"><table name="" hasTotal="0">
<keys size="8">Loop Name, min, max, Latency, achieved, target, Count, Pipelined</keys>
<column name="- MMIterInLoopRow">4, 8294403, 5, 1, 1, 1 ~ 8294400, yes</column>
</table>
</item>
</section>
</item>
</section>
</item>
</section>

<section name = "Utilization Estimates" level="0">
<item name = "Summary"><table name="" hasTotal="1">
<keys size="6">Name, BRAM_18K, DSP, FF, LUT, URAM</keys>
<column name="DSP">-, -, -, -, -</column>
<column name="Expression">-, -, 0, 1957, -</column>
<column name="FIFO">-, -, -, -, -</column>
<column name="Instance">-, 0, 165, 50, -</column>
<column name="Memory">-, -, -, -, -</column>
<column name="Multiplexer">-, -, -, 158, -</column>
<column name="Register">-, -, 846, 128, -</column>
<specialColumn name="Available">280, 220, 106400, 53200, 0</specialColumn>
<specialColumn name="Utilization (%)">0, 0, ~0, 4, 0</specialColumn>
</table>
</item>
<item name = "Detail">
<section name = "" level="1">
<item name = "Instance"><table name="" hasTotal="1">
<keys size="7">Instance, Module, BRAM_18K, DSP, FF, LUT, URAM</keys>
<column name="mul_32s_32s_32_2_1_U38">mul_32s_32s_32_2_1, 0, 0, 165, 50, 0</column>
</table>
</item>
<item name = "DSP"><table name="" hasTotal="0">
<keys size="3">Instance, Module, Expression</keys>
</table>
</item>
<item name = "Memory"><table name="" hasTotal="1">
<keys size="10">Memory, Module, BRAM_18K, FF, LUT, URAM, Words, Bits, Banks, W*Bits*Banks</keys>
</table>
</item>
<item name = "FIFO"><table name="" hasTotal="1">
<keys size="8">Name, BRAM_18K, FF, LUT, URAM, Depth, Bits, Size:D*B</keys>
</table>
</item>
<item name = "Expression"><table name="" hasTotal="1">
<keys size="7">Variable Name, Operation, DSP, FF, LUT, Bitwidth P0, Bitwidth P1</keys>
<column name="add_ln1073_fu_214_p2">+, 0, 0, 38, 31, 1</column>
<column name="add_ln1090_fu_388_p2">+, 0, 0, 14, 6, 2</column>
<column name="add_ln1093_fu_208_p2">+, 0, 0, 14, 6, 5</column>
<column name="add_ln1105_fu_239_p2">+, 0, 0, 39, 32, 1</column>
<column name="add_ln674_1_fu_408_p2">+, 0, 0, 7, 6, 5</column>
<column name="add_ln674_fu_490_p2">+, 0, 0, 14, 6, 6</column>
<column name="rem_1_fu_428_p2">+, 0, 0, 39, 32, 32</column>
<column name="sub_i_fu_197_p2">+, 0, 0, 39, 32, 2</column>
<column name="grp_fu_166_p2">-, 0, 0, 39, 6, 32</column>
<column name="grp_fu_171_p2">-, 0, 0, 14, 5, 6</column>
<column name="rem_2_fu_347_p2">-, 0, 0, 39, 32, 32</column>
<column name="sub4_i_fu_202_p2">-, 0, 0, 14, 7, 6</column>
<column name="sub_ln1093_fu_301_p2">-, 0, 0, 39, 32, 32</column>
<column name="sub_ln414_1_fu_536_p2">-, 0, 0, 13, 5, 5</column>
<column name="sub_ln414_2_fu_551_p2">-, 0, 0, 13, 5, 5</column>
<column name="sub_ln414_fu_531_p2">-, 0, 0, 13, 5, 5</column>
<column name="sub_ln674_2_fu_515_p2">-, 0, 0, 14, 5, 6</column>
<column name="sub_ln674_3_fu_402_p2">-, 0, 0, 7, 6, 6</column>
<column name="sub_ln674_4_fu_321_p2">-, 0, 0, 14, 6, 6</column>
<column name="sub_ln674_5_fu_452_p2">-, 0, 0, 14, 5, 6</column>
<column name="sub_ln674_6_fu_327_p2">-, 0, 0, 14, 6, 6</column>
<column name="sub_ln674_7_fu_341_p2">-, 0, 0, 14, 5, 6</column>
<column name="sub_ln674_8_fu_718_p2">-, 0, 0, 13, 5, 5</column>
<column name="and_ln414_1_fu_701_p2">and, 0, 0, 24, 24, 24</column>
<column name="and_ln414_2_fu_707_p2">and, 0, 0, 24, 24, 24</column>
<column name="and_ln414_fu_577_p2">and, 0, 0, 24, 24, 24</column>
<column name="ap_block_state6_pp0_stage0_iter2">and, 0, 0, 2, 1, 1</column>
<column name="ap_block_state8_pp0_stage0_iter4">and, 0, 0, 2, 1, 1</column>
<column name="ap_predicate_op103_read_state6">and, 0, 0, 2, 1, 1</column>
<column name="imgInput1_434_din">and, 0, 0, 24, 24, 24</column>
<column name="p_Result_1_fu_633_p2">and, 0, 0, 24, 24, 24</column>
<column name="p_Result_2_fu_655_p2">and, 0, 0, 32, 32, 32</column>
<column name="p_Result_4_fu_597_p2">and, 0, 0, 32, 32, 32</column>
<column name="p_Result_s_fu_615_p2">and, 0, 0, 32, 32, 32</column>
<column name="bLast_fu_229_p2">icmp, 0, 0, 18, 32, 32</column>
<column name="icmp_ln1073_fu_224_p2">icmp, 0, 0, 18, 32, 32</column>
<column name="icmp_ln1084_fu_285_p2">icmp, 0, 0, 18, 32, 32</column>
<column name="icmp_ln1085_fu_358_p2">icmp, 0, 0, 18, 32, 1</column>
<column name="icmp_ln1104_fu_234_p2">icmp, 0, 0, 18, 32, 32</column>
<column name="icmp_ln414_fu_414_p2">icmp, 0, 0, 18, 32, 32</column>
<column name="icmp_ln674_1_fu_307_p2">icmp, 0, 0, 18, 32, 32</column>
<column name="icmp_ln674_fu_378_p2">icmp, 0, 0, 16, 27, 1</column>
<column name="lshr_ln414_1_fu_571_p2">lshr, 0, 0, 67, 2, 24</column>
<column name="lshr_ln414_fu_627_p2">lshr, 0, 0, 67, 2, 24</column>
<column name="lshr_ln674_1_fu_609_p2">lshr, 0, 0, 100, 2, 32</column>
<column name="lshr_ln674_2_fu_649_p2">lshr, 0, 0, 100, 2, 32</column>
<column name="lshr_ln674_3_fu_474_p2">lshr, 0, 0, 100, 32, 32</column>
<column name="lshr_ln674_4_fu_591_p2">lshr, 0, 0, 100, 2, 32</column>
<column name="lshr_ln674_5_fu_726_p2">lshr, 0, 0, 67, 2, 24</column>
<column name="lshr_ln674_fu_525_p2">lshr, 0, 0, 100, 32, 32</column>
<column name="ap_block_pp0_stage0_01001">or, 0, 0, 2, 1, 1</column>
<column name="ap_block_state1">or, 0, 0, 2, 1, 1</column>
<column name="p_Result_3_fu_712_p2">or, 0, 0, 24, 24, 24</column>
<column name="j_2_fu_245_p3">select, 0, 0, 32, 1, 1</column>
<column name="localbuffer_V_fu_639_p3">select, 0, 0, 24, 1, 1</column>
<column name="ptr_width_minus_fu_275_p3">select, 0, 0, 6, 1, 6</column>
<column name="select_ln1078_fu_732_p3">select, 0, 0, 24, 1, 24</column>
<column name="select_ln1093_fu_291_p3">select, 0, 0, 6, 1, 6</column>
<column name="select_ln414_1_fu_546_p3">select, 0, 0, 5, 1, 5</column>
<column name="select_ln414_2_fu_664_p3">select, 0, 0, 5, 1, 5</column>
<column name="select_ln414_3_fu_689_p3">select, 0, 0, 24, 1, 24</column>
<column name="select_ln414_fu_541_p3">select, 0, 0, 5, 1, 5</column>
<column name="select_ln674_1_fu_502_p3">select, 0, 0, 32, 1, 32</column>
<column name="select_ln674_2_fu_509_p3">select, 0, 0, 6, 1, 6</column>
<column name="select_ln674_3_fu_333_p3">select, 0, 0, 6, 1, 6</column>
<column name="select_ln674_4_fu_457_p3">select, 0, 0, 32, 1, 32</column>
<column name="select_ln674_5_fu_464_p3">select, 0, 0, 6, 1, 6</column>
<column name="select_ln674_fu_495_p3">select, 0, 0, 6, 1, 6</column>
<column name="xf_bits_per_clock_fu_257_p3">select, 0, 0, 5, 1, 4</column>
<column name="shl_ln414_1_fu_565_p2">shl, 0, 0, 67, 2, 24</column>
<column name="shl_ln414_fu_673_p2">shl, 0, 0, 67, 24, 24</column>
<column name="ap_enable_pp0">xor, 0, 0, 2, 1, 2</column>
<column name="ap_enable_reg_pp0_iter1">xor, 0, 0, 2, 2, 1</column>
<column name="xor_ln414_fu_696_p2">xor, 0, 0, 24, 2, 24</column>
</table>
</item>
<item name = "Multiplexer"><table name="" hasTotal="1">
<keys size="5">Name, LUT, Input Size, Bits, Total Bits</keys>
<column name="ap_NS_fsm">31, 6, 1, 6</column>
<column name="ap_done">9, 2, 1, 2</column>
<column name="ap_enable_reg_pp0_iter1">9, 2, 1, 2</column>
<column name="ap_enable_reg_pp0_iter4">9, 2, 1, 2</column>
<column name="ap_phi_reg_pp0_iter4_localbuffer_V_8_reg_157">14, 3, 24, 72</column>
<column name="cols_bound_per_npc_blk_n">9, 2, 1, 2</column>
<column name="i_reg_146">9, 2, 31, 62</column>
<column name="imgInput1_434_blk_n">9, 2, 1, 2</column>
<column name="j_reg_135">9, 2, 32, 64</column>
<column name="last_blk_width_blk_n">9, 2, 1, 2</column>
<column name="ldata1_blk_n">9, 2, 1, 2</column>
<column name="p_Val2_s_fu_100">9, 2, 32, 64</column>
<column name="rem_fu_96">14, 3, 32, 96</column>
<column name="rows_blk_n">9, 2, 1, 2</column>
</table>
</item>
<item name = "Register"><table name="" hasTotal="1">
<keys size="5">Name, FF, LUT, Bits, Const Bits</keys>
<column name="add_ln1093_reg_799">6, 0, 6, 0</column>
<column name="add_ln674_1_reg_875">6, 0, 6, 0</column>
<column name="add_ln674_1_reg_875_pp0_iter2_reg">6, 0, 6, 0</column>
<column name="and_ln414_reg_932">24, 0, 24, 0</column>
<column name="ap_CS_fsm">5, 0, 5, 0</column>
<column name="ap_done_reg">1, 0, 1, 0</column>
<column name="ap_enable_reg_pp0_iter0">1, 0, 1, 0</column>
<column name="ap_enable_reg_pp0_iter1">1, 0, 1, 0</column>
<column name="ap_enable_reg_pp0_iter2">1, 0, 1, 0</column>
<column name="ap_enable_reg_pp0_iter3">1, 0, 1, 0</column>
<column name="ap_enable_reg_pp0_iter4">1, 0, 1, 0</column>
<column name="ap_phi_reg_pp0_iter1_localbuffer_V_8_reg_157">24, 0, 24, 0</column>
<column name="ap_phi_reg_pp0_iter2_localbuffer_V_8_reg_157">24, 0, 24, 0</column>
<column name="ap_phi_reg_pp0_iter3_localbuffer_V_8_reg_157">24, 0, 24, 0</column>
<column name="ap_phi_reg_pp0_iter4_localbuffer_V_8_reg_157">24, 0, 24, 0</column>
<column name="bLast_reg_813">1, 0, 1, 0</column>
<column name="bound_reg_784">32, 0, 32, 0</column>
<column name="cols_bound_per_npc_read_reg_766">32, 0, 32, 0</column>
<column name="i_reg_146">31, 0, 31, 0</column>
<column name="icmp_ln1073_reg_809">1, 0, 1, 0</column>
<column name="icmp_ln1084_reg_830">1, 0, 1, 0</column>
<column name="icmp_ln1085_reg_851">1, 0, 1, 0</column>
<column name="icmp_ln1085_reg_851_pp0_iter2_reg">1, 0, 1, 0</column>
<column name="icmp_ln1104_reg_821">1, 0, 1, 0</column>
<column name="icmp_ln414_reg_880">1, 0, 1, 0</column>
<column name="icmp_ln414_reg_880_pp0_iter2_reg">1, 0, 1, 0</column>
<column name="icmp_ln674_1_reg_834">1, 0, 1, 0</column>
<column name="icmp_ln674_reg_861">1, 0, 1, 0</column>
<column name="j_reg_135">32, 0, 32, 0</column>
<column name="last_blk_width_cast1_cast_i_cast_cast_cast_reg_779">5, 0, 5, 0</column>
<column name="last_blk_width_read_reg_773">4, 0, 4, 0</column>
<column name="lshr_ln674_3_reg_902">32, 0, 32, 0</column>
<column name="lshr_ln674_reg_912">32, 0, 32, 0</column>
<column name="p_Val2_s_fu_100">32, 0, 32, 0</column>
<column name="rem_fu_96">32, 0, 32, 0</column>
<column name="rows_read_reg_761">32, 0, 32, 0</column>
<column name="sub4_i_reg_794">6, 0, 6, 0</column>
<column name="sub_i_reg_789">32, 0, 32, 0</column>
<column name="sub_ln414_1_reg_927">5, 0, 5, 0</column>
<column name="sub_ln414_reg_917">5, 0, 5, 0</column>
<column name="sub_ln674_2_reg_907">6, 0, 6, 0</column>
<column name="sub_ln674_7_reg_846">6, 0, 6, 0</column>
<column name="sub_ln674_7_reg_846_pp0_iter2_reg">6, 0, 6, 0</column>
<column name="sub_ln674_8_reg_948">5, 0, 5, 0</column>
<column name="tmp_8_reg_922">32, 0, 32, 0</column>
<column name="trunc_ln1086_reg_856">5, 0, 5, 0</column>
<column name="trunc_ln414_1_reg_896">5, 0, 5, 0</column>
<column name="trunc_ln414_reg_888">5, 0, 5, 0</column>
<column name="trunc_ln414_reg_888_pp0_iter2_reg">5, 0, 5, 0</column>
<column name="trunc_ln674_1_reg_840">6, 0, 6, 0</column>
<column name="trunc_ln674_reg_868">6, 0, 6, 0</column>
<column name="bLast_reg_813">64, 32, 1, 0</column>
<column name="icmp_ln1073_reg_809">64, 32, 1, 0</column>
<column name="icmp_ln1084_reg_830">64, 32, 1, 0</column>
<column name="icmp_ln1104_reg_821">64, 32, 1, 0</column>
</table>
</item>
</section>
</item>
</section>

<section name = "Interface" level="0">
<item name = "Summary"><table name="" hasTotal="0">
<keys size="6">RTL Ports, Dir, Bits, Protocol, Source Object, C Type</keys>
<column name="ap_clk">in, 1, ap_ctrl_hs, AxiStream2MatStream, return value</column>
<column name="ap_rst">in, 1, ap_ctrl_hs, AxiStream2MatStream, return value</column>
<column name="ap_start">in, 1, ap_ctrl_hs, AxiStream2MatStream, return value</column>
<column name="ap_done">out, 1, ap_ctrl_hs, AxiStream2MatStream, return value</column>
<column name="ap_continue">in, 1, ap_ctrl_hs, AxiStream2MatStream, return value</column>
<column name="ap_idle">out, 1, ap_ctrl_hs, AxiStream2MatStream, return value</column>
<column name="ap_ready">out, 1, ap_ctrl_hs, AxiStream2MatStream, return value</column>
<column name="ldata1_dout">in, 32, ap_fifo, ldata1, pointer</column>
<column name="ldata1_empty_n">in, 1, ap_fifo, ldata1, pointer</column>
<column name="ldata1_read">out, 1, ap_fifo, ldata1, pointer</column>
<column name="imgInput1_434_din">out, 24, ap_fifo, imgInput1_434, pointer</column>
<column name="imgInput1_434_full_n">in, 1, ap_fifo, imgInput1_434, pointer</column>
<column name="imgInput1_434_write">out, 1, ap_fifo, imgInput1_434, pointer</column>
<column name="rows_dout">in, 32, ap_fifo, rows, pointer</column>
<column name="rows_empty_n">in, 1, ap_fifo, rows, pointer</column>
<column name="rows_read">out, 1, ap_fifo, rows, pointer</column>
<column name="cols_bound_per_npc_dout">in, 32, ap_fifo, cols_bound_per_npc, pointer</column>
<column name="cols_bound_per_npc_empty_n">in, 1, ap_fifo, cols_bound_per_npc, pointer</column>
<column name="cols_bound_per_npc_read">out, 1, ap_fifo, cols_bound_per_npc, pointer</column>
<column name="last_blk_width_dout">in, 4, ap_fifo, last_blk_width, pointer</column>
<column name="last_blk_width_empty_n">in, 1, ap_fifo, last_blk_width, pointer</column>
<column name="last_blk_width_read">out, 1, ap_fifo, last_blk_width, pointer</column>
</table>
</item>
</section>
</profile>
