<profile>

<section name = "Vitis HLS Report for 'AxiStream2Axi'" level="0">
<item name = "Date">Fri Jul 16 11:50:38 2021
</item>
<item name = "Version">2020.2 (Build 3064766 on Wed Nov 18 09:12:45 MST 2020)</item>
<item name = "Project">addWeighted</item>
<item name = "Solution">solution1 (Vivado IP Flow Target)</item>
<item name = "Product family">zynq</item>
<item name = "Target device">xc7z020-clg400-1</item>
</section>

<section name = "Performance Estimates" level="0">
<item name = "Timing">
<section name = "" level="1">
<item name = "Summary"><table name="" hasTotal="0">
<keys size="4">Clock, Target, Estimated, Uncertainty</keys>
<column name="ap_clk">10.00 ns, 7.300 ns, 2.70 ns</column>
</table>
</item>
</section>
</item>
<item name = "Latency">
<section name = "" level="1">
<item name = "Summary"><table name="" hasTotal="0">
<keys size="8">, min, max, min, max, min, max, Type</keys>
<column name="">1, 6220808, 10.000 ns, 62.208 ms, 1, 6220808, none</column>
</table>
</item>
<item name = "Detail">
<section name = "" level="1">
<item name = "Instance"><table name="" hasTotal="0">
<keys size="9">Instance, Module, min, max, min, max, min, max, Type</keys>
</table>
</item>
<item name = "Loop"><table name="" hasTotal="0">
<keys size="8">Loop Name, min, max, Latency, achieved, target, Count, Pipelined</keys>
<column name="- MMIterOutLoop2">2, 6220801, 3, 1, 1, 1 ~ 6220800, yes</column>
</table>
</item>
</section>
</item>
</section>
</item>
</section>

<section name = "Utilization Estimates" level="0">
<item name = "Summary"><table name="" hasTotal="1">
<keys size="6">Name, BRAM_18K, DSP, FF, LUT, URAM</keys>
<column name="DSP">-, -, -, -, -</column>
<column name="Expression">-, -, 0, 77, -</column>
<column name="FIFO">-, -, -, -, -</column>
<column name="Instance">-, -, -, -, -</column>
<column name="Memory">-, -, -, -, -</column>
<column name="Multiplexer">-, -, -, 129, -</column>
<column name="Register">-, -, 135, -, -</column>
<specialColumn name="Available">280, 220, 106400, 53200, 0</specialColumn>
<specialColumn name="Utilization (%)">0, 0, ~0, ~0, 0</specialColumn>
</table>
</item>
<item name = "Detail">
<section name = "" level="1">
<item name = "Instance"><table name="" hasTotal="1">
<keys size="7">Instance, Module, BRAM_18K, DSP, FF, LUT, URAM</keys>
</table>
</item>
<item name = "DSP"><table name="" hasTotal="0">
<keys size="3">Instance, Module, Expression</keys>
</table>
</item>
<item name = "Memory"><table name="" hasTotal="1">
<keys size="10">Memory, Module, BRAM_18K, FF, LUT, URAM, Words, Bits, Banks, W*Bits*Banks</keys>
</table>
</item>
<item name = "FIFO"><table name="" hasTotal="1">
<keys size="8">Name, BRAM_18K, FF, LUT, URAM, Depth, Bits, Size:D*B</keys>
</table>
</item>
<item name = "Expression"><table name="" hasTotal="1">
<keys size="7">Variable Name, Operation, DSP, FF, LUT, Bitwidth P0, Bitwidth P1</keys>
<column name="i_V_1_fu_144_p2">+, 0, 0, 31, 24, 1</column>
<column name="ap_block_pp0_stage0_01001">and, 0, 0, 2, 1, 1</column>
<column name="ap_block_state10">and, 0, 0, 2, 1, 1</column>
<column name="ap_block_state4_pp0_stage0_iter1">and, 0, 0, 2, 1, 1</column>
<column name="ap_block_state5_io">and, 0, 0, 2, 1, 1</column>
<column name="icmp_ln1402_fu_150_p2">icmp, 0, 0, 15, 24, 24</column>
<column name="icmp_ln878_fu_114_p2">icmp, 0, 0, 15, 24, 1</column>
<column name="ap_block_pp0_stage0_11001">or, 0, 0, 2, 1, 1</column>
<column name="ap_block_state1">or, 0, 0, 2, 1, 1</column>
<column name="ap_enable_pp0">xor, 0, 0, 2, 1, 2</column>
<column name="ap_enable_reg_pp0_iter1">xor, 0, 0, 2, 2, 1</column>
</table>
</item>
<item name = "Multiplexer"><table name="" hasTotal="1">
<keys size="5">Name, LUT, Input Size, Bits, Total Bits</keys>
<column name="ap_NS_fsm">48, 9, 1, 9</column>
<column name="ap_done">9, 2, 1, 2</column>
<column name="ap_enable_reg_pp0_iter1">9, 2, 1, 2</column>
<column name="ap_enable_reg_pp0_iter2">9, 2, 1, 2</column>
<column name="dout_blk_n">9, 2, 1, 2</column>
<column name="gmem3_blk_n_AW">9, 2, 1, 2</column>
<column name="gmem3_blk_n_B">9, 2, 1, 2</column>
<column name="gmem3_blk_n_W">9, 2, 1, 2</column>
<column name="i_V_reg_103">9, 2, 24, 48</column>
<column name="ldata1_blk_n">9, 2, 1, 2</column>
</table>
</item>
<item name = "Register"><table name="" hasTotal="1">
<keys size="5">Name, FF, LUT, Bits, Const Bits</keys>
<column name="ap_CS_fsm">8, 0, 8, 0</column>
<column name="ap_done_reg">1, 0, 1, 0</column>
<column name="ap_enable_reg_pp0_iter0">1, 0, 1, 0</column>
<column name="ap_enable_reg_pp0_iter1">1, 0, 1, 0</column>
<column name="ap_enable_reg_pp0_iter2">1, 0, 1, 0</column>
<column name="gmem3_addr_reg_165">64, 0, 64, 0</column>
<column name="i_V_reg_103">24, 0, 24, 0</column>
<column name="icmp_ln1402_reg_176">1, 0, 1, 0</column>
<column name="icmp_ln1402_reg_176_pp0_iter1_reg">1, 0, 1, 0</column>
<column name="icmp_ln878_reg_161">1, 0, 1, 0</column>
<column name="tmp_reg_180">32, 0, 32, 0</column>
</table>
</item>
</section>
</item>
</section>

<section name = "Interface" level="0">
<item name = "Summary"><table name="" hasTotal="0">
<keys size="6">RTL Ports, Dir, Bits, Protocol, Source Object, C Type</keys>
<column name="ap_clk">in, 1, ap_ctrl_hs, AxiStream2Axi, return value</column>
<column name="ap_rst">in, 1, ap_ctrl_hs, AxiStream2Axi, return value</column>
<column name="ap_start">in, 1, ap_ctrl_hs, AxiStream2Axi, return value</column>
<column name="ap_done">out, 1, ap_ctrl_hs, AxiStream2Axi, return value</column>
<column name="ap_continue">in, 1, ap_ctrl_hs, AxiStream2Axi, return value</column>
<column name="ap_idle">out, 1, ap_ctrl_hs, AxiStream2Axi, return value</column>
<column name="ap_ready">out, 1, ap_ctrl_hs, AxiStream2Axi, return value</column>
<column name="ldata1_dout">in, 32, ap_fifo, ldata1, pointer</column>
<column name="ldata1_empty_n">in, 1, ap_fifo, ldata1, pointer</column>
<column name="ldata1_read">out, 1, ap_fifo, ldata1, pointer</column>
<column name="m_axi_gmem3_AWVALID">out, 1, m_axi, gmem3, pointer</column>
<column name="m_axi_gmem3_AWREADY">in, 1, m_axi, gmem3, pointer</column>
<column name="m_axi_gmem3_AWADDR">out, 64, m_axi, gmem3, pointer</column>
<column name="m_axi_gmem3_AWID">out, 1, m_axi, gmem3, pointer</column>
<column name="m_axi_gmem3_AWLEN">out, 32, m_axi, gmem3, pointer</column>
<column name="m_axi_gmem3_AWSIZE">out, 3, m_axi, gmem3, pointer</column>
<column name="m_axi_gmem3_AWBURST">out, 2, m_axi, gmem3, pointer</column>
<column name="m_axi_gmem3_AWLOCK">out, 2, m_axi, gmem3, pointer</column>
<column name="m_axi_gmem3_AWCACHE">out, 4, m_axi, gmem3, pointer</column>
<column name="m_axi_gmem3_AWPROT">out, 3, m_axi, gmem3, pointer</column>
<column name="m_axi_gmem3_AWQOS">out, 4, m_axi, gmem3, pointer</column>
<column name="m_axi_gmem3_AWREGION">out, 4, m_axi, gmem3, pointer</column>
<column name="m_axi_gmem3_AWUSER">out, 1, m_axi, gmem3, pointer</column>
<column name="m_axi_gmem3_WVALID">out, 1, m_axi, gmem3, pointer</column>
<column name="m_axi_gmem3_WREADY">in, 1, m_axi, gmem3, pointer</column>
<column name="m_axi_gmem3_WDATA">out, 32, m_axi, gmem3, pointer</column>
<column name="m_axi_gmem3_WSTRB">out, 4, m_axi, gmem3, pointer</column>
<column name="m_axi_gmem3_WLAST">out, 1, m_axi, gmem3, pointer</column>
<column name="m_axi_gmem3_WID">out, 1, m_axi, gmem3, pointer</column>
<column name="m_axi_gmem3_WUSER">out, 1, m_axi, gmem3, pointer</column>
<column name="m_axi_gmem3_ARVALID">out, 1, m_axi, gmem3, pointer</column>
<column name="m_axi_gmem3_ARREADY">in, 1, m_axi, gmem3, pointer</column>
<column name="m_axi_gmem3_ARADDR">out, 64, m_axi, gmem3, pointer</column>
<column name="m_axi_gmem3_ARID">out, 1, m_axi, gmem3, pointer</column>
<column name="m_axi_gmem3_ARLEN">out, 32, m_axi, gmem3, pointer</column>
<column name="m_axi_gmem3_ARSIZE">out, 3, m_axi, gmem3, pointer</column>
<column name="m_axi_gmem3_ARBURST">out, 2, m_axi, gmem3, pointer</column>
<column name="m_axi_gmem3_ARLOCK">out, 2, m_axi, gmem3, pointer</column>
<column name="m_axi_gmem3_ARCACHE">out, 4, m_axi, gmem3, pointer</column>
<column name="m_axi_gmem3_ARPROT">out, 3, m_axi, gmem3, pointer</column>
<column name="m_axi_gmem3_ARQOS">out, 4, m_axi, gmem3, pointer</column>
<column name="m_axi_gmem3_ARREGION">out, 4, m_axi, gmem3, pointer</column>
<column name="m_axi_gmem3_ARUSER">out, 1, m_axi, gmem3, pointer</column>
<column name="m_axi_gmem3_RVALID">in, 1, m_axi, gmem3, pointer</column>
<column name="m_axi_gmem3_RREADY">out, 1, m_axi, gmem3, pointer</column>
<column name="m_axi_gmem3_RDATA">in, 32, m_axi, gmem3, pointer</column>
<column name="m_axi_gmem3_RLAST">in, 1, m_axi, gmem3, pointer</column>
<column name="m_axi_gmem3_RID">in, 1, m_axi, gmem3, pointer</column>
<column name="m_axi_gmem3_RUSER">in, 1, m_axi, gmem3, pointer</column>
<column name="m_axi_gmem3_RRESP">in, 2, m_axi, gmem3, pointer</column>
<column name="m_axi_gmem3_BVALID">in, 1, m_axi, gmem3, pointer</column>
<column name="m_axi_gmem3_BREADY">out, 1, m_axi, gmem3, pointer</column>
<column name="m_axi_gmem3_BRESP">in, 2, m_axi, gmem3, pointer</column>
<column name="m_axi_gmem3_BID">in, 1, m_axi, gmem3, pointer</column>
<column name="m_axi_gmem3_BUSER">in, 1, m_axi, gmem3, pointer</column>
<column name="dout_dout">in, 64, ap_fifo, dout, pointer</column>
<column name="dout_empty_n">in, 1, ap_fifo, dout, pointer</column>
<column name="dout_read">out, 1, ap_fifo, dout, pointer</column>
<column name="addrbound_V_read">in, 24, ap_none, addrbound_V_read, scalar</column>
</table>
</item>
</section>
</profile>
