<stg><name>Block_.split1_proc23</name>


<trans_list>
</trans_list>



<state_list>

<state id="1" st_id="1">

<operation id="2" st_id="1" stage="1" lat="1">
<core>NULL</core>
<MemPortIdVec></MemPortIdVec>
<condition id="-1">
<or_exp><and_exp></and_exp></or_exp>
</condition>

<Node id="13" bw="64" op_0_bw="64" op_1_bw="64">
<![CDATA[
entry:0 %img_out_read = read i64 @_ssdm_op_Read.ap_auto.i64, i64 %img_out

]]></Node>
<StgValue><ssdm name="img_out_read"/></StgValue>
</operation>

<operation id="3" st_id="1" stage="1" lat="1">
<core>NULL</core>
<MemPortIdVec></MemPortIdVec>
<condition id="-1">
<or_exp><and_exp></and_exp></or_exp>
</condition>

<Node id="14" bw="64" op_0_bw="64" op_1_bw="64">
<![CDATA[
entry:1 %img_inp_two_read = read i64 @_ssdm_op_Read.ap_auto.i64, i64 %img_inp_two

]]></Node>
<StgValue><ssdm name="img_inp_two_read"/></StgValue>
</operation>

<operation id="4" st_id="1" stage="1" lat="1">
<core>NULL</core>
<MemPortIdVec></MemPortIdVec>
<condition id="-1">
<or_exp><and_exp></and_exp></or_exp>
</condition>

<Node id="15" bw="64" op_0_bw="64" op_1_bw="64">
<![CDATA[
entry:2 %img_inp_one_read = read i64 @_ssdm_op_Read.ap_auto.i64, i64 %img_inp_one

]]></Node>
<StgValue><ssdm name="img_inp_one_read"/></StgValue>
</operation>

<operation id="5" st_id="1" stage="1" lat="1">
<core>NULL</core>
<MemPortIdVec></MemPortIdVec>
<condition id="-1">
<or_exp><and_exp></and_exp></or_exp>
</condition>

<Node id="16" bw="32" op_0_bw="32" op_1_bw="32">
<![CDATA[
entry:3 %width_read = read i32 @_ssdm_op_Read.ap_auto.i32, i32 %width

]]></Node>
<StgValue><ssdm name="width_read"/></StgValue>
</operation>

<operation id="6" st_id="1" stage="1" lat="1">
<core>NULL</core>
<MemPortIdVec></MemPortIdVec>
<condition id="-1">
<or_exp><and_exp></and_exp></or_exp>
</condition>

<Node id="17" bw="32" op_0_bw="32" op_1_bw="32">
<![CDATA[
entry:4 %height_read = read i32 @_ssdm_op_Read.ap_auto.i32, i32 %height

]]></Node>
<StgValue><ssdm name="height_read"/></StgValue>
</operation>

<operation id="7" st_id="1" stage="1" lat="1">
<core>NULL</core>
<MemPortIdVec></MemPortIdVec>
<condition id="-1">
<or_exp><and_exp></and_exp></or_exp>
</condition>

<Node id="18" bw="0" op_0_bw="0" op_1_bw="32" op_2_bw="0" op_3_bw="32" op_4_bw="32" op_5_bw="0" op_6_bw="32" op_7_bw="32" op_8_bw="0" op_9_bw="0" op_10_bw="0" op_11_bw="32" op_12_bw="32" op_13_bw="32" op_14_bw="32" op_15_bw="0" op_16_bw="0">
<![CDATA[
entry:5 %specinterface_ln0 = specinterface void @_ssdm_op_SpecInterface, i32 %imgOutput_cols_out, void @ap_fifo_str, i32 0, i32 0, void @p_str, i32 0, i32 0, void @p_str, void @p_str, void @p_str, i32 2, i32 2, i32 16, i32 16, void @p_str, void @p_str

]]></Node>
<StgValue><ssdm name="specinterface_ln0"/></StgValue>
</operation>

<operation id="8" st_id="1" stage="1" lat="1">
<core>NULL</core>
<MemPortIdVec></MemPortIdVec>
<condition id="-1">
<or_exp><and_exp></and_exp></or_exp>
</condition>

<Node id="19" bw="0" op_0_bw="0" op_1_bw="32" op_2_bw="0" op_3_bw="32" op_4_bw="32" op_5_bw="0" op_6_bw="32" op_7_bw="32" op_8_bw="0" op_9_bw="0" op_10_bw="0" op_11_bw="32" op_12_bw="32" op_13_bw="32" op_14_bw="32" op_15_bw="0" op_16_bw="0">
<![CDATA[
entry:6 %specinterface_ln0 = specinterface void @_ssdm_op_SpecInterface, i32 %imgOutput_rows_out, void @ap_fifo_str, i32 0, i32 0, void @p_str, i32 0, i32 0, void @p_str, void @p_str, void @p_str, i32 2, i32 2, i32 16, i32 16, void @p_str, void @p_str

]]></Node>
<StgValue><ssdm name="specinterface_ln0"/></StgValue>
</operation>

<operation id="9" st_id="1" stage="1" lat="1">
<core>NULL</core>
<MemPortIdVec></MemPortIdVec>
<condition id="-1">
<or_exp><and_exp></and_exp></or_exp>
</condition>

<Node id="20" bw="0" op_0_bw="0" op_1_bw="32" op_2_bw="0" op_3_bw="32" op_4_bw="32" op_5_bw="0" op_6_bw="32" op_7_bw="32" op_8_bw="0" op_9_bw="0" op_10_bw="0" op_11_bw="32" op_12_bw="32" op_13_bw="32" op_14_bw="32" op_15_bw="0" op_16_bw="0">
<![CDATA[
entry:7 %specinterface_ln0 = specinterface void @_ssdm_op_SpecInterface, i32 %imgInput1_cols_out, void @ap_fifo_str, i32 0, i32 0, void @p_str, i32 0, i32 0, void @p_str, void @p_str, void @p_str, i32 2, i32 2, i32 16, i32 16, void @p_str, void @p_str

]]></Node>
<StgValue><ssdm name="specinterface_ln0"/></StgValue>
</operation>

<operation id="10" st_id="1" stage="1" lat="1">
<core>NULL</core>
<MemPortIdVec></MemPortIdVec>
<condition id="-1">
<or_exp><and_exp></and_exp></or_exp>
</condition>

<Node id="21" bw="0" op_0_bw="0" op_1_bw="32" op_2_bw="0" op_3_bw="32" op_4_bw="32" op_5_bw="0" op_6_bw="32" op_7_bw="32" op_8_bw="0" op_9_bw="0" op_10_bw="0" op_11_bw="32" op_12_bw="32" op_13_bw="32" op_14_bw="32" op_15_bw="0" op_16_bw="0">
<![CDATA[
entry:8 %specinterface_ln0 = specinterface void @_ssdm_op_SpecInterface, i32 %imgInput1_rows_out, void @ap_fifo_str, i32 0, i32 0, void @p_str, i32 0, i32 0, void @p_str, void @p_str, void @p_str, i32 2, i32 2, i32 16, i32 16, void @p_str, void @p_str

]]></Node>
<StgValue><ssdm name="specinterface_ln0"/></StgValue>
</operation>

<operation id="11" st_id="1" stage="1" lat="1">
<core>NULL</core>
<MemPortIdVec></MemPortIdVec>
<condition id="-1">
<or_exp><and_exp></and_exp></or_exp>
</condition>

<Node id="22" bw="0" op_0_bw="0" op_1_bw="64" op_2_bw="0" op_3_bw="32" op_4_bw="32" op_5_bw="0" op_6_bw="32" op_7_bw="32" op_8_bw="0" op_9_bw="0" op_10_bw="0" op_11_bw="32" op_12_bw="32" op_13_bw="32" op_14_bw="32" op_15_bw="0" op_16_bw="0">
<![CDATA[
entry:9 %specinterface_ln0 = specinterface void @_ssdm_op_SpecInterface, i64 %img_inp_one_out, void @ap_fifo_str, i32 0, i32 0, void @p_str, i32 0, i32 0, void @p_str, void @p_str, void @p_str, i32 2, i32 2, i32 16, i32 16, void @p_str, void @ScalarProp_str

]]></Node>
<StgValue><ssdm name="specinterface_ln0"/></StgValue>
</operation>

<operation id="12" st_id="1" stage="1" lat="1">
<core>FIFO_SRL</core>
<MemPortIdVec></MemPortIdVec>
<condition id="-1">
<or_exp><and_exp></and_exp></or_exp>
</condition>

<Node id="23" bw="0" op_0_bw="0" op_1_bw="64" op_2_bw="64">
<![CDATA[
entry:10 %write_ln0 = write void @_ssdm_op_Write.ap_fifo.i64P0A, i64 %img_inp_one_out, i64 %img_inp_one_read

]]></Node>
<StgValue><ssdm name="write_ln0"/></StgValue>
</operation>

<operation id="13" st_id="1" stage="1" lat="1">
<core>NULL</core>
<MemPortIdVec></MemPortIdVec>
<condition id="-1">
<or_exp><and_exp></and_exp></or_exp>
</condition>

<Node id="24" bw="0" op_0_bw="0" op_1_bw="64" op_2_bw="0" op_3_bw="32" op_4_bw="32" op_5_bw="0" op_6_bw="32" op_7_bw="32" op_8_bw="0" op_9_bw="0" op_10_bw="0" op_11_bw="32" op_12_bw="32" op_13_bw="32" op_14_bw="32" op_15_bw="0" op_16_bw="0">
<![CDATA[
entry:11 %specinterface_ln0 = specinterface void @_ssdm_op_SpecInterface, i64 %img_inp_two_out, void @ap_fifo_str, i32 0, i32 0, void @p_str, i32 0, i32 0, void @p_str, void @p_str, void @p_str, i32 2, i32 2, i32 16, i32 16, void @p_str, void @ScalarProp_str

]]></Node>
<StgValue><ssdm name="specinterface_ln0"/></StgValue>
</operation>

<operation id="14" st_id="1" stage="1" lat="1">
<core>FIFO_SRL</core>
<MemPortIdVec></MemPortIdVec>
<condition id="-1">
<or_exp><and_exp></and_exp></or_exp>
</condition>

<Node id="25" bw="0" op_0_bw="0" op_1_bw="64" op_2_bw="64">
<![CDATA[
entry:12 %write_ln0 = write void @_ssdm_op_Write.ap_fifo.i64P0A, i64 %img_inp_two_out, i64 %img_inp_two_read

]]></Node>
<StgValue><ssdm name="write_ln0"/></StgValue>
</operation>

<operation id="15" st_id="1" stage="1" lat="1">
<core>NULL</core>
<MemPortIdVec></MemPortIdVec>
<condition id="-1">
<or_exp><and_exp></and_exp></or_exp>
</condition>

<Node id="26" bw="0" op_0_bw="0" op_1_bw="64" op_2_bw="0" op_3_bw="32" op_4_bw="32" op_5_bw="0" op_6_bw="32" op_7_bw="32" op_8_bw="0" op_9_bw="0" op_10_bw="0" op_11_bw="32" op_12_bw="32" op_13_bw="32" op_14_bw="32" op_15_bw="0" op_16_bw="0">
<![CDATA[
entry:13 %specinterface_ln0 = specinterface void @_ssdm_op_SpecInterface, i64 %img_out_out, void @ap_fifo_str, i32 0, i32 0, void @p_str, i32 0, i32 0, void @p_str, void @p_str, void @p_str, i32 2, i32 2, i32 16, i32 16, void @p_str, void @ScalarProp_str

]]></Node>
<StgValue><ssdm name="specinterface_ln0"/></StgValue>
</operation>

<operation id="16" st_id="1" stage="1" lat="1">
<core>FIFO_SRL</core>
<MemPortIdVec></MemPortIdVec>
<condition id="-1">
<or_exp><and_exp></and_exp></or_exp>
</condition>

<Node id="27" bw="0" op_0_bw="0" op_1_bw="64" op_2_bw="64">
<![CDATA[
entry:14 %write_ln0 = write void @_ssdm_op_Write.ap_fifo.i64P0A, i64 %img_out_out, i64 %img_out_read

]]></Node>
<StgValue><ssdm name="write_ln0"/></StgValue>
</operation>

<operation id="17" st_id="1" stage="1" lat="1">
<core>FIFO_SRL</core>
<MemPortIdVec></MemPortIdVec>
<condition id="-1">
<or_exp><and_exp></and_exp></or_exp>
</condition>

<Node id="28" bw="0" op_0_bw="0" op_1_bw="32" op_2_bw="32">
<![CDATA[
entry:15 %write_ln508 = write void @_ssdm_op_Write.ap_fifo.i32P0A, i32 %imgInput1_rows_out, i32 %height_read

]]></Node>
<StgValue><ssdm name="write_ln508"/></StgValue>
</operation>

<operation id="18" st_id="1" stage="1" lat="1">
<core>FIFO_SRL</core>
<MemPortIdVec></MemPortIdVec>
<condition id="-1">
<or_exp><and_exp></and_exp></or_exp>
</condition>

<Node id="29" bw="0" op_0_bw="0" op_1_bw="32" op_2_bw="32">
<![CDATA[
entry:16 %write_ln509 = write void @_ssdm_op_Write.ap_fifo.i32P0A, i32 %imgInput1_cols_out, i32 %width_read

]]></Node>
<StgValue><ssdm name="write_ln509"/></StgValue>
</operation>

<operation id="19" st_id="1" stage="1" lat="1">
<core>FIFO_SRL</core>
<MemPortIdVec></MemPortIdVec>
<condition id="-1">
<or_exp><and_exp></and_exp></or_exp>
</condition>

<Node id="30" bw="0" op_0_bw="0" op_1_bw="32" op_2_bw="32">
<![CDATA[
entry:17 %write_ln508 = write void @_ssdm_op_Write.ap_fifo.i32P0A, i32 %imgOutput_rows_out, i32 %height_read

]]></Node>
<StgValue><ssdm name="write_ln508"/></StgValue>
</operation>

<operation id="20" st_id="1" stage="1" lat="1">
<core>FIFO_SRL</core>
<MemPortIdVec></MemPortIdVec>
<condition id="-1">
<or_exp><and_exp></and_exp></or_exp>
</condition>

<Node id="31" bw="0" op_0_bw="0" op_1_bw="32" op_2_bw="32">
<![CDATA[
entry:18 %write_ln509 = write void @_ssdm_op_Write.ap_fifo.i32P0A, i32 %imgOutput_cols_out, i32 %width_read

]]></Node>
<StgValue><ssdm name="write_ln509"/></StgValue>
</operation>

<operation id="21" st_id="1" stage="1" lat="1">
<core>NULL</core>
<MemPortIdVec></MemPortIdVec>
<condition id="-1">
<or_exp><and_exp></and_exp></or_exp>
</condition>

<Node id="32" bw="64" op_0_bw="64" op_1_bw="32">
<![CDATA[
entry:19 %mrv = insertvalue i64 <undef>, i32 %height_read

]]></Node>
<StgValue><ssdm name="mrv"/></StgValue>
</operation>

<operation id="22" st_id="1" stage="1" lat="1">
<core>NULL</core>
<MemPortIdVec></MemPortIdVec>
<condition id="-1">
<or_exp><and_exp></and_exp></or_exp>
</condition>

<Node id="33" bw="64" op_0_bw="64" op_1_bw="32">
<![CDATA[
entry:20 %mrv_1 = insertvalue i64 %mrv, i32 %width_read

]]></Node>
<StgValue><ssdm name="mrv_1"/></StgValue>
</operation>

<operation id="23" st_id="1" stage="1" lat="1">
<core>NULL</core>
<MemPortIdVec></MemPortIdVec>
<condition id="-1">
<or_exp><and_exp></and_exp></or_exp>
</condition>

<Node id="34" bw="0" op_0_bw="64">
<![CDATA[
entry:21 %ret_ln0 = ret i64 %mrv_1

]]></Node>
<StgValue><ssdm name="ret_ln0"/></StgValue>
</operation>
</state>
</state_list>


<ports>
<port id="24" name="height" dir="0" iftype="0">
<core>NULL</core><StgValue><ssdm name="height"/></StgValue>
</port>
<port id="25" name="width" dir="0" iftype="0">
<core>NULL</core><StgValue><ssdm name="width"/></StgValue>
</port>
<port id="26" name="img_inp_one" dir="0" iftype="0">
<core>NULL</core><StgValue><ssdm name="img_inp_one"/></StgValue>
</port>
<port id="27" name="img_inp_two" dir="0" iftype="0">
<core>NULL</core><StgValue><ssdm name="img_inp_two"/></StgValue>
</port>
<port id="28" name="img_out" dir="0" iftype="0">
<core>NULL</core><StgValue><ssdm name="img_out"/></StgValue>
</port>
<port id="29" name="imgInput1_rows_out" dir="1" iftype="3">
<core>FIFO_SRL</core><StgValue><ssdm name="imgInput1_rows_out"/></StgValue>
</port>
<port id="30" name="imgInput1_cols_out" dir="1" iftype="3">
<core>FIFO_SRL</core><StgValue><ssdm name="imgInput1_cols_out"/></StgValue>
</port>
<port id="31" name="imgOutput_rows_out" dir="1" iftype="3">
<core>FIFO_SRL</core><StgValue><ssdm name="imgOutput_rows_out"/></StgValue>
</port>
<port id="32" name="imgOutput_cols_out" dir="1" iftype="3">
<core>FIFO_SRL</core><StgValue><ssdm name="imgOutput_cols_out"/></StgValue>
</port>
<port id="33" name="img_inp_one_out" dir="1" iftype="3">
<core>FIFO_SRL</core><StgValue><ssdm name="img_inp_one_out"/></StgValue>
</port>
<port id="34" name="img_inp_two_out" dir="1" iftype="3">
<core>FIFO_SRL</core><StgValue><ssdm name="img_inp_two_out"/></StgValue>
</port>
<port id="35" name="img_out_out" dir="1" iftype="3">
<core>FIFO_SRL</core><StgValue><ssdm name="img_out_out"/></StgValue>
</port>
</ports>


<dataflows>
<dataflow id="37" from="_ssdm_op_Read.ap_auto.i64" to="img_out_read" fromId="36" toId="2">
</dataflow>
<dataflow id="38" from="img_out" to="img_out_read" fromId="28" toId="2">
</dataflow>
<dataflow id="39" from="_ssdm_op_Read.ap_auto.i64" to="img_inp_two_read" fromId="36" toId="3">
</dataflow>
<dataflow id="40" from="img_inp_two" to="img_inp_two_read" fromId="27" toId="3">
</dataflow>
<dataflow id="41" from="_ssdm_op_Read.ap_auto.i64" to="img_inp_one_read" fromId="36" toId="4">
</dataflow>
<dataflow id="42" from="img_inp_one" to="img_inp_one_read" fromId="26" toId="4">
</dataflow>
<dataflow id="44" from="_ssdm_op_Read.ap_auto.i32" to="width_read" fromId="43" toId="5">
</dataflow>
<dataflow id="45" from="width" to="width_read" fromId="25" toId="5">
</dataflow>
<dataflow id="46" from="_ssdm_op_Read.ap_auto.i32" to="height_read" fromId="43" toId="6">
</dataflow>
<dataflow id="47" from="height" to="height_read" fromId="24" toId="6">
</dataflow>
<dataflow id="49" from="_ssdm_op_SpecInterface" to="specinterface_ln0" fromId="48" toId="7">
</dataflow>
<dataflow id="50" from="imgOutput_cols_out" to="specinterface_ln0" fromId="32" toId="7">
</dataflow>
<dataflow id="52" from="ap_fifo_str" to="specinterface_ln0" fromId="51" toId="7">
</dataflow>
<dataflow id="54" from="StgValue_53" to="specinterface_ln0" fromId="53" toId="7">
</dataflow>
<dataflow id="55" from="StgValue_53" to="specinterface_ln0" fromId="53" toId="7">
</dataflow>
<dataflow id="57" from="p_str" to="specinterface_ln0" fromId="56" toId="7">
</dataflow>
<dataflow id="58" from="StgValue_53" to="specinterface_ln0" fromId="53" toId="7">
</dataflow>
<dataflow id="59" from="StgValue_53" to="specinterface_ln0" fromId="53" toId="7">
</dataflow>
<dataflow id="60" from="p_str" to="specinterface_ln0" fromId="56" toId="7">
</dataflow>
<dataflow id="61" from="p_str" to="specinterface_ln0" fromId="56" toId="7">
</dataflow>
<dataflow id="62" from="p_str" to="specinterface_ln0" fromId="56" toId="7">
</dataflow>
<dataflow id="64" from="StgValue_63" to="specinterface_ln0" fromId="63" toId="7">
</dataflow>
<dataflow id="65" from="StgValue_63" to="specinterface_ln0" fromId="63" toId="7">
</dataflow>
<dataflow id="67" from="StgValue_66" to="specinterface_ln0" fromId="66" toId="7">
</dataflow>
<dataflow id="68" from="StgValue_66" to="specinterface_ln0" fromId="66" toId="7">
</dataflow>
<dataflow id="69" from="p_str" to="specinterface_ln0" fromId="56" toId="7">
</dataflow>
<dataflow id="70" from="p_str" to="specinterface_ln0" fromId="56" toId="7">
</dataflow>
<dataflow id="71" from="_ssdm_op_SpecInterface" to="specinterface_ln0" fromId="48" toId="8">
</dataflow>
<dataflow id="72" from="imgOutput_rows_out" to="specinterface_ln0" fromId="31" toId="8">
</dataflow>
<dataflow id="73" from="ap_fifo_str" to="specinterface_ln0" fromId="51" toId="8">
</dataflow>
<dataflow id="74" from="StgValue_53" to="specinterface_ln0" fromId="53" toId="8">
</dataflow>
<dataflow id="75" from="StgValue_53" to="specinterface_ln0" fromId="53" toId="8">
</dataflow>
<dataflow id="76" from="p_str" to="specinterface_ln0" fromId="56" toId="8">
</dataflow>
<dataflow id="77" from="StgValue_53" to="specinterface_ln0" fromId="53" toId="8">
</dataflow>
<dataflow id="78" from="StgValue_53" to="specinterface_ln0" fromId="53" toId="8">
</dataflow>
<dataflow id="79" from="p_str" to="specinterface_ln0" fromId="56" toId="8">
</dataflow>
<dataflow id="80" from="p_str" to="specinterface_ln0" fromId="56" toId="8">
</dataflow>
<dataflow id="81" from="p_str" to="specinterface_ln0" fromId="56" toId="8">
</dataflow>
<dataflow id="82" from="StgValue_63" to="specinterface_ln0" fromId="63" toId="8">
</dataflow>
<dataflow id="83" from="StgValue_63" to="specinterface_ln0" fromId="63" toId="8">
</dataflow>
<dataflow id="84" from="StgValue_66" to="specinterface_ln0" fromId="66" toId="8">
</dataflow>
<dataflow id="85" from="StgValue_66" to="specinterface_ln0" fromId="66" toId="8">
</dataflow>
<dataflow id="86" from="p_str" to="specinterface_ln0" fromId="56" toId="8">
</dataflow>
<dataflow id="87" from="p_str" to="specinterface_ln0" fromId="56" toId="8">
</dataflow>
<dataflow id="88" from="_ssdm_op_SpecInterface" to="specinterface_ln0" fromId="48" toId="9">
</dataflow>
<dataflow id="89" from="imgInput1_cols_out" to="specinterface_ln0" fromId="30" toId="9">
</dataflow>
<dataflow id="90" from="ap_fifo_str" to="specinterface_ln0" fromId="51" toId="9">
</dataflow>
<dataflow id="91" from="StgValue_53" to="specinterface_ln0" fromId="53" toId="9">
</dataflow>
<dataflow id="92" from="StgValue_53" to="specinterface_ln0" fromId="53" toId="9">
</dataflow>
<dataflow id="93" from="p_str" to="specinterface_ln0" fromId="56" toId="9">
</dataflow>
<dataflow id="94" from="StgValue_53" to="specinterface_ln0" fromId="53" toId="9">
</dataflow>
<dataflow id="95" from="StgValue_53" to="specinterface_ln0" fromId="53" toId="9">
</dataflow>
<dataflow id="96" from="p_str" to="specinterface_ln0" fromId="56" toId="9">
</dataflow>
<dataflow id="97" from="p_str" to="specinterface_ln0" fromId="56" toId="9">
</dataflow>
<dataflow id="98" from="p_str" to="specinterface_ln0" fromId="56" toId="9">
</dataflow>
<dataflow id="99" from="StgValue_63" to="specinterface_ln0" fromId="63" toId="9">
</dataflow>
<dataflow id="100" from="StgValue_63" to="specinterface_ln0" fromId="63" toId="9">
</dataflow>
<dataflow id="101" from="StgValue_66" to="specinterface_ln0" fromId="66" toId="9">
</dataflow>
<dataflow id="102" from="StgValue_66" to="specinterface_ln0" fromId="66" toId="9">
</dataflow>
<dataflow id="103" from="p_str" to="specinterface_ln0" fromId="56" toId="9">
</dataflow>
<dataflow id="104" from="p_str" to="specinterface_ln0" fromId="56" toId="9">
</dataflow>
<dataflow id="105" from="_ssdm_op_SpecInterface" to="specinterface_ln0" fromId="48" toId="10">
</dataflow>
<dataflow id="106" from="imgInput1_rows_out" to="specinterface_ln0" fromId="29" toId="10">
</dataflow>
<dataflow id="107" from="ap_fifo_str" to="specinterface_ln0" fromId="51" toId="10">
</dataflow>
<dataflow id="108" from="StgValue_53" to="specinterface_ln0" fromId="53" toId="10">
</dataflow>
<dataflow id="109" from="StgValue_53" to="specinterface_ln0" fromId="53" toId="10">
</dataflow>
<dataflow id="110" from="p_str" to="specinterface_ln0" fromId="56" toId="10">
</dataflow>
<dataflow id="111" from="StgValue_53" to="specinterface_ln0" fromId="53" toId="10">
</dataflow>
<dataflow id="112" from="StgValue_53" to="specinterface_ln0" fromId="53" toId="10">
</dataflow>
<dataflow id="113" from="p_str" to="specinterface_ln0" fromId="56" toId="10">
</dataflow>
<dataflow id="114" from="p_str" to="specinterface_ln0" fromId="56" toId="10">
</dataflow>
<dataflow id="115" from="p_str" to="specinterface_ln0" fromId="56" toId="10">
</dataflow>
<dataflow id="116" from="StgValue_63" to="specinterface_ln0" fromId="63" toId="10">
</dataflow>
<dataflow id="117" from="StgValue_63" to="specinterface_ln0" fromId="63" toId="10">
</dataflow>
<dataflow id="118" from="StgValue_66" to="specinterface_ln0" fromId="66" toId="10">
</dataflow>
<dataflow id="119" from="StgValue_66" to="specinterface_ln0" fromId="66" toId="10">
</dataflow>
<dataflow id="120" from="p_str" to="specinterface_ln0" fromId="56" toId="10">
</dataflow>
<dataflow id="121" from="p_str" to="specinterface_ln0" fromId="56" toId="10">
</dataflow>
<dataflow id="122" from="_ssdm_op_SpecInterface" to="specinterface_ln0" fromId="48" toId="11">
</dataflow>
<dataflow id="123" from="img_inp_one_out" to="specinterface_ln0" fromId="33" toId="11">
</dataflow>
<dataflow id="124" from="ap_fifo_str" to="specinterface_ln0" fromId="51" toId="11">
</dataflow>
<dataflow id="125" from="StgValue_53" to="specinterface_ln0" fromId="53" toId="11">
</dataflow>
<dataflow id="126" from="StgValue_53" to="specinterface_ln0" fromId="53" toId="11">
</dataflow>
<dataflow id="127" from="p_str" to="specinterface_ln0" fromId="56" toId="11">
</dataflow>
<dataflow id="128" from="StgValue_53" to="specinterface_ln0" fromId="53" toId="11">
</dataflow>
<dataflow id="129" from="StgValue_53" to="specinterface_ln0" fromId="53" toId="11">
</dataflow>
<dataflow id="130" from="p_str" to="specinterface_ln0" fromId="56" toId="11">
</dataflow>
<dataflow id="131" from="p_str" to="specinterface_ln0" fromId="56" toId="11">
</dataflow>
<dataflow id="132" from="p_str" to="specinterface_ln0" fromId="56" toId="11">
</dataflow>
<dataflow id="133" from="StgValue_63" to="specinterface_ln0" fromId="63" toId="11">
</dataflow>
<dataflow id="134" from="StgValue_63" to="specinterface_ln0" fromId="63" toId="11">
</dataflow>
<dataflow id="135" from="StgValue_66" to="specinterface_ln0" fromId="66" toId="11">
</dataflow>
<dataflow id="136" from="StgValue_66" to="specinterface_ln0" fromId="66" toId="11">
</dataflow>
<dataflow id="137" from="p_str" to="specinterface_ln0" fromId="56" toId="11">
</dataflow>
<dataflow id="139" from="ScalarProp_str" to="specinterface_ln0" fromId="138" toId="11">
</dataflow>
<dataflow id="141" from="_ssdm_op_Write.ap_fifo.i64P0A" to="write_ln0" fromId="140" toId="12">
</dataflow>
<dataflow id="142" from="img_inp_one_out" to="write_ln0" fromId="33" toId="12">
</dataflow>
<dataflow id="143" from="img_inp_one_read" to="write_ln0" fromId="4" toId="12">
</dataflow>
<dataflow id="144" from="_ssdm_op_SpecInterface" to="specinterface_ln0" fromId="48" toId="13">
</dataflow>
<dataflow id="145" from="img_inp_two_out" to="specinterface_ln0" fromId="34" toId="13">
</dataflow>
<dataflow id="146" from="ap_fifo_str" to="specinterface_ln0" fromId="51" toId="13">
</dataflow>
<dataflow id="147" from="StgValue_53" to="specinterface_ln0" fromId="53" toId="13">
</dataflow>
<dataflow id="148" from="StgValue_53" to="specinterface_ln0" fromId="53" toId="13">
</dataflow>
<dataflow id="149" from="p_str" to="specinterface_ln0" fromId="56" toId="13">
</dataflow>
<dataflow id="150" from="StgValue_53" to="specinterface_ln0" fromId="53" toId="13">
</dataflow>
<dataflow id="151" from="StgValue_53" to="specinterface_ln0" fromId="53" toId="13">
</dataflow>
<dataflow id="152" from="p_str" to="specinterface_ln0" fromId="56" toId="13">
</dataflow>
<dataflow id="153" from="p_str" to="specinterface_ln0" fromId="56" toId="13">
</dataflow>
<dataflow id="154" from="p_str" to="specinterface_ln0" fromId="56" toId="13">
</dataflow>
<dataflow id="155" from="StgValue_63" to="specinterface_ln0" fromId="63" toId="13">
</dataflow>
<dataflow id="156" from="StgValue_63" to="specinterface_ln0" fromId="63" toId="13">
</dataflow>
<dataflow id="157" from="StgValue_66" to="specinterface_ln0" fromId="66" toId="13">
</dataflow>
<dataflow id="158" from="StgValue_66" to="specinterface_ln0" fromId="66" toId="13">
</dataflow>
<dataflow id="159" from="p_str" to="specinterface_ln0" fromId="56" toId="13">
</dataflow>
<dataflow id="160" from="ScalarProp_str" to="specinterface_ln0" fromId="138" toId="13">
</dataflow>
<dataflow id="161" from="_ssdm_op_Write.ap_fifo.i64P0A" to="write_ln0" fromId="140" toId="14">
</dataflow>
<dataflow id="162" from="img_inp_two_out" to="write_ln0" fromId="34" toId="14">
</dataflow>
<dataflow id="163" from="img_inp_two_read" to="write_ln0" fromId="3" toId="14">
</dataflow>
<dataflow id="164" from="_ssdm_op_SpecInterface" to="specinterface_ln0" fromId="48" toId="15">
</dataflow>
<dataflow id="165" from="img_out_out" to="specinterface_ln0" fromId="35" toId="15">
</dataflow>
<dataflow id="166" from="ap_fifo_str" to="specinterface_ln0" fromId="51" toId="15">
</dataflow>
<dataflow id="167" from="StgValue_53" to="specinterface_ln0" fromId="53" toId="15">
</dataflow>
<dataflow id="168" from="StgValue_53" to="specinterface_ln0" fromId="53" toId="15">
</dataflow>
<dataflow id="169" from="p_str" to="specinterface_ln0" fromId="56" toId="15">
</dataflow>
<dataflow id="170" from="StgValue_53" to="specinterface_ln0" fromId="53" toId="15">
</dataflow>
<dataflow id="171" from="StgValue_53" to="specinterface_ln0" fromId="53" toId="15">
</dataflow>
<dataflow id="172" from="p_str" to="specinterface_ln0" fromId="56" toId="15">
</dataflow>
<dataflow id="173" from="p_str" to="specinterface_ln0" fromId="56" toId="15">
</dataflow>
<dataflow id="174" from="p_str" to="specinterface_ln0" fromId="56" toId="15">
</dataflow>
<dataflow id="175" from="StgValue_63" to="specinterface_ln0" fromId="63" toId="15">
</dataflow>
<dataflow id="176" from="StgValue_63" to="specinterface_ln0" fromId="63" toId="15">
</dataflow>
<dataflow id="177" from="StgValue_66" to="specinterface_ln0" fromId="66" toId="15">
</dataflow>
<dataflow id="178" from="StgValue_66" to="specinterface_ln0" fromId="66" toId="15">
</dataflow>
<dataflow id="179" from="p_str" to="specinterface_ln0" fromId="56" toId="15">
</dataflow>
<dataflow id="180" from="ScalarProp_str" to="specinterface_ln0" fromId="138" toId="15">
</dataflow>
<dataflow id="181" from="_ssdm_op_Write.ap_fifo.i64P0A" to="write_ln0" fromId="140" toId="16">
</dataflow>
<dataflow id="182" from="img_out_out" to="write_ln0" fromId="35" toId="16">
</dataflow>
<dataflow id="183" from="img_out_read" to="write_ln0" fromId="2" toId="16">
</dataflow>
<dataflow id="185" from="_ssdm_op_Write.ap_fifo.i32P0A" to="write_ln508" fromId="184" toId="17">
</dataflow>
<dataflow id="186" from="imgInput1_rows_out" to="write_ln508" fromId="29" toId="17">
</dataflow>
<dataflow id="187" from="height_read" to="write_ln508" fromId="6" toId="17">
</dataflow>
<dataflow id="188" from="_ssdm_op_Write.ap_fifo.i32P0A" to="write_ln509" fromId="184" toId="18">
</dataflow>
<dataflow id="189" from="imgInput1_cols_out" to="write_ln509" fromId="30" toId="18">
</dataflow>
<dataflow id="190" from="width_read" to="write_ln509" fromId="5" toId="18">
</dataflow>
<dataflow id="191" from="_ssdm_op_Write.ap_fifo.i32P0A" to="write_ln508" fromId="184" toId="19">
</dataflow>
<dataflow id="192" from="imgOutput_rows_out" to="write_ln508" fromId="31" toId="19">
</dataflow>
<dataflow id="193" from="height_read" to="write_ln508" fromId="6" toId="19">
</dataflow>
<dataflow id="194" from="_ssdm_op_Write.ap_fifo.i32P0A" to="write_ln509" fromId="184" toId="20">
</dataflow>
<dataflow id="195" from="imgOutput_cols_out" to="write_ln509" fromId="32" toId="20">
</dataflow>
<dataflow id="196" from="width_read" to="write_ln509" fromId="5" toId="20">
</dataflow>
<dataflow id="198" from="StgValue_197" to="mrv" fromId="197" toId="21">
</dataflow>
<dataflow id="199" from="height_read" to="mrv" fromId="6" toId="21">
</dataflow>
<dataflow id="200" from="mrv" to="mrv_1" fromId="21" toId="22">
</dataflow>
<dataflow id="201" from="width_read" to="mrv_1" fromId="5" toId="22">
</dataflow>
<dataflow id="202" from="mrv_1" to="ret_ln0" fromId="22" toId="23">
</dataflow>
</dataflows>


</stg>
