<profile>

<section name = "Vitis HLS Report for 'Block_split1_proc23'" level="0">
<item name = "Date">Fri Jul 16 11:50:28 2021
</item>
<item name = "Version">2020.2 (Build 3064766 on Wed Nov 18 09:12:45 MST 2020)</item>
<item name = "Project">addWeighted</item>
<item name = "Solution">solution1 (Vivado IP Flow Target)</item>
<item name = "Product family">zynq</item>
<item name = "Target device">xc7z020-clg400-1</item>
</section>

<section name = "Performance Estimates" level="0">
<item name = "Timing">
<section name = "" level="1">
<item name = "Summary"><table name="" hasTotal="0">
<keys size="4">Clock, Target, Estimated, Uncertainty</keys>
<column name="ap_clk">10.00 ns, 3.634 ns, 2.70 ns</column>
</table>
</item>
</section>
</item>
<item name = "Latency">
<section name = "" level="1">
<item name = "Summary"><table name="" hasTotal="0">
<keys size="8">, min, max, min, max, min, max, Type</keys>
<column name="">0, 0, 0 ns, 0 ns, 0, 0, none</column>
</table>
</item>
<item name = "Detail">
<section name = "" level="1">
<item name = "Instance"><table name="" hasTotal="0">
<keys size="9">Instance, Module, min, max, min, max, min, max, Type</keys>
</table>
</item>
<item name = "Loop"><table name="" hasTotal="0">
<keys size="8">Loop Name, min, max, Latency, achieved, target, Count, Pipelined</keys>
</table>
</item>
</section>
</item>
</section>
</item>
</section>

<section name = "Utilization Estimates" level="0">
<item name = "Summary"><table name="" hasTotal="1">
<keys size="6">Name, BRAM_18K, DSP, FF, LUT, URAM</keys>
<column name="DSP">-, -, -, -, -</column>
<column name="Expression">-, -, 0, 2, -</column>
<column name="FIFO">-, -, -, -, -</column>
<column name="Instance">-, -, -, -, -</column>
<column name="Memory">-, -, -, -, -</column>
<column name="Multiplexer">-, -, -, 99, -</column>
<column name="Register">-, -, 67, -, -</column>
<specialColumn name="Available">280, 220, 106400, 53200, 0</specialColumn>
<specialColumn name="Utilization (%)">0, 0, ~0, ~0, 0</specialColumn>
</table>
</item>
<item name = "Detail">
<section name = "" level="1">
<item name = "Instance"><table name="" hasTotal="1">
<keys size="7">Instance, Module, BRAM_18K, DSP, FF, LUT, URAM</keys>
</table>
</item>
<item name = "DSP"><table name="" hasTotal="0">
<keys size="3">Instance, Module, Expression</keys>
</table>
</item>
<item name = "Memory"><table name="" hasTotal="1">
<keys size="10">Memory, Module, BRAM_18K, FF, LUT, URAM, Words, Bits, Banks, W*Bits*Banks</keys>
</table>
</item>
<item name = "FIFO"><table name="" hasTotal="1">
<keys size="8">Name, BRAM_18K, FF, LUT, URAM, Depth, Bits, Size:D*B</keys>
</table>
</item>
<item name = "Expression"><table name="" hasTotal="1">
<keys size="7">Variable Name, Operation, DSP, FF, LUT, Bitwidth P0, Bitwidth P1</keys>
<column name="ap_block_state1">or, 0, 0, 2, 1, 1</column>
</table>
</item>
<item name = "Multiplexer"><table name="" hasTotal="1">
<keys size="5">Name, LUT, Input Size, Bits, Total Bits</keys>
<column name="ap_done">9, 2, 1, 2</column>
<column name="ap_return_0">9, 2, 32, 64</column>
<column name="ap_return_1">9, 2, 32, 64</column>
<column name="imgInput1_cols_out_blk_n">9, 2, 1, 2</column>
<column name="imgInput1_rows_out_blk_n">9, 2, 1, 2</column>
<column name="imgOutput_cols_out_blk_n">9, 2, 1, 2</column>
<column name="imgOutput_rows_out_blk_n">9, 2, 1, 2</column>
<column name="img_inp_one_out_blk_n">9, 2, 1, 2</column>
<column name="img_inp_two_out_blk_n">9, 2, 1, 2</column>
<column name="img_out_out_blk_n">9, 2, 1, 2</column>
<column name="real_start">9, 2, 1, 2</column>
</table>
</item>
<item name = "Register"><table name="" hasTotal="1">
<keys size="5">Name, FF, LUT, Bits, Const Bits</keys>
<column name="ap_CS_fsm">1, 0, 1, 0</column>
<column name="ap_done_reg">1, 0, 1, 0</column>
<column name="ap_return_0_preg">32, 0, 32, 0</column>
<column name="ap_return_1_preg">32, 0, 32, 0</column>
<column name="start_once_reg">1, 0, 1, 0</column>
</table>
</item>
</section>
</item>
</section>

<section name = "Interface" level="0">
<item name = "Summary"><table name="" hasTotal="0">
<keys size="6">RTL Ports, Dir, Bits, Protocol, Source Object, C Type</keys>
<column name="ap_clk">in, 1, ap_ctrl_hs, Block_.split1_proc23, return value</column>
<column name="ap_rst">in, 1, ap_ctrl_hs, Block_.split1_proc23, return value</column>
<column name="ap_start">in, 1, ap_ctrl_hs, Block_.split1_proc23, return value</column>
<column name="start_full_n">in, 1, ap_ctrl_hs, Block_.split1_proc23, return value</column>
<column name="ap_done">out, 1, ap_ctrl_hs, Block_.split1_proc23, return value</column>
<column name="ap_continue">in, 1, ap_ctrl_hs, Block_.split1_proc23, return value</column>
<column name="ap_idle">out, 1, ap_ctrl_hs, Block_.split1_proc23, return value</column>
<column name="ap_ready">out, 1, ap_ctrl_hs, Block_.split1_proc23, return value</column>
<column name="start_out">out, 1, ap_ctrl_hs, Block_.split1_proc23, return value</column>
<column name="start_write">out, 1, ap_ctrl_hs, Block_.split1_proc23, return value</column>
<column name="ap_return_0">out, 32, ap_ctrl_hs, Block_.split1_proc23, return value</column>
<column name="ap_return_1">out, 32, ap_ctrl_hs, Block_.split1_proc23, return value</column>
<column name="height">in, 32, ap_none, height, scalar</column>
<column name="width">in, 32, ap_none, width, scalar</column>
<column name="img_inp_one">in, 64, ap_none, img_inp_one, scalar</column>
<column name="img_inp_two">in, 64, ap_none, img_inp_two, scalar</column>
<column name="img_out">in, 64, ap_none, img_out, scalar</column>
<column name="imgInput1_rows_out_din">out, 32, ap_fifo, imgInput1_rows_out, pointer</column>
<column name="imgInput1_rows_out_full_n">in, 1, ap_fifo, imgInput1_rows_out, pointer</column>
<column name="imgInput1_rows_out_write">out, 1, ap_fifo, imgInput1_rows_out, pointer</column>
<column name="imgInput1_cols_out_din">out, 32, ap_fifo, imgInput1_cols_out, pointer</column>
<column name="imgInput1_cols_out_full_n">in, 1, ap_fifo, imgInput1_cols_out, pointer</column>
<column name="imgInput1_cols_out_write">out, 1, ap_fifo, imgInput1_cols_out, pointer</column>
<column name="imgOutput_rows_out_din">out, 32, ap_fifo, imgOutput_rows_out, pointer</column>
<column name="imgOutput_rows_out_full_n">in, 1, ap_fifo, imgOutput_rows_out, pointer</column>
<column name="imgOutput_rows_out_write">out, 1, ap_fifo, imgOutput_rows_out, pointer</column>
<column name="imgOutput_cols_out_din">out, 32, ap_fifo, imgOutput_cols_out, pointer</column>
<column name="imgOutput_cols_out_full_n">in, 1, ap_fifo, imgOutput_cols_out, pointer</column>
<column name="imgOutput_cols_out_write">out, 1, ap_fifo, imgOutput_cols_out, pointer</column>
<column name="img_inp_one_out_din">out, 64, ap_fifo, img_inp_one_out, pointer</column>
<column name="img_inp_one_out_full_n">in, 1, ap_fifo, img_inp_one_out, pointer</column>
<column name="img_inp_one_out_write">out, 1, ap_fifo, img_inp_one_out, pointer</column>
<column name="img_inp_two_out_din">out, 64, ap_fifo, img_inp_two_out, pointer</column>
<column name="img_inp_two_out_full_n">in, 1, ap_fifo, img_inp_two_out, pointer</column>
<column name="img_inp_two_out_write">out, 1, ap_fifo, img_inp_two_out, pointer</column>
<column name="img_out_out_din">out, 64, ap_fifo, img_out_out, pointer</column>
<column name="img_out_out_full_n">in, 1, ap_fifo, img_out_out, pointer</column>
<column name="img_out_out_write">out, 1, ap_fifo, img_out_out, pointer</column>
</table>
</item>
</section>
</profile>
