<VitisHLS:BurstInfo>
    <burst group="BURST_VERBOSE_MISSED" fe_name="UnknownUnderlyingObjectMissed" src_info="C:/Users/elpri/AppData/Roaming/Xilinx/Vitis/addWeighted/imgproc/xf_add_weighted.hpp:119:24" msg_id="214-117" msg_severity="INFO" msg_body="Cannot find or modify the underlying object pointed by src1_cols" ID="bb0.load.13" VarName="src1_cols"/>
    <burst group="BURST_VERBOSE_MISSED" fe_name="UnknownUnderlyingObjectMissed" src_info="C:/Users/elpri/AppData/Roaming/Xilinx/Vitis/addWeighted/imgproc/xf_add_weighted.hpp:123:109" msg_id="214-117" msg_severity="INFO" msg_body="Cannot find or modify the underlying object pointed by src1_rows" ID="bb0.load.16" VarName="src1_rows"/>
    <burst group="BURST_VERBOSE_MISSED" fe_name="UnknownUnderlyingObjectMissed" src_info="C:/Users/elpri/AppData/Roaming/Xilinx/Vitis/addWeighted/common/xf_structs.hpp:1592:45" msg_id="214-117" msg_severity="INFO" msg_body="Cannot find or modify the underlying object pointed by srcMat_rows" ID="bb0.load.6" VarName="srcMat_rows"/>
    <burst group="BURST_VERBOSE_MISSED" fe_name="UnknownUnderlyingObjectMissed" src_info="C:/Users/elpri/AppData/Roaming/Xilinx/Vitis/addWeighted/common/xf_structs.hpp:1592:58" msg_id="214-117" msg_severity="INFO" msg_body="Cannot find or modify the underlying object pointed by srcMat_cols" ID="bb0.load.7" VarName="srcMat_cols"/>
    <burst group="BURST_VERBOSE_MISSED" fe_name="UnknownUnderlyingObjectMissed" src_info="" msg_id="214-117" msg_severity="INFO" msg_body="Cannot find or modify the underlying object pointed by op2.V" ID="bb0.load.4" VarName="addrbound"/>
    <burst group="BURST_VERBOSE_PASSED" fe_name="BurstInferredPassed" src_info="C:/Users/elpri/AppData/Roaming/Xilinx/Vitis/addWeighted/common/xf_structs.hpp:1402:9" msg_id="214-116" msg_severity="INFO" msg_body="Sequential write of variable length has been inferred over loop 'MMIterOutLoop2'" OldID="bb2.store.8" ID="dout.seq" BundleName="gmem3" VarName="dout"/>
    <burst group="BURST_VERBOSE_MISSED" fe_name="UnknownUnderlyingObjectMissed" src_info="C:/Xilinx/Vitis_HLS/2020.2/common/technology/autopilot\ap_fixed_base.h:672:72" msg_id="214-117" msg_severity="INFO" msg_body="Cannot find or modify the underlying object pointed by alloca" ID="bb0.load.6" VarName="ref.tmp.i.i"/>
    <burst group="BURST_VERBOSE_MISSED" fe_name="UnknownUnderlyingObjectMissed" src_info="C:/Xilinx/Vitis_HLS/2020.2/common/technology/autopilot\ap_fixed_base.h:672:72" msg_id="214-117" msg_severity="INFO" msg_body="Cannot find or modify the underlying object pointed by alloca" ID="bb0.load.11" VarName="ref.tmp.i.i1"/>
    <burst group="BURST_VERBOSE_MISSED" fe_name="UnknownUnderlyingObjectMissed" src_info="C:/Xilinx/Vitis_HLS/2020.2/common/technology/autopilot\ap_fixed_base.h:672:72" msg_id="214-117" msg_severity="INFO" msg_body="Cannot find or modify the underlying object pointed by alloca" ID="bb0.load.16" VarName="ref.tmp.i.i3"/>
    <burst group="BURST_VERBOSE_MISSED" fe_name="UnknownUnderlyingObjectMissed" src_info="" msg_id="214-117" msg_severity="INFO" msg_body="Cannot find or modify the underlying object pointed by op2.V" ID="bb0.load.4" VarName="addrbound"/>
    <burst group="BURST_VERBOSE_PASSED" fe_name="BurstInferredPassed" src_info="C:/Users/elpri/AppData/Roaming/Xilinx/Vitis/addWeighted/common/xf_structs.hpp:1024:9" msg_id="214-116" msg_severity="INFO" msg_body="Sequential read of variable length has been inferred over loop 'MMIterInLoop1'" OldID="bb2.load.6" ID="din.seq" BundleName="gmem2" VarName="din"/>
    <burst group="BURST_VERBOSE_MISSED" fe_name="CouldNotAnalyzeBoundsPatternMissed" src_info="" msg_id="214-252" msg_severity="INFO" msg_body="Cannot analyze the loop bounds of 'anonymous'" resolution="214-252"/>
    <burst group="BURST_VERBOSE_MISSED" fe_name="CouldNotAnalyzeBoundsPatternMissed" src_info="" msg_id="214-252" msg_severity="INFO" msg_body="Cannot analyze the loop bounds of 'anonymous'" resolution="214-252"/>
    <burst group="BURST_VERBOSE_MISSED" fe_name="CouldNotAnalyzeBoundsPatternMissed" src_info="" msg_id="214-252" msg_severity="INFO" msg_body="Cannot analyze the loop bounds of 'anonymous'" resolution="214-252"/>
    <burst group="BURST_VERBOSE_MISSED" fe_name="UnknownUnderlyingObjectMissed" src_info="C:/Xilinx/Vitis_HLS/2020.2/common/technology/autopilot\ap_fixed_base.h:572:15" msg_id="214-117" msg_severity="INFO" msg_body="Cannot find or modify the underlying object pointed by this.V" ID="bb1.store.0" VarName="this"/>
    <burst group="BURST_VERBOSE_MISSED" fe_name="UnknownUnderlyingObjectMissed" src_info="C:/Xilinx/Vitis_HLS/2020.2/common/technology/autopilot\ap_fixed_base.h:583:17" msg_id="214-117" msg_severity="INFO" msg_body="Cannot find or modify the underlying object pointed by this.V" ID="bb3.store.1" VarName="this"/>
    <burst group="BURST_VERBOSE_MISSED" fe_name="UnknownUnderlyingObjectMissed" src_info="C:/Xilinx/Vitis_HLS/2020.2/common/technology/autopilot\ap_fixed_base.h:415:13" msg_id="214-117" msg_severity="INFO" msg_body="Cannot find or modify the underlying object pointed by this.V" ID="_ZN13ap_fixed_baseILi16ELi8ELb1EL9ap_q_mode0EL9ap_o_mode3ELi0EE19quantization_adjustEbbb.exit.store.8" VarName="this"/>
    <burst group="BURST_VERBOSE_MISSED" fe_name="UnknownUnderlyingObjectMissed" src_info="C:/Xilinx/Vitis_HLS/2020.2/common/technology/autopilot\ap_fixed_base.h:586:19" msg_id="214-117" msg_severity="INFO" msg_body="Cannot find or modify the underlying object pointed by this.V" ID="bb6.store.3" VarName="this"/>
    <burst group="BURST_VERBOSE_MISSED" fe_name="UnknownUnderlyingObjectMissed" src_info="C:/Xilinx/Vitis_HLS/2020.2/common/technology/autopilot\ap_fixed_base.h:588:19" msg_id="214-117" msg_severity="INFO" msg_body="Cannot find or modify the underlying object pointed by this.V" ID="bb7.store.2" VarName="this"/>
    <burst group="BURST_VERBOSE_MISSED" fe_name="UnknownUnderlyingObjectMissed" src_info="C:/Xilinx/Vitis_HLS/2020.2/common/technology/autopilot\ap_fixed_base.h:604:19" msg_id="214-117" msg_severity="INFO" msg_body="Cannot find or modify the underlying object pointed by this.V" ID="bb12.store.3" VarName="this"/>
    <burst group="BURST_VERBOSE_MISSED" fe_name="UnknownUnderlyingObjectMissed" src_info="C:/Xilinx/Vitis_HLS/2020.2/common/technology/autopilot\ap_fixed_base.h:606:19" msg_id="214-117" msg_severity="INFO" msg_body="Cannot find or modify the underlying object pointed by this.V" ID="bb13.store.0" VarName="this"/>
    <burst group="BURST_VERBOSE_MISSED" fe_name="UnknownUnderlyingObjectMissed" src_info="C:/Xilinx/Vitis_HLS/2020.2/common/technology/autopilot\ap_fixed_base.h:602:17" msg_id="214-117" msg_severity="INFO" msg_body="Cannot find or modify the underlying object pointed by this.V" ID="bb11.store.1" VarName="this"/>
    <burst group="BURST_VERBOSE_MISSED" fe_name="UnknownUnderlyingObjectMissed" src_info="C:/Users/elpri/AppData/Roaming/Xilinx/Vitis/addWeighted/common/xf_structs.hpp:1266:45" msg_id="214-117" msg_severity="INFO" msg_body="Cannot find or modify the underlying object pointed by dstMat_rows" ID="bb0.load.6" VarName="dstMat_rows"/>
    <burst group="BURST_VERBOSE_MISSED" fe_name="UnknownUnderlyingObjectMissed" src_info="C:/Users/elpri/AppData/Roaming/Xilinx/Vitis/addWeighted/common/xf_structs.hpp:1266:58" msg_id="214-117" msg_severity="INFO" msg_body="Cannot find or modify the underlying object pointed by dstMat_cols" ID="bb0.load.7" VarName="dstMat_cols"/>
    <burst group="BURST_SUMMARY" fe_name="BurstInferredSummaryPassed" src_info="C:/Users/elpri/AppData/Roaming/Xilinx/Vitis/addWeighted/common/xf_structs.hpp:1024:9" msg_id="214-115" msg_severity="INFO" msg_body="Multiple burst reads of variable length and bit width 32 in loop 'MMIterInLoop1' has been inferred on port 'gmem1'"/>
    <burst group="BURST_SUMMARY" fe_name="BurstInferredSummaryPassed" src_info="C:/Users/elpri/AppData/Roaming/Xilinx/Vitis/addWeighted/common/xf_structs.hpp:1402:9" msg_id="214-115" msg_severity="INFO" msg_body="Multiple burst writes of variable length and bit width 32 in loop 'MMIterOutLoop2' has been inferred on port 'gmem3'"/>
</VitisHLS:BurstInfo>

