<stg><name>Mat2AxiStream</name>


<trans_list>

<trans id="22" from="1" to="2">
<condition id="-1">
<or_exp><and_exp></and_exp></or_exp>
</condition>
</trans>

<trans id="23" from="2" to="3">
<condition id="-1">
<or_exp><and_exp></and_exp></or_exp>
</condition>
</trans>
</trans_list>



<state_list>

<state id="1" st_id="1">

<operation id="4" st_id="1" stage="1" lat="1">
<core>FIFO_SRL</core>
<MemPortIdVec></MemPortIdVec>
<condition id="-1">
<or_exp><and_exp></and_exp></or_exp>
</condition>

<Node id="5" bw="4" op_0_bw="64">
<![CDATA[
entry:0 %p_channel = alloca i64 1

]]></Node>
<StgValue><ssdm name="p_channel"/></StgValue>
</operation>

<operation id="5" st_id="1" stage="1" lat="1">
<core>FIFO_SRL</core>
<MemPortIdVec></MemPortIdVec>
<condition id="-1">
<or_exp><and_exp></and_exp></or_exp>
</condition>

<Node id="6" bw="32" op_0_bw="64">
<![CDATA[
entry:1 %cols_c_i = alloca i64 1

]]></Node>
<StgValue><ssdm name="cols_c_i"/></StgValue>
</operation>

<operation id="6" st_id="1" stage="1" lat="1">
<core>FIFO_SRL</core>
<MemPortIdVec></MemPortIdVec>
<condition id="-1">
<or_exp><and_exp></and_exp></or_exp>
</condition>

<Node id="7" bw="32" op_0_bw="64">
<![CDATA[
entry:2 %rows_c_i = alloca i64 1

]]></Node>
<StgValue><ssdm name="rows_c_i"/></StgValue>
</operation>

<operation id="7" st_id="1" stage="1" lat="1">
<core></core>
<MemPortIdVec></MemPortIdVec>
<condition id="-1">
<or_exp><and_exp></and_exp></or_exp>
</condition>

<Node id="19" bw="0" op_0_bw="0" op_1_bw="4" op_2_bw="32" op_3_bw="32" op_4_bw="32" op_5_bw="32">
<![CDATA[
entry:14 %call_ln1377 = call void @last_blk_pxl_width15, i4 %p_channel, i32 %rows, i32 %cols, i32 %rows_c_i, i32 %cols_c_i

]]></Node>
<StgValue><ssdm name="call_ln1377"/></StgValue>
</operation>
</state>

<state id="2" st_id="2">

<operation id="8" st_id="2" stage="2" lat="2">
<core></core>
<MemPortIdVec></MemPortIdVec>
<condition id="-1">
<or_exp><and_exp></and_exp></or_exp>
</condition>

<Node id="20" bw="0" op_0_bw="0" op_1_bw="24" op_2_bw="32" op_3_bw="32" op_4_bw="32" op_5_bw="4" op_6_bw="0" op_7_bw="0">
<![CDATA[
entry:15 %call_ln1378 = call void @MatStream2AxiStream, i24 %imgOutput_436, i32 %ldata1, i32 %rows_c_i, i32 %cols_c_i, i4 %p_channel

]]></Node>
<StgValue><ssdm name="call_ln1378"/></StgValue>
</operation>
</state>

<state id="3" st_id="3">

<operation id="9" st_id="3" stage="1" lat="1">
<core>NULL</core>
<MemPortIdVec></MemPortIdVec>
<condition id="-1">
<or_exp><and_exp></and_exp></or_exp>
</condition>

<Node id="8" bw="0" op_0_bw="0" op_1_bw="24" op_2_bw="0" op_3_bw="32" op_4_bw="32" op_5_bw="0" op_6_bw="32" op_7_bw="32" op_8_bw="0" op_9_bw="0" op_10_bw="0" op_11_bw="32" op_12_bw="32" op_13_bw="32" op_14_bw="32" op_15_bw="0" op_16_bw="0">
<![CDATA[
entry:3 %specinterface_ln0 = specinterface void @_ssdm_op_SpecInterface, i24 %imgOutput_436, void @empty_2, i32 0, i32 0, void @empty_18, i32 0, i32 0, void @empty_18, void @empty_18, void @empty_18, i32 0, i32 0, i32 0, i32 0, void @empty_18, void @empty_18

]]></Node>
<StgValue><ssdm name="specinterface_ln0"/></StgValue>
</operation>

<operation id="10" st_id="3" stage="1" lat="1">
<core>NULL</core>
<MemPortIdVec></MemPortIdVec>
<condition id="-1">
<or_exp><and_exp></and_exp></or_exp>
</condition>

<Node id="9" bw="0" op_0_bw="0" op_1_bw="32" op_2_bw="0" op_3_bw="32" op_4_bw="32" op_5_bw="0" op_6_bw="32" op_7_bw="32" op_8_bw="0" op_9_bw="0" op_10_bw="0" op_11_bw="32" op_12_bw="32" op_13_bw="32" op_14_bw="32" op_15_bw="0" op_16_bw="0">
<![CDATA[
entry:4 %specinterface_ln0 = specinterface void @_ssdm_op_SpecInterface, i32 %ldata1, void @empty_2, i32 0, i32 0, void @empty_18, i32 0, i32 0, void @empty_18, void @empty_18, void @empty_18, i32 0, i32 0, i32 0, i32 0, void @empty_18, void @empty_18

]]></Node>
<StgValue><ssdm name="specinterface_ln0"/></StgValue>
</operation>

<operation id="11" st_id="3" stage="1" lat="1">
<core>NULL</core>
<MemPortIdVec></MemPortIdVec>
<condition id="-1">
<or_exp><and_exp></and_exp></or_exp>
</condition>

<Node id="10" bw="0" op_0_bw="0" op_1_bw="32" op_2_bw="0" op_3_bw="32" op_4_bw="32" op_5_bw="0" op_6_bw="32" op_7_bw="32" op_8_bw="0" op_9_bw="0" op_10_bw="0" op_11_bw="32" op_12_bw="32" op_13_bw="32" op_14_bw="32" op_15_bw="0" op_16_bw="0">
<![CDATA[
entry:5 %specinterface_ln0 = specinterface void @_ssdm_op_SpecInterface, i32 %cols, void @ap_fifo_str, i32 0, i32 0, void @p_str, i32 0, i32 0, void @p_str, void @p_str, void @p_str, i32 2, i32 2, i32 16, i32 16, void @p_str, void @ScalarProp_str

]]></Node>
<StgValue><ssdm name="specinterface_ln0"/></StgValue>
</operation>

<operation id="12" st_id="3" stage="1" lat="1">
<core>NULL</core>
<MemPortIdVec></MemPortIdVec>
<condition id="-1">
<or_exp><and_exp></and_exp></or_exp>
</condition>

<Node id="11" bw="0" op_0_bw="0" op_1_bw="32" op_2_bw="0" op_3_bw="32" op_4_bw="32" op_5_bw="0" op_6_bw="32" op_7_bw="32" op_8_bw="0" op_9_bw="0" op_10_bw="0" op_11_bw="32" op_12_bw="32" op_13_bw="32" op_14_bw="32" op_15_bw="0" op_16_bw="0">
<![CDATA[
entry:6 %specinterface_ln0 = specinterface void @_ssdm_op_SpecInterface, i32 %rows, void @ap_fifo_str, i32 0, i32 0, void @p_str, i32 0, i32 0, void @p_str, void @p_str, void @p_str, i32 2, i32 2, i32 16, i32 16, void @p_str, void @ScalarProp_str

]]></Node>
<StgValue><ssdm name="specinterface_ln0"/></StgValue>
</operation>

<operation id="13" st_id="3" stage="1" lat="1">
<core>NULL</core>
<MemPortIdVec></MemPortIdVec>
<condition id="-1">
<or_exp><and_exp></and_exp></or_exp>
</condition>

<Node id="12" bw="0" op_0_bw="0" op_1_bw="32" op_2_bw="32" op_3_bw="0">
<![CDATA[
entry:7 %specdataflowpipeline_ln1372 = specdataflowpipeline void @_ssdm_op_SpecDataflowPipeline, i32 4294967295, i32 0, void @empty_18

]]></Node>
<StgValue><ssdm name="specdataflowpipeline_ln1372"/></StgValue>
</operation>

<operation id="14" st_id="3" stage="1" lat="1">
<core>NULL</core>
<MemPortIdVec></MemPortIdVec>
<condition id="-1">
<or_exp><and_exp></and_exp></or_exp>
</condition>

<Node id="13" bw="0" op_0_bw="0" op_1_bw="32" op_2_bw="0" op_3_bw="32" op_4_bw="32" op_5_bw="0" op_6_bw="32" op_7_bw="32" op_8_bw="0" op_9_bw="0" op_10_bw="0" op_11_bw="32" op_12_bw="32" op_13_bw="32" op_14_bw="32" op_15_bw="0" op_16_bw="0">
<![CDATA[
entry:8 %specinterface_ln0 = specinterface void @_ssdm_op_SpecInterface, i32 %ldata1, void @empty_2, i32 0, i32 0, void @empty_18, i32 0, i32 0, void @empty_18, void @empty_18, void @empty_18, i32 0, i32 0, i32 0, i32 0, void @empty_18, void @empty_18

]]></Node>
<StgValue><ssdm name="specinterface_ln0"/></StgValue>
</operation>

<operation id="15" st_id="3" stage="1" lat="1">
<core>NULL</core>
<MemPortIdVec></MemPortIdVec>
<condition id="-1">
<or_exp><and_exp></and_exp></or_exp>
</condition>

<Node id="14" bw="0" op_0_bw="0" op_1_bw="24" op_2_bw="0" op_3_bw="32" op_4_bw="32" op_5_bw="0" op_6_bw="32" op_7_bw="32" op_8_bw="0" op_9_bw="0" op_10_bw="0" op_11_bw="32" op_12_bw="32" op_13_bw="32" op_14_bw="32" op_15_bw="0" op_16_bw="0">
<![CDATA[
entry:9 %specinterface_ln0 = specinterface void @_ssdm_op_SpecInterface, i24 %imgOutput_436, void @empty_2, i32 0, i32 0, void @empty_18, i32 0, i32 0, void @empty_18, void @empty_18, void @empty_18, i32 0, i32 0, i32 0, i32 0, void @empty_18, void @empty_18

]]></Node>
<StgValue><ssdm name="specinterface_ln0"/></StgValue>
</operation>

<operation id="16" st_id="3" stage="1" lat="1">
<core>NULL</core>
<MemPortIdVec></MemPortIdVec>
<condition id="-1">
<or_exp><and_exp></and_exp></or_exp>
</condition>

<Node id="15" bw="32" op_0_bw="32" op_1_bw="0" op_2_bw="32" op_3_bw="0" op_4_bw="0" op_5_bw="32" op_6_bw="32" op_7_bw="32" op_8_bw="32">
<![CDATA[
entry:10 %empty = specchannel i32 @_ssdm_op_SpecChannel, void @rows_c_str, i32 1, void @p_str, void @p_str, i32 2, i32 0, i32 %rows_c_i, i32 %rows_c_i

]]></Node>
<StgValue><ssdm name="empty"/></StgValue>
</operation>

<operation id="17" st_id="3" stage="1" lat="1">
<core>NULL</core>
<MemPortIdVec></MemPortIdVec>
<condition id="-1">
<or_exp><and_exp></and_exp></or_exp>
</condition>

<Node id="16" bw="0" op_0_bw="0" op_1_bw="32" op_2_bw="0" op_3_bw="32" op_4_bw="32" op_5_bw="0" op_6_bw="32" op_7_bw="32" op_8_bw="0" op_9_bw="0" op_10_bw="0" op_11_bw="32" op_12_bw="32" op_13_bw="32" op_14_bw="32" op_15_bw="0" op_16_bw="0">
<![CDATA[
entry:11 %specinterface_ln1377 = specinterface void @_ssdm_op_SpecInterface, i32 %rows_c_i, void @ap_fifo_str, i32 0, i32 0, void @p_str, i32 0, i32 0, void @p_str, void @p_str, void @p_str, i32 2, i32 2, i32 16, i32 16, void @p_str, void @p_str

]]></Node>
<StgValue><ssdm name="specinterface_ln1377"/></StgValue>
</operation>

<operation id="18" st_id="3" stage="1" lat="1">
<core>NULL</core>
<MemPortIdVec></MemPortIdVec>
<condition id="-1">
<or_exp><and_exp></and_exp></or_exp>
</condition>

<Node id="17" bw="32" op_0_bw="32" op_1_bw="0" op_2_bw="32" op_3_bw="0" op_4_bw="0" op_5_bw="32" op_6_bw="32" op_7_bw="32" op_8_bw="32">
<![CDATA[
entry:12 %empty_73 = specchannel i32 @_ssdm_op_SpecChannel, void @cols_c_str, i32 1, void @p_str, void @p_str, i32 2, i32 0, i32 %cols_c_i, i32 %cols_c_i

]]></Node>
<StgValue><ssdm name="empty_73"/></StgValue>
</operation>

<operation id="19" st_id="3" stage="1" lat="1">
<core>NULL</core>
<MemPortIdVec></MemPortIdVec>
<condition id="-1">
<or_exp><and_exp></and_exp></or_exp>
</condition>

<Node id="18" bw="0" op_0_bw="0" op_1_bw="32" op_2_bw="0" op_3_bw="32" op_4_bw="32" op_5_bw="0" op_6_bw="32" op_7_bw="32" op_8_bw="0" op_9_bw="0" op_10_bw="0" op_11_bw="32" op_12_bw="32" op_13_bw="32" op_14_bw="32" op_15_bw="0" op_16_bw="0">
<![CDATA[
entry:13 %specinterface_ln1376 = specinterface void @_ssdm_op_SpecInterface, i32 %cols_c_i, void @ap_fifo_str, i32 0, i32 0, void @p_str, i32 0, i32 0, void @p_str, void @p_str, void @p_str, i32 2, i32 2, i32 16, i32 16, void @p_str, void @p_str

]]></Node>
<StgValue><ssdm name="specinterface_ln1376"/></StgValue>
</operation>

<operation id="20" st_id="3" stage="1" lat="2">
<core></core>
<MemPortIdVec></MemPortIdVec>
<condition id="-1">
<or_exp><and_exp></and_exp></or_exp>
</condition>

<Node id="20" bw="0" op_0_bw="0" op_1_bw="24" op_2_bw="32" op_3_bw="32" op_4_bw="32" op_5_bw="4" op_6_bw="0" op_7_bw="0">
<![CDATA[
entry:15 %call_ln1378 = call void @MatStream2AxiStream, i24 %imgOutput_436, i32 %ldata1, i32 %rows_c_i, i32 %cols_c_i, i4 %p_channel

]]></Node>
<StgValue><ssdm name="call_ln1378"/></StgValue>
</operation>

<operation id="21" st_id="3" stage="1" lat="1">
<core>NULL</core>
<MemPortIdVec></MemPortIdVec>
<condition id="-1">
<or_exp><and_exp></and_exp></or_exp>
</condition>

<Node id="21" bw="0">
<![CDATA[
entry:16 %ret_ln301 = ret

]]></Node>
<StgValue><ssdm name="ret_ln301"/></StgValue>
</operation>
</state>
</state_list>


<ports>
</ports>


<dataflows>
</dataflows>


</stg>
