<stg><name>Mat2AxiStream</name>


<trans_list>

<trans id="22" from="1" to="2">
<condition id="-1">
<or_exp><and_exp></and_exp></or_exp>
</condition>
</trans>

<trans id="23" from="2" to="3">
<condition id="-1">
<or_exp><and_exp></and_exp></or_exp>
</condition>
</trans>
</trans_list>



<state_list>

<state id="1" st_id="1">

<operation id="4" st_id="1" stage="1" lat="1">
<core>FIFO_SRL</core>
<MemPortIdVec></MemPortIdVec>
<condition id="-1">
<or_exp><and_exp></and_exp></or_exp>
</condition>

<Node id="5" bw="4" op_0_bw="64">
<![CDATA[
entry:0 %p_channel = alloca i64 1

]]></Node>
<StgValue><ssdm name="p_channel"/></StgValue>
</operation>

<operation id="5" st_id="1" stage="1" lat="1">
<core>FIFO_SRL</core>
<MemPortIdVec></MemPortIdVec>
<condition id="-1">
<or_exp><and_exp></and_exp></or_exp>
</condition>

<Node id="6" bw="32" op_0_bw="64">
<![CDATA[
entry:1 %cols_c_i = alloca i64 1

]]></Node>
<StgValue><ssdm name="cols_c_i"/></StgValue>
</operation>

<operation id="6" st_id="1" stage="1" lat="1">
<core>FIFO_SRL</core>
<MemPortIdVec></MemPortIdVec>
<condition id="-1">
<or_exp><and_exp></and_exp></or_exp>
</condition>

<Node id="7" bw="32" op_0_bw="64">
<![CDATA[
entry:2 %rows_c_i = alloca i64 1

]]></Node>
<StgValue><ssdm name="rows_c_i"/></StgValue>
</operation>

<operation id="7" st_id="1" stage="1" lat="1">
<core></core>
<MemPortIdVec></MemPortIdVec>
<condition id="-1">
<or_exp><and_exp></and_exp></or_exp>
</condition>

<Node id="19" bw="0" op_0_bw="0" op_1_bw="4" op_2_bw="32" op_3_bw="32" op_4_bw="32" op_5_bw="32">
<![CDATA[
entry:14 %call_ln1377 = call void @last_blk_pxl_width15, i4 %p_channel, i32 %rows, i32 %cols, i32 %rows_c_i, i32 %cols_c_i

]]></Node>
<StgValue><ssdm name="call_ln1377"/></StgValue>
</operation>
</state>

<state id="2" st_id="2">

<operation id="8" st_id="2" stage="2" lat="2">
<core></core>
<MemPortIdVec></MemPortIdVec>
<condition id="-1">
<or_exp><and_exp></and_exp></or_exp>
</condition>

<Node id="20" bw="0" op_0_bw="0" op_1_bw="24" op_2_bw="32" op_3_bw="32" op_4_bw="32" op_5_bw="4" op_6_bw="0" op_7_bw="0">
<![CDATA[
entry:15 %call_ln1378 = call void @MatStream2AxiStream, i24 %imgOutput_436, i32 %ldata1, i32 %rows_c_i, i32 %cols_c_i, i4 %p_channel

]]></Node>
<StgValue><ssdm name="call_ln1378"/></StgValue>
</operation>
</state>

<state id="3" st_id="3">

<operation id="9" st_id="3" stage="1" lat="1">
<core>NULL</core>
<MemPortIdVec></MemPortIdVec>
<condition id="-1">
<or_exp><and_exp></and_exp></or_exp>
</condition>

<Node id="8" bw="0" op_0_bw="0" op_1_bw="24" op_2_bw="0" op_3_bw="32" op_4_bw="32" op_5_bw="0" op_6_bw="32" op_7_bw="32" op_8_bw="0" op_9_bw="0" op_10_bw="0" op_11_bw="32" op_12_bw="32" op_13_bw="32" op_14_bw="32" op_15_bw="0" op_16_bw="0">
<![CDATA[
entry:3 %specinterface_ln0 = specinterface void @_ssdm_op_SpecInterface, i24 %imgOutput_436, void @empty_2, i32 0, i32 0, void @empty_18, i32 0, i32 0, void @empty_18, void @empty_18, void @empty_18, i32 0, i32 0, i32 0, i32 0, void @empty_18, void @empty_18

]]></Node>
<StgValue><ssdm name="specinterface_ln0"/></StgValue>
</operation>

<operation id="10" st_id="3" stage="1" lat="1">
<core>NULL</core>
<MemPortIdVec></MemPortIdVec>
<condition id="-1">
<or_exp><and_exp></and_exp></or_exp>
</condition>

<Node id="9" bw="0" op_0_bw="0" op_1_bw="32" op_2_bw="0" op_3_bw="32" op_4_bw="32" op_5_bw="0" op_6_bw="32" op_7_bw="32" op_8_bw="0" op_9_bw="0" op_10_bw="0" op_11_bw="32" op_12_bw="32" op_13_bw="32" op_14_bw="32" op_15_bw="0" op_16_bw="0">
<![CDATA[
entry:4 %specinterface_ln0 = specinterface void @_ssdm_op_SpecInterface, i32 %ldata1, void @empty_2, i32 0, i32 0, void @empty_18, i32 0, i32 0, void @empty_18, void @empty_18, void @empty_18, i32 0, i32 0, i32 0, i32 0, void @empty_18, void @empty_18

]]></Node>
<StgValue><ssdm name="specinterface_ln0"/></StgValue>
</operation>

<operation id="11" st_id="3" stage="1" lat="1">
<core>NULL</core>
<MemPortIdVec></MemPortIdVec>
<condition id="-1">
<or_exp><and_exp></and_exp></or_exp>
</condition>

<Node id="10" bw="0" op_0_bw="0" op_1_bw="32" op_2_bw="0" op_3_bw="32" op_4_bw="32" op_5_bw="0" op_6_bw="32" op_7_bw="32" op_8_bw="0" op_9_bw="0" op_10_bw="0" op_11_bw="32" op_12_bw="32" op_13_bw="32" op_14_bw="32" op_15_bw="0" op_16_bw="0">
<![CDATA[
entry:5 %specinterface_ln0 = specinterface void @_ssdm_op_SpecInterface, i32 %cols, void @ap_fifo_str, i32 0, i32 0, void @p_str, i32 0, i32 0, void @p_str, void @p_str, void @p_str, i32 2, i32 2, i32 16, i32 16, void @p_str, void @ScalarProp_str

]]></Node>
<StgValue><ssdm name="specinterface_ln0"/></StgValue>
</operation>

<operation id="12" st_id="3" stage="1" lat="1">
<core>NULL</core>
<MemPortIdVec></MemPortIdVec>
<condition id="-1">
<or_exp><and_exp></and_exp></or_exp>
</condition>

<Node id="11" bw="0" op_0_bw="0" op_1_bw="32" op_2_bw="0" op_3_bw="32" op_4_bw="32" op_5_bw="0" op_6_bw="32" op_7_bw="32" op_8_bw="0" op_9_bw="0" op_10_bw="0" op_11_bw="32" op_12_bw="32" op_13_bw="32" op_14_bw="32" op_15_bw="0" op_16_bw="0">
<![CDATA[
entry:6 %specinterface_ln0 = specinterface void @_ssdm_op_SpecInterface, i32 %rows, void @ap_fifo_str, i32 0, i32 0, void @p_str, i32 0, i32 0, void @p_str, void @p_str, void @p_str, i32 2, i32 2, i32 16, i32 16, void @p_str, void @ScalarProp_str

]]></Node>
<StgValue><ssdm name="specinterface_ln0"/></StgValue>
</operation>

<operation id="13" st_id="3" stage="1" lat="1">
<core>NULL</core>
<MemPortIdVec></MemPortIdVec>
<condition id="-1">
<or_exp><and_exp></and_exp></or_exp>
</condition>

<Node id="12" bw="0" op_0_bw="0" op_1_bw="32" op_2_bw="32" op_3_bw="0">
<![CDATA[
entry:7 %specdataflowpipeline_ln1372 = specdataflowpipeline void @_ssdm_op_SpecDataflowPipeline, i32 4294967295, i32 0, void @empty_18

]]></Node>
<StgValue><ssdm name="specdataflowpipeline_ln1372"/></StgValue>
</operation>

<operation id="14" st_id="3" stage="1" lat="1">
<core>NULL</core>
<MemPortIdVec></MemPortIdVec>
<condition id="-1">
<or_exp><and_exp></and_exp></or_exp>
</condition>

<Node id="13" bw="0" op_0_bw="0" op_1_bw="32" op_2_bw="0" op_3_bw="32" op_4_bw="32" op_5_bw="0" op_6_bw="32" op_7_bw="32" op_8_bw="0" op_9_bw="0" op_10_bw="0" op_11_bw="32" op_12_bw="32" op_13_bw="32" op_14_bw="32" op_15_bw="0" op_16_bw="0">
<![CDATA[
entry:8 %specinterface_ln0 = specinterface void @_ssdm_op_SpecInterface, i32 %ldata1, void @empty_2, i32 0, i32 0, void @empty_18, i32 0, i32 0, void @empty_18, void @empty_18, void @empty_18, i32 0, i32 0, i32 0, i32 0, void @empty_18, void @empty_18

]]></Node>
<StgValue><ssdm name="specinterface_ln0"/></StgValue>
</operation>

<operation id="15" st_id="3" stage="1" lat="1">
<core>NULL</core>
<MemPortIdVec></MemPortIdVec>
<condition id="-1">
<or_exp><and_exp></and_exp></or_exp>
</condition>

<Node id="14" bw="0" op_0_bw="0" op_1_bw="24" op_2_bw="0" op_3_bw="32" op_4_bw="32" op_5_bw="0" op_6_bw="32" op_7_bw="32" op_8_bw="0" op_9_bw="0" op_10_bw="0" op_11_bw="32" op_12_bw="32" op_13_bw="32" op_14_bw="32" op_15_bw="0" op_16_bw="0">
<![CDATA[
entry:9 %specinterface_ln0 = specinterface void @_ssdm_op_SpecInterface, i24 %imgOutput_436, void @empty_2, i32 0, i32 0, void @empty_18, i32 0, i32 0, void @empty_18, void @empty_18, void @empty_18, i32 0, i32 0, i32 0, i32 0, void @empty_18, void @empty_18

]]></Node>
<StgValue><ssdm name="specinterface_ln0"/></StgValue>
</operation>

<operation id="16" st_id="3" stage="1" lat="1">
<core>NULL</core>
<MemPortIdVec></MemPortIdVec>
<condition id="-1">
<or_exp><and_exp></and_exp></or_exp>
</condition>

<Node id="15" bw="32" op_0_bw="32" op_1_bw="0" op_2_bw="32" op_3_bw="0" op_4_bw="0" op_5_bw="32" op_6_bw="32" op_7_bw="32" op_8_bw="32">
<![CDATA[
entry:10 %empty = specchannel i32 @_ssdm_op_SpecChannel, void @rows_c_str, i32 1, void @p_str, void @p_str, i32 2, i32 0, i32 %rows_c_i, i32 %rows_c_i

]]></Node>
<StgValue><ssdm name="empty"/></StgValue>
</operation>

<operation id="17" st_id="3" stage="1" lat="1">
<core>NULL</core>
<MemPortIdVec></MemPortIdVec>
<condition id="-1">
<or_exp><and_exp></and_exp></or_exp>
</condition>

<Node id="16" bw="0" op_0_bw="0" op_1_bw="32" op_2_bw="0" op_3_bw="32" op_4_bw="32" op_5_bw="0" op_6_bw="32" op_7_bw="32" op_8_bw="0" op_9_bw="0" op_10_bw="0" op_11_bw="32" op_12_bw="32" op_13_bw="32" op_14_bw="32" op_15_bw="0" op_16_bw="0">
<![CDATA[
entry:11 %specinterface_ln1377 = specinterface void @_ssdm_op_SpecInterface, i32 %rows_c_i, void @ap_fifo_str, i32 0, i32 0, void @p_str, i32 0, i32 0, void @p_str, void @p_str, void @p_str, i32 2, i32 2, i32 16, i32 16, void @p_str, void @p_str

]]></Node>
<StgValue><ssdm name="specinterface_ln1377"/></StgValue>
</operation>

<operation id="18" st_id="3" stage="1" lat="1">
<core>NULL</core>
<MemPortIdVec></MemPortIdVec>
<condition id="-1">
<or_exp><and_exp></and_exp></or_exp>
</condition>

<Node id="17" bw="32" op_0_bw="32" op_1_bw="0" op_2_bw="32" op_3_bw="0" op_4_bw="0" op_5_bw="32" op_6_bw="32" op_7_bw="32" op_8_bw="32">
<![CDATA[
entry:12 %empty_73 = specchannel i32 @_ssdm_op_SpecChannel, void @cols_c_str, i32 1, void @p_str, void @p_str, i32 2, i32 0, i32 %cols_c_i, i32 %cols_c_i

]]></Node>
<StgValue><ssdm name="empty_73"/></StgValue>
</operation>

<operation id="19" st_id="3" stage="1" lat="1">
<core>NULL</core>
<MemPortIdVec></MemPortIdVec>
<condition id="-1">
<or_exp><and_exp></and_exp></or_exp>
</condition>

<Node id="18" bw="0" op_0_bw="0" op_1_bw="32" op_2_bw="0" op_3_bw="32" op_4_bw="32" op_5_bw="0" op_6_bw="32" op_7_bw="32" op_8_bw="0" op_9_bw="0" op_10_bw="0" op_11_bw="32" op_12_bw="32" op_13_bw="32" op_14_bw="32" op_15_bw="0" op_16_bw="0">
<![CDATA[
entry:13 %specinterface_ln1376 = specinterface void @_ssdm_op_SpecInterface, i32 %cols_c_i, void @ap_fifo_str, i32 0, i32 0, void @p_str, i32 0, i32 0, void @p_str, void @p_str, void @p_str, i32 2, i32 2, i32 16, i32 16, void @p_str, void @p_str

]]></Node>
<StgValue><ssdm name="specinterface_ln1376"/></StgValue>
</operation>

<operation id="20" st_id="3" stage="1" lat="2">
<core></core>
<MemPortIdVec></MemPortIdVec>
<condition id="-1">
<or_exp><and_exp></and_exp></or_exp>
</condition>

<Node id="20" bw="0" op_0_bw="0" op_1_bw="24" op_2_bw="32" op_3_bw="32" op_4_bw="32" op_5_bw="4" op_6_bw="0" op_7_bw="0">
<![CDATA[
entry:15 %call_ln1378 = call void @MatStream2AxiStream, i24 %imgOutput_436, i32 %ldata1, i32 %rows_c_i, i32 %cols_c_i, i4 %p_channel

]]></Node>
<StgValue><ssdm name="call_ln1378"/></StgValue>
</operation>

<operation id="21" st_id="3" stage="1" lat="1">
<core>NULL</core>
<MemPortIdVec></MemPortIdVec>
<condition id="-1">
<or_exp><and_exp></and_exp></or_exp>
</condition>

<Node id="21" bw="0">
<![CDATA[
entry:16 %ret_ln301 = ret

]]></Node>
<StgValue><ssdm name="ret_ln301"/></StgValue>
</operation>
</state>
</state_list>


<ports>
<port id="25" name="imgOutput_436" dir="0" iftype="3">
<core>FIFO_SRL</core><StgValue><ssdm name="imgOutput_436"/></StgValue>
</port>
<port id="26" name="ldata1" dir="1" iftype="3">
<core>FIFO_SRL</core><StgValue><ssdm name="ldata1"/></StgValue>
</port>
<port id="27" name="rows" dir="0" iftype="3">
<core>FIFO_SRL</core><StgValue><ssdm name="rows"/></StgValue>
</port>
<port id="28" name="cols" dir="0" iftype="3">
<core>FIFO_SRL</core><StgValue><ssdm name="cols"/></StgValue>
</port>
</ports>


<dataflows>
<dataflow id="30" from="StgValue_29" to="p_channel" fromId="29" toId="4">
</dataflow>
<dataflow id="31" from="StgValue_29" to="cols_c_i" fromId="29" toId="5">
</dataflow>
<dataflow id="32" from="StgValue_29" to="rows_c_i" fromId="29" toId="6">
</dataflow>
<dataflow id="34" from="last_blk_pxl_width15" to="call_ln1377" fromId="33" toId="7">
</dataflow>
<dataflow id="35" from="p_channel" to="call_ln1377" fromId="4" toId="7">
</dataflow>
<dataflow id="36" from="rows" to="call_ln1377" fromId="27" toId="7">
</dataflow>
<dataflow id="37" from="cols" to="call_ln1377" fromId="28" toId="7">
</dataflow>
<dataflow id="38" from="rows_c_i" to="call_ln1377" fromId="6" toId="7">
</dataflow>
<dataflow id="39" from="cols_c_i" to="call_ln1377" fromId="5" toId="7">
</dataflow>
<dataflow id="41" from="MatStream2AxiStream" to="call_ln1378" fromId="40" toId="8">
</dataflow>
<dataflow id="42" from="imgOutput_436" to="call_ln1378" fromId="25" toId="8">
</dataflow>
<dataflow id="43" from="ldata1" to="call_ln1378" fromId="26" toId="8">
</dataflow>
<dataflow id="44" from="rows_c_i" to="call_ln1378" fromId="6" toId="8">
</dataflow>
<dataflow id="45" from="cols_c_i" to="call_ln1378" fromId="5" toId="8">
</dataflow>
<dataflow id="46" from="p_channel" to="call_ln1378" fromId="4" toId="8">
</dataflow>
<dataflow id="48" from="_ssdm_op_SpecInterface" to="specinterface_ln0" fromId="47" toId="9">
</dataflow>
<dataflow id="49" from="imgOutput_436" to="specinterface_ln0" fromId="25" toId="9">
</dataflow>
<dataflow id="51" from="empty_2" to="specinterface_ln0" fromId="50" toId="9">
</dataflow>
<dataflow id="53" from="StgValue_52" to="specinterface_ln0" fromId="52" toId="9">
</dataflow>
<dataflow id="54" from="StgValue_52" to="specinterface_ln0" fromId="52" toId="9">
</dataflow>
<dataflow id="56" from="empty_18" to="specinterface_ln0" fromId="55" toId="9">
</dataflow>
<dataflow id="57" from="StgValue_52" to="specinterface_ln0" fromId="52" toId="9">
</dataflow>
<dataflow id="58" from="StgValue_52" to="specinterface_ln0" fromId="52" toId="9">
</dataflow>
<dataflow id="59" from="empty_18" to="specinterface_ln0" fromId="55" toId="9">
</dataflow>
<dataflow id="60" from="empty_18" to="specinterface_ln0" fromId="55" toId="9">
</dataflow>
<dataflow id="61" from="empty_18" to="specinterface_ln0" fromId="55" toId="9">
</dataflow>
<dataflow id="62" from="StgValue_52" to="specinterface_ln0" fromId="52" toId="9">
</dataflow>
<dataflow id="63" from="StgValue_52" to="specinterface_ln0" fromId="52" toId="9">
</dataflow>
<dataflow id="64" from="StgValue_52" to="specinterface_ln0" fromId="52" toId="9">
</dataflow>
<dataflow id="65" from="StgValue_52" to="specinterface_ln0" fromId="52" toId="9">
</dataflow>
<dataflow id="66" from="empty_18" to="specinterface_ln0" fromId="55" toId="9">
</dataflow>
<dataflow id="67" from="empty_18" to="specinterface_ln0" fromId="55" toId="9">
</dataflow>
<dataflow id="68" from="_ssdm_op_SpecInterface" to="specinterface_ln0" fromId="47" toId="10">
</dataflow>
<dataflow id="69" from="ldata1" to="specinterface_ln0" fromId="26" toId="10">
</dataflow>
<dataflow id="70" from="empty_2" to="specinterface_ln0" fromId="50" toId="10">
</dataflow>
<dataflow id="71" from="StgValue_52" to="specinterface_ln0" fromId="52" toId="10">
</dataflow>
<dataflow id="72" from="StgValue_52" to="specinterface_ln0" fromId="52" toId="10">
</dataflow>
<dataflow id="73" from="empty_18" to="specinterface_ln0" fromId="55" toId="10">
</dataflow>
<dataflow id="74" from="StgValue_52" to="specinterface_ln0" fromId="52" toId="10">
</dataflow>
<dataflow id="75" from="StgValue_52" to="specinterface_ln0" fromId="52" toId="10">
</dataflow>
<dataflow id="76" from="empty_18" to="specinterface_ln0" fromId="55" toId="10">
</dataflow>
<dataflow id="77" from="empty_18" to="specinterface_ln0" fromId="55" toId="10">
</dataflow>
<dataflow id="78" from="empty_18" to="specinterface_ln0" fromId="55" toId="10">
</dataflow>
<dataflow id="79" from="StgValue_52" to="specinterface_ln0" fromId="52" toId="10">
</dataflow>
<dataflow id="80" from="StgValue_52" to="specinterface_ln0" fromId="52" toId="10">
</dataflow>
<dataflow id="81" from="StgValue_52" to="specinterface_ln0" fromId="52" toId="10">
</dataflow>
<dataflow id="82" from="StgValue_52" to="specinterface_ln0" fromId="52" toId="10">
</dataflow>
<dataflow id="83" from="empty_18" to="specinterface_ln0" fromId="55" toId="10">
</dataflow>
<dataflow id="84" from="empty_18" to="specinterface_ln0" fromId="55" toId="10">
</dataflow>
<dataflow id="85" from="_ssdm_op_SpecInterface" to="specinterface_ln0" fromId="47" toId="11">
</dataflow>
<dataflow id="86" from="cols" to="specinterface_ln0" fromId="28" toId="11">
</dataflow>
<dataflow id="88" from="ap_fifo_str" to="specinterface_ln0" fromId="87" toId="11">
</dataflow>
<dataflow id="89" from="StgValue_52" to="specinterface_ln0" fromId="52" toId="11">
</dataflow>
<dataflow id="90" from="StgValue_52" to="specinterface_ln0" fromId="52" toId="11">
</dataflow>
<dataflow id="92" from="p_str" to="specinterface_ln0" fromId="91" toId="11">
</dataflow>
<dataflow id="93" from="StgValue_52" to="specinterface_ln0" fromId="52" toId="11">
</dataflow>
<dataflow id="94" from="StgValue_52" to="specinterface_ln0" fromId="52" toId="11">
</dataflow>
<dataflow id="95" from="p_str" to="specinterface_ln0" fromId="91" toId="11">
</dataflow>
<dataflow id="96" from="p_str" to="specinterface_ln0" fromId="91" toId="11">
</dataflow>
<dataflow id="97" from="p_str" to="specinterface_ln0" fromId="91" toId="11">
</dataflow>
<dataflow id="99" from="StgValue_98" to="specinterface_ln0" fromId="98" toId="11">
</dataflow>
<dataflow id="100" from="StgValue_98" to="specinterface_ln0" fromId="98" toId="11">
</dataflow>
<dataflow id="102" from="StgValue_101" to="specinterface_ln0" fromId="101" toId="11">
</dataflow>
<dataflow id="103" from="StgValue_101" to="specinterface_ln0" fromId="101" toId="11">
</dataflow>
<dataflow id="104" from="p_str" to="specinterface_ln0" fromId="91" toId="11">
</dataflow>
<dataflow id="106" from="ScalarProp_str" to="specinterface_ln0" fromId="105" toId="11">
</dataflow>
<dataflow id="107" from="_ssdm_op_SpecInterface" to="specinterface_ln0" fromId="47" toId="12">
</dataflow>
<dataflow id="108" from="rows" to="specinterface_ln0" fromId="27" toId="12">
</dataflow>
<dataflow id="109" from="ap_fifo_str" to="specinterface_ln0" fromId="87" toId="12">
</dataflow>
<dataflow id="110" from="StgValue_52" to="specinterface_ln0" fromId="52" toId="12">
</dataflow>
<dataflow id="111" from="StgValue_52" to="specinterface_ln0" fromId="52" toId="12">
</dataflow>
<dataflow id="112" from="p_str" to="specinterface_ln0" fromId="91" toId="12">
</dataflow>
<dataflow id="113" from="StgValue_52" to="specinterface_ln0" fromId="52" toId="12">
</dataflow>
<dataflow id="114" from="StgValue_52" to="specinterface_ln0" fromId="52" toId="12">
</dataflow>
<dataflow id="115" from="p_str" to="specinterface_ln0" fromId="91" toId="12">
</dataflow>
<dataflow id="116" from="p_str" to="specinterface_ln0" fromId="91" toId="12">
</dataflow>
<dataflow id="117" from="p_str" to="specinterface_ln0" fromId="91" toId="12">
</dataflow>
<dataflow id="118" from="StgValue_98" to="specinterface_ln0" fromId="98" toId="12">
</dataflow>
<dataflow id="119" from="StgValue_98" to="specinterface_ln0" fromId="98" toId="12">
</dataflow>
<dataflow id="120" from="StgValue_101" to="specinterface_ln0" fromId="101" toId="12">
</dataflow>
<dataflow id="121" from="StgValue_101" to="specinterface_ln0" fromId="101" toId="12">
</dataflow>
<dataflow id="122" from="p_str" to="specinterface_ln0" fromId="91" toId="12">
</dataflow>
<dataflow id="123" from="ScalarProp_str" to="specinterface_ln0" fromId="105" toId="12">
</dataflow>
<dataflow id="125" from="_ssdm_op_SpecDataflowPipeline" to="specdataflowpipeline_ln1372" fromId="124" toId="13">
</dataflow>
<dataflow id="127" from="StgValue_126" to="specdataflowpipeline_ln1372" fromId="126" toId="13">
</dataflow>
<dataflow id="128" from="StgValue_52" to="specdataflowpipeline_ln1372" fromId="52" toId="13">
</dataflow>
<dataflow id="129" from="empty_18" to="specdataflowpipeline_ln1372" fromId="55" toId="13">
</dataflow>
<dataflow id="130" from="_ssdm_op_SpecInterface" to="specinterface_ln0" fromId="47" toId="14">
</dataflow>
<dataflow id="131" from="ldata1" to="specinterface_ln0" fromId="26" toId="14">
</dataflow>
<dataflow id="132" from="empty_2" to="specinterface_ln0" fromId="50" toId="14">
</dataflow>
<dataflow id="133" from="StgValue_52" to="specinterface_ln0" fromId="52" toId="14">
</dataflow>
<dataflow id="134" from="StgValue_52" to="specinterface_ln0" fromId="52" toId="14">
</dataflow>
<dataflow id="135" from="empty_18" to="specinterface_ln0" fromId="55" toId="14">
</dataflow>
<dataflow id="136" from="StgValue_52" to="specinterface_ln0" fromId="52" toId="14">
</dataflow>
<dataflow id="137" from="StgValue_52" to="specinterface_ln0" fromId="52" toId="14">
</dataflow>
<dataflow id="138" from="empty_18" to="specinterface_ln0" fromId="55" toId="14">
</dataflow>
<dataflow id="139" from="empty_18" to="specinterface_ln0" fromId="55" toId="14">
</dataflow>
<dataflow id="140" from="empty_18" to="specinterface_ln0" fromId="55" toId="14">
</dataflow>
<dataflow id="141" from="StgValue_52" to="specinterface_ln0" fromId="52" toId="14">
</dataflow>
<dataflow id="142" from="StgValue_52" to="specinterface_ln0" fromId="52" toId="14">
</dataflow>
<dataflow id="143" from="StgValue_52" to="specinterface_ln0" fromId="52" toId="14">
</dataflow>
<dataflow id="144" from="StgValue_52" to="specinterface_ln0" fromId="52" toId="14">
</dataflow>
<dataflow id="145" from="empty_18" to="specinterface_ln0" fromId="55" toId="14">
</dataflow>
<dataflow id="146" from="empty_18" to="specinterface_ln0" fromId="55" toId="14">
</dataflow>
<dataflow id="147" from="_ssdm_op_SpecInterface" to="specinterface_ln0" fromId="47" toId="15">
</dataflow>
<dataflow id="148" from="imgOutput_436" to="specinterface_ln0" fromId="25" toId="15">
</dataflow>
<dataflow id="149" from="empty_2" to="specinterface_ln0" fromId="50" toId="15">
</dataflow>
<dataflow id="150" from="StgValue_52" to="specinterface_ln0" fromId="52" toId="15">
</dataflow>
<dataflow id="151" from="StgValue_52" to="specinterface_ln0" fromId="52" toId="15">
</dataflow>
<dataflow id="152" from="empty_18" to="specinterface_ln0" fromId="55" toId="15">
</dataflow>
<dataflow id="153" from="StgValue_52" to="specinterface_ln0" fromId="52" toId="15">
</dataflow>
<dataflow id="154" from="StgValue_52" to="specinterface_ln0" fromId="52" toId="15">
</dataflow>
<dataflow id="155" from="empty_18" to="specinterface_ln0" fromId="55" toId="15">
</dataflow>
<dataflow id="156" from="empty_18" to="specinterface_ln0" fromId="55" toId="15">
</dataflow>
<dataflow id="157" from="empty_18" to="specinterface_ln0" fromId="55" toId="15">
</dataflow>
<dataflow id="158" from="StgValue_52" to="specinterface_ln0" fromId="52" toId="15">
</dataflow>
<dataflow id="159" from="StgValue_52" to="specinterface_ln0" fromId="52" toId="15">
</dataflow>
<dataflow id="160" from="StgValue_52" to="specinterface_ln0" fromId="52" toId="15">
</dataflow>
<dataflow id="161" from="StgValue_52" to="specinterface_ln0" fromId="52" toId="15">
</dataflow>
<dataflow id="162" from="empty_18" to="specinterface_ln0" fromId="55" toId="15">
</dataflow>
<dataflow id="163" from="empty_18" to="specinterface_ln0" fromId="55" toId="15">
</dataflow>
<dataflow id="165" from="_ssdm_op_SpecChannel" to="empty" fromId="164" toId="16">
</dataflow>
<dataflow id="167" from="rows_c_str" to="empty" fromId="166" toId="16">
</dataflow>
<dataflow id="169" from="StgValue_168" to="empty" fromId="168" toId="16">
</dataflow>
<dataflow id="170" from="p_str" to="empty" fromId="91" toId="16">
</dataflow>
<dataflow id="171" from="p_str" to="empty" fromId="91" toId="16">
</dataflow>
<dataflow id="172" from="StgValue_98" to="empty" fromId="98" toId="16">
</dataflow>
<dataflow id="173" from="StgValue_52" to="empty" fromId="52" toId="16">
</dataflow>
<dataflow id="174" from="rows_c_i" to="empty" fromId="6" toId="16">
</dataflow>
<dataflow id="175" from="rows_c_i" to="empty" fromId="6" toId="16">
</dataflow>
<dataflow id="176" from="_ssdm_op_SpecInterface" to="specinterface_ln1377" fromId="47" toId="17">
</dataflow>
<dataflow id="177" from="rows_c_i" to="specinterface_ln1377" fromId="6" toId="17">
</dataflow>
<dataflow id="178" from="ap_fifo_str" to="specinterface_ln1377" fromId="87" toId="17">
</dataflow>
<dataflow id="179" from="StgValue_52" to="specinterface_ln1377" fromId="52" toId="17">
</dataflow>
<dataflow id="180" from="StgValue_52" to="specinterface_ln1377" fromId="52" toId="17">
</dataflow>
<dataflow id="181" from="p_str" to="specinterface_ln1377" fromId="91" toId="17">
</dataflow>
<dataflow id="182" from="StgValue_52" to="specinterface_ln1377" fromId="52" toId="17">
</dataflow>
<dataflow id="183" from="StgValue_52" to="specinterface_ln1377" fromId="52" toId="17">
</dataflow>
<dataflow id="184" from="p_str" to="specinterface_ln1377" fromId="91" toId="17">
</dataflow>
<dataflow id="185" from="p_str" to="specinterface_ln1377" fromId="91" toId="17">
</dataflow>
<dataflow id="186" from="p_str" to="specinterface_ln1377" fromId="91" toId="17">
</dataflow>
<dataflow id="187" from="StgValue_98" to="specinterface_ln1377" fromId="98" toId="17">
</dataflow>
<dataflow id="188" from="StgValue_98" to="specinterface_ln1377" fromId="98" toId="17">
</dataflow>
<dataflow id="189" from="StgValue_101" to="specinterface_ln1377" fromId="101" toId="17">
</dataflow>
<dataflow id="190" from="StgValue_101" to="specinterface_ln1377" fromId="101" toId="17">
</dataflow>
<dataflow id="191" from="p_str" to="specinterface_ln1377" fromId="91" toId="17">
</dataflow>
<dataflow id="192" from="p_str" to="specinterface_ln1377" fromId="91" toId="17">
</dataflow>
<dataflow id="193" from="_ssdm_op_SpecChannel" to="empty_73" fromId="164" toId="18">
</dataflow>
<dataflow id="195" from="cols_c_str" to="empty_73" fromId="194" toId="18">
</dataflow>
<dataflow id="196" from="StgValue_168" to="empty_73" fromId="168" toId="18">
</dataflow>
<dataflow id="197" from="p_str" to="empty_73" fromId="91" toId="18">
</dataflow>
<dataflow id="198" from="p_str" to="empty_73" fromId="91" toId="18">
</dataflow>
<dataflow id="199" from="StgValue_98" to="empty_73" fromId="98" toId="18">
</dataflow>
<dataflow id="200" from="StgValue_52" to="empty_73" fromId="52" toId="18">
</dataflow>
<dataflow id="201" from="cols_c_i" to="empty_73" fromId="5" toId="18">
</dataflow>
<dataflow id="202" from="cols_c_i" to="empty_73" fromId="5" toId="18">
</dataflow>
<dataflow id="203" from="_ssdm_op_SpecInterface" to="specinterface_ln1376" fromId="47" toId="19">
</dataflow>
<dataflow id="204" from="cols_c_i" to="specinterface_ln1376" fromId="5" toId="19">
</dataflow>
<dataflow id="205" from="ap_fifo_str" to="specinterface_ln1376" fromId="87" toId="19">
</dataflow>
<dataflow id="206" from="StgValue_52" to="specinterface_ln1376" fromId="52" toId="19">
</dataflow>
<dataflow id="207" from="StgValue_52" to="specinterface_ln1376" fromId="52" toId="19">
</dataflow>
<dataflow id="208" from="p_str" to="specinterface_ln1376" fromId="91" toId="19">
</dataflow>
<dataflow id="209" from="StgValue_52" to="specinterface_ln1376" fromId="52" toId="19">
</dataflow>
<dataflow id="210" from="StgValue_52" to="specinterface_ln1376" fromId="52" toId="19">
</dataflow>
<dataflow id="211" from="p_str" to="specinterface_ln1376" fromId="91" toId="19">
</dataflow>
<dataflow id="212" from="p_str" to="specinterface_ln1376" fromId="91" toId="19">
</dataflow>
<dataflow id="213" from="p_str" to="specinterface_ln1376" fromId="91" toId="19">
</dataflow>
<dataflow id="214" from="StgValue_98" to="specinterface_ln1376" fromId="98" toId="19">
</dataflow>
<dataflow id="215" from="StgValue_98" to="specinterface_ln1376" fromId="98" toId="19">
</dataflow>
<dataflow id="216" from="StgValue_101" to="specinterface_ln1376" fromId="101" toId="19">
</dataflow>
<dataflow id="217" from="StgValue_101" to="specinterface_ln1376" fromId="101" toId="19">
</dataflow>
<dataflow id="218" from="p_str" to="specinterface_ln1376" fromId="91" toId="19">
</dataflow>
<dataflow id="219" from="p_str" to="specinterface_ln1376" fromId="91" toId="19">
</dataflow>
<dataflow id="220" from="MatStream2AxiStream" to="call_ln1378" fromId="40" toId="20">
</dataflow>
<dataflow id="221" from="imgOutput_436" to="call_ln1378" fromId="25" toId="20">
</dataflow>
<dataflow id="222" from="ldata1" to="call_ln1378" fromId="26" toId="20">
</dataflow>
<dataflow id="223" from="rows_c_i" to="call_ln1378" fromId="6" toId="20">
</dataflow>
<dataflow id="224" from="cols_c_i" to="call_ln1378" fromId="5" toId="20">
</dataflow>
<dataflow id="225" from="p_channel" to="call_ln1378" fromId="4" toId="20">
</dataflow>
</dataflows>


</stg>
