<stg><name>MatStream2AxiStream</name>


<trans_list>

<trans id="80" from="1" to="2">
<condition id="-1">
<or_exp><and_exp></and_exp></or_exp>
</condition>
</trans>

<trans id="81" from="2" to="3">
<condition id="-1">
<or_exp><and_exp></and_exp></or_exp>
</condition>
</trans>

<trans id="82" from="3" to="4">
<condition id="-1">
<or_exp><and_exp></and_exp></or_exp>
</condition>
</trans>

<trans id="95" from="4" to="5">
<condition id="-1">
<or_exp><and_exp></and_exp></or_exp>
</condition>
</trans>

<trans id="98" from="5" to="8">
<condition id="-1">
<or_exp><and_exp><literal name="icmp_ln1324" val="1"/>
</and_exp></or_exp>
</condition>
</trans>

<trans id="99" from="5" to="6">
<condition id="-1">
<or_exp><and_exp><literal name="icmp_ln1324" val="0"/>
</and_exp></or_exp>
</condition>
</trans>

<trans id="96" from="6" to="7">
<condition id="-1">
<or_exp><and_exp></and_exp></or_exp>
</condition>
</trans>

<trans id="97" from="7" to="4">
<condition id="-1">
<or_exp><and_exp></and_exp></or_exp>
</condition>
</trans>
</trans_list>



<state_list>

<state id="1" st_id="1">

<operation id="9" st_id="1" stage="1" lat="1">
<core>NULL</core>
<MemPortIdVec></MemPortIdVec>
<condition id="-1">
<or_exp><and_exp></and_exp></or_exp>
</condition>

<Node id="6" bw="32" op_0_bw="32">
<![CDATA[
entry:0 %localbuffer_V = alloca i32 1

]]></Node>
<StgValue><ssdm name="localbuffer_V"/></StgValue>
</operation>

<operation id="10" st_id="1" stage="1" lat="1">
<core>FIFO_SRL</core>
<MemPortIdVec></MemPortIdVec>
<condition id="-1">
<or_exp><and_exp></and_exp></or_exp>
</condition>

<Node id="12" bw="32" op_0_bw="32" op_1_bw="32">
<![CDATA[
entry:6 %rows_read = read i32 @_ssdm_op_Read.ap_fifo.i32P0A, i32 %rows

]]></Node>
<StgValue><ssdm name="rows_read"/></StgValue>
</operation>

<operation id="11" st_id="1" stage="1" lat="1">
<core>FIFO_SRL</core>
<MemPortIdVec></MemPortIdVec>
<condition id="-1">
<or_exp><and_exp></and_exp></or_exp>
</condition>

<Node id="13" bw="32" op_0_bw="32" op_1_bw="32">
<![CDATA[
entry:7 %cols_bound_per_npc_read = read i32 @_ssdm_op_Read.ap_fifo.i32P0A, i32 %cols_bound_per_npc

]]></Node>
<StgValue><ssdm name="cols_bound_per_npc_read"/></StgValue>
</operation>

<operation id="12" st_id="1" stage="1" lat="1">
<core>NULL</core>
<MemPortIdVec></MemPortIdVec>
<condition id="-1">
<or_exp><and_exp></and_exp></or_exp>
</condition>

<Node id="20" bw="0" op_0_bw="32" op_1_bw="32">
<![CDATA[
entry:14 %store_ln1324 = store i32 0, i32 %localbuffer_V

]]></Node>
<StgValue><ssdm name="store_ln1324"/></StgValue>
</operation>
</state>

<state id="2" st_id="2">

<operation id="13" st_id="2" stage="1" lat="1">
<core>NULL</core>
<MemPortIdVec></MemPortIdVec>
<condition id="-1">
<or_exp><and_exp></and_exp></or_exp>
</condition>

<Node id="17" bw="64" op_0_bw="32">
<![CDATA[
entry:11 %zext_ln1310 = zext i32 %rows_read

]]></Node>
<StgValue><ssdm name="zext_ln1310"/></StgValue>
</operation>

<operation id="14" st_id="2" stage="1" lat="1">
<core>NULL</core>
<MemPortIdVec></MemPortIdVec>
<condition id="-1">
<or_exp><and_exp></and_exp></or_exp>
</condition>

<Node id="18" bw="64" op_0_bw="32">
<![CDATA[
entry:12 %zext_ln1310_1 = zext i32 %cols_bound_per_npc_read

]]></Node>
<StgValue><ssdm name="zext_ln1310_1"/></StgValue>
</operation>

<operation id="15" st_id="2" stage="2" lat="2">
<core>Multiplier</core>
<MemPortIdVec></MemPortIdVec>
<condition id="-1">
<or_exp><and_exp></and_exp></or_exp>
</condition>

<Node id="19" bw="64" op_0_bw="64" op_1_bw="64">
<![CDATA[
entry:13 %mul_ln1310 = mul i64 %zext_ln1310, i64 %zext_ln1310_1

]]></Node>
<StgValue><ssdm name="mul_ln1310"/></StgValue>
</operation>
</state>

<state id="3" st_id="3">

<operation id="16" st_id="3" stage="1" lat="1">
<core>NULL</core>
<MemPortIdVec></MemPortIdVec>
<condition id="-1">
<or_exp><and_exp></and_exp></or_exp>
</condition>

<Node id="7" bw="4" op_0_bw="4" op_1_bw="4">
<![CDATA[
entry:1 %last_blk_width_read = read i4 @_ssdm_op_Read.ap_auto.volatile.i4P0A, i4 %last_blk_width

]]></Node>
<StgValue><ssdm name="last_blk_width_read"/></StgValue>
</operation>

<operation id="17" st_id="3" stage="1" lat="1">
<core>NULL</core>
<MemPortIdVec></MemPortIdVec>
<condition id="-1">
<or_exp><and_exp></and_exp></or_exp>
</condition>

<Node id="8" bw="0" op_0_bw="0" op_1_bw="24" op_2_bw="0" op_3_bw="32" op_4_bw="32" op_5_bw="0" op_6_bw="32" op_7_bw="32" op_8_bw="0" op_9_bw="0" op_10_bw="0" op_11_bw="32" op_12_bw="32" op_13_bw="32" op_14_bw="32" op_15_bw="0" op_16_bw="0">
<![CDATA[
entry:2 %specinterface_ln0 = specinterface void @_ssdm_op_SpecInterface, i24 %imgOutput_436, void @empty_2, i32 0, i32 0, void @empty_18, i32 0, i32 0, void @empty_18, void @empty_18, void @empty_18, i32 0, i32 0, i32 0, i32 0, void @empty_18, void @empty_18

]]></Node>
<StgValue><ssdm name="specinterface_ln0"/></StgValue>
</operation>

<operation id="18" st_id="3" stage="1" lat="1">
<core>NULL</core>
<MemPortIdVec></MemPortIdVec>
<condition id="-1">
<or_exp><and_exp></and_exp></or_exp>
</condition>

<Node id="9" bw="0" op_0_bw="0" op_1_bw="32" op_2_bw="0" op_3_bw="32" op_4_bw="32" op_5_bw="0" op_6_bw="32" op_7_bw="32" op_8_bw="0" op_9_bw="0" op_10_bw="0" op_11_bw="32" op_12_bw="32" op_13_bw="32" op_14_bw="32" op_15_bw="0" op_16_bw="0">
<![CDATA[
entry:3 %specinterface_ln0 = specinterface void @_ssdm_op_SpecInterface, i32 %ldata1, void @empty_2, i32 0, i32 0, void @empty_18, i32 0, i32 0, void @empty_18, void @empty_18, void @empty_18, i32 0, i32 0, i32 0, i32 0, void @empty_18, void @empty_18

]]></Node>
<StgValue><ssdm name="specinterface_ln0"/></StgValue>
</operation>

<operation id="19" st_id="3" stage="1" lat="1">
<core>NULL</core>
<MemPortIdVec></MemPortIdVec>
<condition id="-1">
<or_exp><and_exp></and_exp></or_exp>
</condition>

<Node id="10" bw="0" op_0_bw="0" op_1_bw="32" op_2_bw="0" op_3_bw="32" op_4_bw="32" op_5_bw="0" op_6_bw="32" op_7_bw="32" op_8_bw="0" op_9_bw="0" op_10_bw="0" op_11_bw="32" op_12_bw="32" op_13_bw="32" op_14_bw="32" op_15_bw="0" op_16_bw="0">
<![CDATA[
entry:4 %specinterface_ln0 = specinterface void @_ssdm_op_SpecInterface, i32 %cols_bound_per_npc, void @ap_fifo_str, i32 0, i32 0, void @p_str, i32 0, i32 0, void @p_str, void @p_str, void @p_str, i32 2, i32 2, i32 16, i32 16, void @p_str, void @ScalarProp_str

]]></Node>
<StgValue><ssdm name="specinterface_ln0"/></StgValue>
</operation>

<operation id="20" st_id="3" stage="1" lat="1">
<core>NULL</core>
<MemPortIdVec></MemPortIdVec>
<condition id="-1">
<or_exp><and_exp></and_exp></or_exp>
</condition>

<Node id="11" bw="0" op_0_bw="0" op_1_bw="32" op_2_bw="0" op_3_bw="32" op_4_bw="32" op_5_bw="0" op_6_bw="32" op_7_bw="32" op_8_bw="0" op_9_bw="0" op_10_bw="0" op_11_bw="32" op_12_bw="32" op_13_bw="32" op_14_bw="32" op_15_bw="0" op_16_bw="0">
<![CDATA[
entry:5 %specinterface_ln0 = specinterface void @_ssdm_op_SpecInterface, i32 %rows, void @ap_fifo_str, i32 0, i32 0, void @p_str, i32 0, i32 0, void @p_str, void @p_str, void @p_str, i32 2, i32 2, i32 16, i32 16, void @p_str, void @ScalarProp_str

]]></Node>
<StgValue><ssdm name="specinterface_ln0"/></StgValue>
</operation>

<operation id="21" st_id="3" stage="1" lat="1">
<core>NULL</core>
<MemPortIdVec></MemPortIdVec>
<condition id="-1">
<or_exp><and_exp></and_exp></or_exp>
</condition>

<Node id="14" bw="0" op_0_bw="0" op_1_bw="24" op_2_bw="0" op_3_bw="32" op_4_bw="32" op_5_bw="0" op_6_bw="32" op_7_bw="32" op_8_bw="0" op_9_bw="0" op_10_bw="0" op_11_bw="32" op_12_bw="32" op_13_bw="32" op_14_bw="32" op_15_bw="0" op_16_bw="0">
<![CDATA[
entry:8 %specinterface_ln0 = specinterface void @_ssdm_op_SpecInterface, i24 %imgOutput_436, void @empty_2, i32 0, i32 0, void @empty_18, i32 0, i32 0, void @empty_18, void @empty_18, void @empty_18, i32 0, i32 0, i32 0, i32 0, void @empty_18, void @empty_18

]]></Node>
<StgValue><ssdm name="specinterface_ln0"/></StgValue>
</operation>

<operation id="22" st_id="3" stage="1" lat="1">
<core>NULL</core>
<MemPortIdVec></MemPortIdVec>
<condition id="-1">
<or_exp><and_exp></and_exp></or_exp>
</condition>

<Node id="15" bw="0" op_0_bw="0" op_1_bw="32" op_2_bw="0" op_3_bw="32" op_4_bw="32" op_5_bw="0" op_6_bw="32" op_7_bw="32" op_8_bw="0" op_9_bw="0" op_10_bw="0" op_11_bw="32" op_12_bw="32" op_13_bw="32" op_14_bw="32" op_15_bw="0" op_16_bw="0">
<![CDATA[
entry:9 %specinterface_ln0 = specinterface void @_ssdm_op_SpecInterface, i32 %ldata1, void @empty_2, i32 0, i32 0, void @empty_18, i32 0, i32 0, void @empty_18, void @empty_18, void @empty_18, i32 0, i32 0, i32 0, i32 0, void @empty_18, void @empty_18

]]></Node>
<StgValue><ssdm name="specinterface_ln0"/></StgValue>
</operation>

<operation id="23" st_id="3" stage="1" lat="1">
<core>Adder</core>
<MemPortIdVec></MemPortIdVec>
<condition id="-1">
<or_exp><and_exp></and_exp></or_exp>
</condition>

<Node id="16" bw="32" op_0_bw="32" op_1_bw="32">
<![CDATA[
entry:10 %sub_i = add i32 %cols_bound_per_npc_read, i32 4294967295

]]></Node>
<StgValue><ssdm name="sub_i"/></StgValue>
</operation>

<operation id="24" st_id="3" stage="1" lat="2">
<core>Multiplier</core>
<MemPortIdVec></MemPortIdVec>
<condition id="-1">
<or_exp><and_exp></and_exp></or_exp>
</condition>

<Node id="19" bw="64" op_0_bw="64" op_1_bw="64">
<![CDATA[
entry:13 %mul_ln1310 = mul i64 %zext_ln1310, i64 %zext_ln1310_1

]]></Node>
<StgValue><ssdm name="mul_ln1310"/></StgValue>
</operation>

<operation id="25" st_id="3" stage="1" lat="1">
<core>NULL</core>
<MemPortIdVec></MemPortIdVec>
<condition id="-1">
<or_exp><and_exp></and_exp></or_exp>
</condition>

<Node id="21" bw="0" op_0_bw="0">
<![CDATA[
entry:15 %br_ln1324 = br void

]]></Node>
<StgValue><ssdm name="br_ln1324"/></StgValue>
</operation>
</state>

<state id="4" st_id="4">

<operation id="26" st_id="4" stage="1" lat="1">
<core>NULL</core>
<MemPortIdVec></MemPortIdVec>
<condition id="-1">
<or_exp><and_exp></and_exp></or_exp>
</condition>

<Node id="23" bw="64" op_0_bw="64" op_1_bw="0" op_2_bw="64" op_3_bw="0">
<![CDATA[
:0 %indvar_flatten = phi i64 0, void %entry, i64 %add_ln1324, void

]]></Node>
<StgValue><ssdm name="indvar_flatten"/></StgValue>
</operation>

<operation id="27" st_id="4" stage="1" lat="1">
<core>NULL</core>
<MemPortIdVec></MemPortIdVec>
<condition id="-1">
<or_exp><and_exp></and_exp></or_exp>
</condition>

<Node id="24" bw="31" op_0_bw="31" op_1_bw="0" op_2_bw="31" op_3_bw="0">
<![CDATA[
:1 %j = phi i31 0, void %entry, i31 %j_1, void

]]></Node>
<StgValue><ssdm name="j"/></StgValue>
</operation>

<operation id="28" st_id="4" stage="1" lat="1">
<core>Adder</core>
<MemPortIdVec></MemPortIdVec>
<condition id="-1">
<or_exp><and_exp></and_exp></or_exp>
</condition>

<Node id="26" bw="64" op_0_bw="64" op_1_bw="64">
<![CDATA[
:3 %add_ln1324 = add i64 %indvar_flatten, i64 1

]]></Node>
<StgValue><ssdm name="add_ln1324"/></StgValue>
</operation>

<operation id="29" st_id="4" stage="1" lat="1">
<core>NULL</core>
<MemPortIdVec></MemPortIdVec>
<condition id="-1">
<or_exp><and_exp></and_exp></or_exp>
</condition>

<Node id="27" bw="32" op_0_bw="31">
<![CDATA[
:4 %zext_ln1329 = zext i31 %j

]]></Node>
<StgValue><ssdm name="zext_ln1329"/></StgValue>
</operation>

<operation id="30" st_id="4" stage="1" lat="1">
<core>Cmp</core>
<MemPortIdVec></MemPortIdVec>
<condition id="-1">
<or_exp><and_exp></and_exp></or_exp>
</condition>

<Node id="28" bw="1" op_0_bw="32" op_1_bw="32">
<![CDATA[
:5 %icmp_ln1329 = icmp_slt  i32 %zext_ln1329, i32 %cols_bound_per_npc_read

]]></Node>
<StgValue><ssdm name="icmp_ln1329"/></StgValue>
</operation>

<operation id="31" st_id="4" stage="1" lat="1">
<core>Cmp</core>
<MemPortIdVec></MemPortIdVec>
<condition id="-1">
<or_exp><and_exp></and_exp></or_exp>
</condition>

<Node id="29" bw="1" op_0_bw="64" op_1_bw="64">
<![CDATA[
:6 %icmp_ln1324 = icmp_eq  i64 %indvar_flatten, i64 %mul_ln1310

]]></Node>
<StgValue><ssdm name="icmp_ln1324"/></StgValue>
</operation>

<operation id="32" st_id="4" stage="1" lat="1">
<core>NULL</core>
<MemPortIdVec></MemPortIdVec>
<condition id="-1">
<or_exp><and_exp></and_exp></or_exp>
</condition>

<Node id="30" bw="0" op_0_bw="1" op_1_bw="0" op_2_bw="0">
<![CDATA[
:7 %br_ln1324 = br i1 %icmp_ln1324, void %._crit_edge.loopexit.i, void %._crit_edge14.loopexit.i

]]></Node>
<StgValue><ssdm name="br_ln1324"/></StgValue>
</operation>

<operation id="33" st_id="4" stage="1" lat="1">
<core>Sel</core>
<MemPortIdVec></MemPortIdVec>
<condition id="-1">
<or_exp><and_exp><literal name="icmp_ln1324" val="0"/>
</and_exp></or_exp>
</condition>

<Node id="35" bw="31" op_0_bw="1" op_1_bw="31" op_2_bw="31">
<![CDATA[
._crit_edge.loopexit.i:3 %select_ln1319 = select i1 %icmp_ln1329, i31 %j, i31 0

]]></Node>
<StgValue><ssdm name="select_ln1319"/></StgValue>
</operation>

<operation id="34" st_id="4" stage="1" lat="1">
<core>NULL</core>
<MemPortIdVec></MemPortIdVec>
<condition id="-1">
<or_exp><and_exp><literal name="icmp_ln1324" val="0"/>
</and_exp></or_exp>
</condition>

<Node id="36" bw="32" op_0_bw="31">
<![CDATA[
._crit_edge.loopexit.i:4 %zext_ln1319 = zext i31 %select_ln1319

]]></Node>
<StgValue><ssdm name="zext_ln1319"/></StgValue>
</operation>

<operation id="35" st_id="4" stage="1" lat="1">
<core>Cmp</core>
<MemPortIdVec></MemPortIdVec>
<condition id="-1">
<or_exp><and_exp><literal name="icmp_ln1324" val="0"/>
</and_exp></or_exp>
</condition>

<Node id="39" bw="1" op_0_bw="32" op_1_bw="32">
<![CDATA[
._crit_edge.loopexit.i:7 %bLast = icmp_eq  i32 %zext_ln1319, i32 %sub_i

]]></Node>
<StgValue><ssdm name="bLast"/></StgValue>
</operation>

<operation id="36" st_id="4" stage="1" lat="1">
<core>Adder</core>
<MemPortIdVec></MemPortIdVec>
<condition id="-1">
<or_exp><and_exp><literal name="icmp_ln1324" val="0"/>
</and_exp></or_exp>
</condition>

<Node id="72" bw="31" op_0_bw="31" op_1_bw="31">
<![CDATA[
:2 %add_ln1329 = add i31 %j, i31 1

]]></Node>
<StgValue><ssdm name="add_ln1329"/></StgValue>
</operation>

<operation id="37" st_id="4" stage="1" lat="1">
<core>Sel</core>
<MemPortIdVec></MemPortIdVec>
<condition id="-1">
<or_exp><and_exp><literal name="icmp_ln1324" val="0"/>
</and_exp></or_exp>
</condition>

<Node id="73" bw="31" op_0_bw="1" op_1_bw="31" op_2_bw="31">
<![CDATA[
:3 %j_1 = select i1 %icmp_ln1329, i31 %add_ln1329, i31 1

]]></Node>
<StgValue><ssdm name="j_1"/></StgValue>
</operation>
</state>

<state id="5" st_id="5">

<operation id="38" st_id="5" stage="1" lat="1">
<core>NULL</core>
<MemPortIdVec></MemPortIdVec>
<condition id="-1">
<or_exp><and_exp></and_exp></or_exp>
</condition>

<Node id="25" bw="6" op_0_bw="6" op_1_bw="0" op_2_bw="6" op_3_bw="0">
<![CDATA[
:2 %filled_V = phi i6 0, void %entry, i6 %filled_V_1, void

]]></Node>
<StgValue><ssdm name="filled_V"/></StgValue>
</operation>

<operation id="39" st_id="5" stage="1" lat="1">
<core>Sel</core>
<MemPortIdVec></MemPortIdVec>
<condition id="-1">
<or_exp><and_exp><literal name="icmp_ln1324" val="0"/>
</and_exp></or_exp>
</condition>

<Node id="40" bw="4" op_0_bw="1" op_1_bw="4" op_2_bw="4">
<![CDATA[
._crit_edge.loopexit.i:8 %xf_bits_per_clock = select i1 %bLast, i4 %last_blk_width_read, i4 8

]]></Node>
<StgValue><ssdm name="xf_bits_per_clock"/></StgValue>
</operation>

<operation id="40" st_id="5" stage="1" lat="1">
<core>NULL</core>
<MemPortIdVec></MemPortIdVec>
<condition id="-1">
<or_exp><and_exp><literal name="icmp_ln1324" val="0"/>
</and_exp></or_exp>
</condition>

<Node id="41" bw="5" op_0_bw="4">
<![CDATA[
._crit_edge.loopexit.i:9 %sext_ln1336 = sext i4 %xf_bits_per_clock

]]></Node>
<StgValue><ssdm name="sext_ln1336"/></StgValue>
</operation>

<operation id="41" st_id="5" stage="1" lat="1">
<core>NULL</core>
<MemPortIdVec></MemPortIdVec>
<condition id="-1">
<or_exp><and_exp><literal name="icmp_ln1324" val="0"/>
</and_exp></or_exp>
</condition>

<Node id="42" bw="6" op_0_bw="5">
<![CDATA[
._crit_edge.loopexit.i:10 %zext_ln1336 = zext i5 %sext_ln1336

]]></Node>
<StgValue><ssdm name="zext_ln1336"/></StgValue>
</operation>

<operation id="42" st_id="5" stage="1" lat="1">
<core>FIFO_SRL</core>
<MemPortIdVec></MemPortIdVec>
<condition id="-1">
<or_exp><and_exp><literal name="icmp_ln1324" val="0"/>
</and_exp></or_exp>
</condition>

<Node id="43" bw="24" op_0_bw="24" op_1_bw="24">
<![CDATA[
._crit_edge.loopexit.i:11 %tmp_V = read i24 @_ssdm_op_Read.ap_fifo.volatile.i24P0A, i24 %imgOutput_436

]]></Node>
<StgValue><ssdm name="tmp_V"/></StgValue>
</operation>

<operation id="43" st_id="5" stage="1" lat="1">
<core>Adder</core>
<MemPortIdVec></MemPortIdVec>
<condition id="-1">
<or_exp><and_exp><literal name="icmp_ln1324" val="0"/>
</and_exp></or_exp>
</condition>

<Node id="48" bw="6" op_0_bw="6" op_1_bw="6">
<![CDATA[
._crit_edge.loopexit.i:16 %sub_ln1347 = sub i6 32, i6 %zext_ln1336

]]></Node>
<StgValue><ssdm name="sub_ln1347"/></StgValue>
</operation>

<operation id="44" st_id="5" stage="1" lat="1">
<core>Cmp</core>
<MemPortIdVec></MemPortIdVec>
<condition id="-1">
<or_exp><and_exp><literal name="icmp_ln1324" val="0"/>
</and_exp></or_exp>
</condition>

<Node id="49" bw="1" op_0_bw="6" op_1_bw="6">
<![CDATA[
._crit_edge.loopexit.i:17 %icmp_ln878 = icmp_ult  i6 %filled_V, i6 %sub_ln1347

]]></Node>
<StgValue><ssdm name="icmp_ln878"/></StgValue>
</operation>

<operation id="45" st_id="5" stage="1" lat="1">
<core>NULL</core>
<MemPortIdVec></MemPortIdVec>
<condition id="-1">
<or_exp><and_exp><literal name="icmp_ln1324" val="0"/>
</and_exp></or_exp>
</condition>

<Node id="50" bw="0" op_0_bw="1" op_1_bw="0" op_2_bw="0">
<![CDATA[
._crit_edge.loopexit.i:18 %br_ln1347 = br i1 %icmp_ln878, void %_ifconv, void %._crit_edge.loopexit.i._crit_edge

]]></Node>
<StgValue><ssdm name="br_ln1347"/></StgValue>
</operation>

<operation id="46" st_id="5" stage="1" lat="1">
<core>NULL</core>
<MemPortIdVec></MemPortIdVec>
<condition id="-1">
<or_exp><and_exp><literal name="icmp_ln1324" val="0"/>
<literal name="icmp_ln878" val="0"/>
</and_exp></or_exp>
</condition>

<Node id="53" bw="7" op_0_bw="6">
<![CDATA[
_ifconv:1 %zext_ln1347 = zext i6 %filled_V

]]></Node>
<StgValue><ssdm name="zext_ln1347"/></StgValue>
</operation>

<operation id="47" st_id="5" stage="1" lat="1">
<core>Adder</core>
<MemPortIdVec></MemPortIdVec>
<condition id="-1">
<or_exp><and_exp><literal name="icmp_ln1324" val="0"/>
<literal name="icmp_ln878" val="0"/>
</and_exp></or_exp>
</condition>

<Node id="54" bw="7" op_0_bw="7" op_1_bw="7">
<![CDATA[
_ifconv:2 %ret = sub i7 32, i7 %zext_ln1347

]]></Node>
<StgValue><ssdm name="ret"/></StgValue>
</operation>

<operation id="48" st_id="5" stage="1" lat="1">
<core>NULL</core>
<MemPortIdVec></MemPortIdVec>
<condition id="-1">
<or_exp><and_exp><literal name="icmp_ln1324" val="0"/>
<literal name="icmp_ln878" val="0"/>
</and_exp></or_exp>
</condition>

<Node id="55" bw="5" op_0_bw="7">
<![CDATA[
_ifconv:3 %trunc_ln1347 = trunc i7 %ret

]]></Node>
<StgValue><ssdm name="trunc_ln1347"/></StgValue>
</operation>

<operation id="49" st_id="5" stage="1" lat="1">
<core>Adder</core>
<MemPortIdVec></MemPortIdVec>
<condition id="-1">
<or_exp><and_exp><literal name="icmp_ln1324" val="0"/>
<literal name="icmp_ln878" val="0"/>
</and_exp></or_exp>
</condition>

<Node id="58" bw="5" op_0_bw="5" op_1_bw="5">
<![CDATA[
_ifconv:6 %sub_ln546 = sub i5 0, i5 %trunc_ln1347

]]></Node>
<StgValue><ssdm name="sub_ln546"/></StgValue>
</operation>

<operation id="50" st_id="5" stage="1" lat="1">
<core>NULL</core>
<MemPortIdVec></MemPortIdVec>
<condition id="-1">
<or_exp><and_exp><literal name="icmp_ln1324" val="0"/>
<literal name="icmp_ln878" val="0"/>
</and_exp></or_exp>
</condition>

<Node id="63" bw="6" op_0_bw="6" op_1_bw="1" op_2_bw="5">
<![CDATA[
_ifconv:11 %or_ln = bitconcatenate i6 @_ssdm_op_BitConcatenate.i6.i1.i5, i1 1, i5 %sext_ln1336

]]></Node>
<StgValue><ssdm name="or_ln"/></StgValue>
</operation>

<operation id="51" st_id="5" stage="1" lat="1">
<core>NULL</core>
<MemPortIdVec></MemPortIdVec>
<condition id="-1">
<or_exp><and_exp><literal name="icmp_ln1324" val="0"/>
<literal name="icmp_ln878" val="0"/>
</and_exp></or_exp>
</condition>

<Node id="65" bw="0" op_0_bw="0">
<![CDATA[
_ifconv:13 %br_ln0 = br void

]]></Node>
<StgValue><ssdm name="br_ln0"/></StgValue>
</operation>

<operation id="52" st_id="5" stage="1" lat="1">
<core>NULL</core>
<MemPortIdVec></MemPortIdVec>
<condition id="-1">
<or_exp><and_exp><literal name="icmp_ln1324" val="0"/>
<literal name="icmp_ln878" val="1"/>
</and_exp></or_exp>
</condition>

<Node id="68" bw="0" op_0_bw="0">
<![CDATA[
._crit_edge.loopexit.i._crit_edge:1 %br_ln1347 = br void

]]></Node>
<StgValue><ssdm name="br_ln1347"/></StgValue>
</operation>

<operation id="53" st_id="5" stage="1" lat="1">
<core>NULL</core>
<MemPortIdVec></MemPortIdVec>
<condition id="-1">
<or_exp><and_exp><literal name="icmp_ln1324" val="0"/>
</and_exp></or_exp>
</condition>

<Node id="70" bw="6" op_0_bw="6" op_1_bw="0" op_2_bw="6" op_3_bw="0">
<![CDATA[
:0 %conv_i9_i_i413_pn_i = phi i6 %or_ln, void %_ifconv, i6 %zext_ln1336, void %._crit_edge.loopexit.i._crit_edge

]]></Node>
<StgValue><ssdm name="conv_i9_i_i413_pn_i"/></StgValue>
</operation>

<operation id="54" st_id="5" stage="1" lat="1">
<core>Adder</core>
<MemPortIdVec></MemPortIdVec>
<condition id="-1">
<or_exp><and_exp><literal name="icmp_ln1324" val="0"/>
</and_exp></or_exp>
</condition>

<Node id="71" bw="6" op_0_bw="6" op_1_bw="6">
<![CDATA[
:1 %filled_V_1 = add i6 %conv_i9_i_i413_pn_i, i6 %filled_V

]]></Node>
<StgValue><ssdm name="filled_V_1"/></StgValue>
</operation>

<operation id="55" st_id="5" stage="1" lat="1">
<core>NULL</core>
<MemPortIdVec></MemPortIdVec>
<condition id="-1">
<or_exp><and_exp><literal name="icmp_ln1324" val="0"/>
</and_exp></or_exp>
</condition>

<Node id="74" bw="0" op_0_bw="0">
<![CDATA[
:4 %br_ln0 = br void

]]></Node>
<StgValue><ssdm name="br_ln0"/></StgValue>
</operation>
</state>

<state id="6" st_id="6">

<operation id="56" st_id="6" stage="1" lat="1">
<core>NULL</core>
<MemPortIdVec></MemPortIdVec>
<condition id="-1">
<or_exp><and_exp><literal name="icmp_ln1324" val="0"/>
</and_exp></or_exp>
</condition>

<Node id="32" bw="32" op_0_bw="32" op_1_bw="0">
<![CDATA[
._crit_edge.loopexit.i:0 %localbuffer_V_load = load i32 %localbuffer_V

]]></Node>
<StgValue><ssdm name="localbuffer_V_load"/></StgValue>
</operation>

<operation id="57" st_id="6" stage="1" lat="1">
<core>NULL</core>
<MemPortIdVec></MemPortIdVec>
<condition id="-1">
<or_exp><and_exp><literal name="icmp_ln1324" val="0"/>
</and_exp></or_exp>
</condition>

<Node id="33" bw="0" op_0_bw="0" op_1_bw="0">
<![CDATA[
._crit_edge.loopexit.i:1 %specloopname_ln0 = specloopname void @_ssdm_op_SpecLoopName, void @MMIterOutRow_MMIterOutCol_str

]]></Node>
<StgValue><ssdm name="specloopname_ln0"/></StgValue>
</operation>

<operation id="58" st_id="6" stage="1" lat="1">
<core>NULL</core>
<MemPortIdVec></MemPortIdVec>
<condition id="-1">
<or_exp><and_exp><literal name="icmp_ln1324" val="0"/>
</and_exp></or_exp>
</condition>

<Node id="34" bw="0" op_0_bw="0" op_1_bw="64" op_2_bw="64" op_3_bw="64">
<![CDATA[
._crit_edge.loopexit.i:2 %speclooptripcount_ln0 = speclooptripcount void @_ssdm_op_SpecLoopTripCount, i64 1, i64 8294400, i64 2073600

]]></Node>
<StgValue><ssdm name="speclooptripcount_ln0"/></StgValue>
</operation>

<operation id="59" st_id="6" stage="1" lat="1">
<core>NULL</core>
<MemPortIdVec></MemPortIdVec>
<condition id="-1">
<or_exp><and_exp><literal name="icmp_ln1324" val="0"/>
</and_exp></or_exp>
</condition>

<Node id="37" bw="0" op_0_bw="0" op_1_bw="32" op_2_bw="32" op_3_bw="32" op_4_bw="32" op_5_bw="0">
<![CDATA[
._crit_edge.loopexit.i:5 %specpipeline_ln1319 = specpipeline void @_ssdm_op_SpecPipeline, i32 4294967295, i32 0, i32 0, i32 0, void @empty_18

]]></Node>
<StgValue><ssdm name="specpipeline_ln1319"/></StgValue>
</operation>

<operation id="60" st_id="6" stage="1" lat="1">
<core>NULL</core>
<MemPortIdVec></MemPortIdVec>
<condition id="-1">
<or_exp><and_exp><literal name="icmp_ln1324" val="0"/>
</and_exp></or_exp>
</condition>

<Node id="38" bw="0" op_0_bw="0" op_1_bw="0">
<![CDATA[
._crit_edge.loopexit.i:6 %specloopname_ln1319 = specloopname void @_ssdm_op_SpecLoopName, void @empty_21

]]></Node>
<StgValue><ssdm name="specloopname_ln1319"/></StgValue>
</operation>

<operation id="61" st_id="6" stage="1" lat="1">
<core>NULL</core>
<MemPortIdVec></MemPortIdVec>
<condition id="-1">
<or_exp><and_exp><literal name="icmp_ln1324" val="0"/>
</and_exp></or_exp>
</condition>

<Node id="44" bw="32" op_0_bw="24">
<![CDATA[
._crit_edge.loopexit.i:12 %zext_ln145 = zext i24 %tmp_V

]]></Node>
<StgValue><ssdm name="zext_ln145"/></StgValue>
</operation>

<operation id="62" st_id="6" stage="1" lat="1">
<core>NULL</core>
<MemPortIdVec></MemPortIdVec>
<condition id="-1">
<or_exp><and_exp><literal name="icmp_ln1324" val="0"/>
</and_exp></or_exp>
</condition>

<Node id="45" bw="32" op_0_bw="6">
<![CDATA[
._crit_edge.loopexit.i:13 %zext_ln546 = zext i6 %filled_V

]]></Node>
<StgValue><ssdm name="zext_ln546"/></StgValue>
</operation>

<operation id="63" st_id="6" stage="1" lat="1">
<core>Shifter</core>
<MemPortIdVec></MemPortIdVec>
<condition id="-1">
<or_exp><and_exp><literal name="icmp_ln1324" val="0"/>
</and_exp></or_exp>
</condition>

<Node id="46" bw="32" op_0_bw="32" op_1_bw="32">
<![CDATA[
._crit_edge.loopexit.i:14 %r_3 = shl i32 %zext_ln145, i32 %zext_ln546

]]></Node>
<StgValue><ssdm name="r_3"/></StgValue>
</operation>

<operation id="64" st_id="6" stage="1" lat="1">
<core>LogicGate</core>
<MemPortIdVec></MemPortIdVec>
<condition id="-1">
<or_exp><and_exp><literal name="icmp_ln1324" val="0"/>
</and_exp></or_exp>
</condition>

<Node id="47" bw="32" op_0_bw="32" op_1_bw="32">
<![CDATA[
._crit_edge.loopexit.i:15 %ret_2 = or i32 %r_3, i32 %localbuffer_V_load

]]></Node>
<StgValue><ssdm name="ret_2"/></StgValue>
</operation>

<operation id="65" st_id="6" stage="1" lat="1">
<core>NULL</core>
<MemPortIdVec></MemPortIdVec>
<condition id="-1">
<or_exp><and_exp><literal name="icmp_ln1324" val="0"/>
<literal name="icmp_ln878" val="0"/>
</and_exp></or_exp>
</condition>

<Node id="56" bw="1" op_0_bw="1" op_1_bw="7" op_2_bw="32">
<![CDATA[
_ifconv:4 %p_Result_s = bitselect i1 @_ssdm_op_BitSelect.i1.i7.i32, i7 %ret, i32 6

]]></Node>
<StgValue><ssdm name="p_Result_s"/></StgValue>
</operation>

<operation id="66" st_id="6" stage="1" lat="1">
<core>NULL</core>
<MemPortIdVec></MemPortIdVec>
<condition id="-1">
<or_exp><and_exp><literal name="icmp_ln1324" val="0"/>
<literal name="icmp_ln878" val="0"/>
</and_exp></or_exp>
</condition>

<Node id="57" bw="32" op_0_bw="7">
<![CDATA[
_ifconv:5 %sext_ln455 = sext i7 %ret

]]></Node>
<StgValue><ssdm name="sext_ln455"/></StgValue>
</operation>

<operation id="67" st_id="6" stage="1" lat="1">
<core>NULL</core>
<MemPortIdVec></MemPortIdVec>
<condition id="-1">
<or_exp><and_exp><literal name="icmp_ln1324" val="0"/>
<literal name="icmp_ln878" val="0"/>
</and_exp></or_exp>
</condition>

<Node id="59" bw="32" op_0_bw="5">
<![CDATA[
_ifconv:7 %zext_ln781 = zext i5 %sub_ln546

]]></Node>
<StgValue><ssdm name="zext_ln781"/></StgValue>
</operation>

<operation id="68" st_id="6" stage="1" lat="1">
<core>Shifter</core>
<MemPortIdVec></MemPortIdVec>
<condition id="-1">
<or_exp><and_exp><literal name="icmp_ln1324" val="0"/>
<literal name="icmp_ln878" val="0"/>
</and_exp></or_exp>
</condition>

<Node id="60" bw="32" op_0_bw="32" op_1_bw="32">
<![CDATA[
_ifconv:8 %r = shl i32 %zext_ln145, i32 %zext_ln781

]]></Node>
<StgValue><ssdm name="r"/></StgValue>
</operation>

<operation id="69" st_id="6" stage="1" lat="1">
<core>Shifter</core>
<MemPortIdVec></MemPortIdVec>
<condition id="-1">
<or_exp><and_exp><literal name="icmp_ln1324" val="0"/>
<literal name="icmp_ln878" val="0"/>
</and_exp></or_exp>
</condition>

<Node id="61" bw="32" op_0_bw="32" op_1_bw="32">
<![CDATA[
_ifconv:9 %r_2 = lshr i32 %zext_ln145, i32 %sext_ln455

]]></Node>
<StgValue><ssdm name="r_2"/></StgValue>
</operation>

<operation id="70" st_id="6" stage="1" lat="1">
<core>Sel</core>
<MemPortIdVec></MemPortIdVec>
<condition id="-1">
<or_exp><and_exp><literal name="icmp_ln1324" val="0"/>
<literal name="icmp_ln878" val="0"/>
</and_exp></or_exp>
</condition>

<Node id="62" bw="32" op_0_bw="1" op_1_bw="32" op_2_bw="32">
<![CDATA[
_ifconv:10 %localbuffer_V_3 = select i1 %p_Result_s, i32 %r, i32 %r_2

]]></Node>
<StgValue><ssdm name="localbuffer_V_3"/></StgValue>
</operation>

<operation id="71" st_id="6" stage="1" lat="1">
<core>NULL</core>
<MemPortIdVec></MemPortIdVec>
<condition id="-1">
<or_exp><and_exp><literal name="icmp_ln1324" val="0"/>
<literal name="icmp_ln878" val="0"/>
</and_exp></or_exp>
</condition>

<Node id="64" bw="0" op_0_bw="32" op_1_bw="32" op_2_bw="0" op_3_bw="0">
<![CDATA[
_ifconv:12 %store_ln787 = store i32 %localbuffer_V_3, i32 %localbuffer_V

]]></Node>
<StgValue><ssdm name="store_ln787"/></StgValue>
</operation>

<operation id="72" st_id="6" stage="1" lat="1">
<core>NULL</core>
<MemPortIdVec></MemPortIdVec>
<condition id="-1">
<or_exp><and_exp><literal name="icmp_ln1324" val="0"/>
<literal name="icmp_ln878" val="1"/>
</and_exp></or_exp>
</condition>

<Node id="67" bw="0" op_0_bw="32" op_1_bw="32" op_2_bw="0" op_3_bw="0">
<![CDATA[
._crit_edge.loopexit.i._crit_edge:0 %store_ln1347 = store i32 %ret_2, i32 %localbuffer_V

]]></Node>
<StgValue><ssdm name="store_ln1347"/></StgValue>
</operation>
</state>

<state id="7" st_id="7">

<operation id="73" st_id="7" stage="1" lat="1">
<core>FIFO_SRL</core>
<MemPortIdVec></MemPortIdVec>
<condition id="-1">
<or_exp><and_exp><literal name="icmp_ln1324" val="0"/>
<literal name="icmp_ln878" val="0"/>
</and_exp></or_exp>
</condition>

<Node id="52" bw="0" op_0_bw="0" op_1_bw="32" op_2_bw="32">
<![CDATA[
_ifconv:0 %write_ln174 = write void @_ssdm_op_Write.ap_fifo.volatile.i32P0A, i32 %ldata1, i32 %ret_2

]]></Node>
<StgValue><ssdm name="write_ln174"/></StgValue>
</operation>
</state>

<state id="8" st_id="8">

<operation id="74" st_id="8" stage="1" lat="1">
<core>Cmp</core>
<MemPortIdVec></MemPortIdVec>
<condition id="-1">
<or_exp><and_exp></and_exp></or_exp>
</condition>

<Node id="76" bw="1" op_0_bw="6" op_1_bw="6">
<![CDATA[
._crit_edge14.loopexit.i:0 %icmp_ln874 = icmp_eq  i6 %filled_V, i6 0

]]></Node>
<StgValue><ssdm name="icmp_ln874"/></StgValue>
</operation>

<operation id="75" st_id="8" stage="1" lat="1">
<core>NULL</core>
<MemPortIdVec></MemPortIdVec>
<condition id="-1">
<or_exp><and_exp></and_exp></or_exp>
</condition>

<Node id="77" bw="0" op_0_bw="1" op_1_bw="0" op_2_bw="0">
<![CDATA[
._crit_edge14.loopexit.i:1 %br_ln1363 = br i1 %icmp_ln874, void, void %.exit

]]></Node>
<StgValue><ssdm name="br_ln1363"/></StgValue>
</operation>

<operation id="76" st_id="8" stage="1" lat="1">
<core>NULL</core>
<MemPortIdVec></MemPortIdVec>
<condition id="-1">
<or_exp><and_exp><literal name="icmp_ln874" val="0"/>
</and_exp></or_exp>
</condition>

<Node id="79" bw="32" op_0_bw="32" op_1_bw="0">
<![CDATA[
:0 %localbuffer_V_load_1 = load i32 %localbuffer_V

]]></Node>
<StgValue><ssdm name="localbuffer_V_load_1"/></StgValue>
</operation>

<operation id="77" st_id="8" stage="1" lat="1">
<core>FIFO_SRL</core>
<MemPortIdVec></MemPortIdVec>
<condition id="-1">
<or_exp><and_exp><literal name="icmp_ln874" val="0"/>
</and_exp></or_exp>
</condition>

<Node id="80" bw="0" op_0_bw="0" op_1_bw="32" op_2_bw="32">
<![CDATA[
:1 %write_ln174 = write void @_ssdm_op_Write.ap_fifo.volatile.i32P0A, i32 %ldata1, i32 %localbuffer_V_load_1

]]></Node>
<StgValue><ssdm name="write_ln174"/></StgValue>
</operation>

<operation id="78" st_id="8" stage="1" lat="1">
<core>NULL</core>
<MemPortIdVec></MemPortIdVec>
<condition id="-1">
<or_exp><and_exp><literal name="icmp_ln874" val="0"/>
</and_exp></or_exp>
</condition>

<Node id="81" bw="0" op_0_bw="0">
<![CDATA[
:2 %br_ln1365 = br void %.exit

]]></Node>
<StgValue><ssdm name="br_ln1365"/></StgValue>
</operation>

<operation id="79" st_id="8" stage="1" lat="1">
<core>NULL</core>
<MemPortIdVec></MemPortIdVec>
<condition id="-1">
<or_exp><and_exp></and_exp></or_exp>
</condition>

<Node id="83" bw="0">
<![CDATA[
.exit:0 %ret_ln1376 = ret

]]></Node>
<StgValue><ssdm name="ret_ln1376"/></StgValue>
</operation>
</state>
</state_list>


<ports>
<port id="100" name="imgOutput_436" dir="0" iftype="3">
<core>FIFO_SRL</core><StgValue><ssdm name="imgOutput_436"/></StgValue>
</port>
<port id="101" name="ldata1" dir="1" iftype="3">
<core>FIFO_SRL</core><StgValue><ssdm name="ldata1"/></StgValue>
</port>
<port id="102" name="rows" dir="0" iftype="3">
<core>FIFO_SRL</core><StgValue><ssdm name="rows"/></StgValue>
</port>
<port id="103" name="cols_bound_per_npc" dir="0" iftype="3">
<core>FIFO_SRL</core><StgValue><ssdm name="cols_bound_per_npc"/></StgValue>
</port>
<port id="104" name="last_blk_width" dir="0" iftype="0">
<core>NULL</core><StgValue><ssdm name="last_blk_width"/></StgValue>
</port>
</ports>


<dataflows>
<dataflow id="106" from="StgValue_105" to="localbuffer_V" fromId="105" toId="9">
</dataflow>
<dataflow id="108" from="_ssdm_op_Read.ap_fifo.i32P0A" to="rows_read" fromId="107" toId="10">
</dataflow>
<dataflow id="109" from="rows" to="rows_read" fromId="102" toId="10">
</dataflow>
<dataflow id="110" from="_ssdm_op_Read.ap_fifo.i32P0A" to="cols_bound_per_npc_read" fromId="107" toId="11">
</dataflow>
<dataflow id="111" from="cols_bound_per_npc" to="cols_bound_per_npc_read" fromId="103" toId="11">
</dataflow>
<dataflow id="113" from="StgValue_112" to="store_ln1324" fromId="112" toId="12">
</dataflow>
<dataflow id="114" from="localbuffer_V" to="store_ln1324" fromId="9" toId="12">
</dataflow>
<dataflow id="115" from="rows_read" to="zext_ln1310" fromId="10" toId="13">
</dataflow>
<dataflow id="116" from="cols_bound_per_npc_read" to="zext_ln1310_1" fromId="11" toId="14">
</dataflow>
<dataflow id="117" from="zext_ln1310" to="mul_ln1310" fromId="13" toId="15">
</dataflow>
<dataflow id="118" from="zext_ln1310_1" to="mul_ln1310" fromId="14" toId="15">
</dataflow>
<dataflow id="120" from="_ssdm_op_Read.ap_auto.volatile.i4P0A" to="last_blk_width_read" fromId="119" toId="16">
</dataflow>
<dataflow id="121" from="last_blk_width" to="last_blk_width_read" fromId="104" toId="16">
</dataflow>
<dataflow id="123" from="_ssdm_op_SpecInterface" to="specinterface_ln0" fromId="122" toId="17">
</dataflow>
<dataflow id="124" from="imgOutput_436" to="specinterface_ln0" fromId="100" toId="17">
</dataflow>
<dataflow id="126" from="empty_2" to="specinterface_ln0" fromId="125" toId="17">
</dataflow>
<dataflow id="127" from="StgValue_112" to="specinterface_ln0" fromId="112" toId="17">
</dataflow>
<dataflow id="128" from="StgValue_112" to="specinterface_ln0" fromId="112" toId="17">
</dataflow>
<dataflow id="130" from="empty_18" to="specinterface_ln0" fromId="129" toId="17">
</dataflow>
<dataflow id="131" from="StgValue_112" to="specinterface_ln0" fromId="112" toId="17">
</dataflow>
<dataflow id="132" from="StgValue_112" to="specinterface_ln0" fromId="112" toId="17">
</dataflow>
<dataflow id="133" from="empty_18" to="specinterface_ln0" fromId="129" toId="17">
</dataflow>
<dataflow id="134" from="empty_18" to="specinterface_ln0" fromId="129" toId="17">
</dataflow>
<dataflow id="135" from="empty_18" to="specinterface_ln0" fromId="129" toId="17">
</dataflow>
<dataflow id="136" from="StgValue_112" to="specinterface_ln0" fromId="112" toId="17">
</dataflow>
<dataflow id="137" from="StgValue_112" to="specinterface_ln0" fromId="112" toId="17">
</dataflow>
<dataflow id="138" from="StgValue_112" to="specinterface_ln0" fromId="112" toId="17">
</dataflow>
<dataflow id="139" from="StgValue_112" to="specinterface_ln0" fromId="112" toId="17">
</dataflow>
<dataflow id="140" from="empty_18" to="specinterface_ln0" fromId="129" toId="17">
</dataflow>
<dataflow id="141" from="empty_18" to="specinterface_ln0" fromId="129" toId="17">
</dataflow>
<dataflow id="142" from="_ssdm_op_SpecInterface" to="specinterface_ln0" fromId="122" toId="18">
</dataflow>
<dataflow id="143" from="ldata1" to="specinterface_ln0" fromId="101" toId="18">
</dataflow>
<dataflow id="144" from="empty_2" to="specinterface_ln0" fromId="125" toId="18">
</dataflow>
<dataflow id="145" from="StgValue_112" to="specinterface_ln0" fromId="112" toId="18">
</dataflow>
<dataflow id="146" from="StgValue_112" to="specinterface_ln0" fromId="112" toId="18">
</dataflow>
<dataflow id="147" from="empty_18" to="specinterface_ln0" fromId="129" toId="18">
</dataflow>
<dataflow id="148" from="StgValue_112" to="specinterface_ln0" fromId="112" toId="18">
</dataflow>
<dataflow id="149" from="StgValue_112" to="specinterface_ln0" fromId="112" toId="18">
</dataflow>
<dataflow id="150" from="empty_18" to="specinterface_ln0" fromId="129" toId="18">
</dataflow>
<dataflow id="151" from="empty_18" to="specinterface_ln0" fromId="129" toId="18">
</dataflow>
<dataflow id="152" from="empty_18" to="specinterface_ln0" fromId="129" toId="18">
</dataflow>
<dataflow id="153" from="StgValue_112" to="specinterface_ln0" fromId="112" toId="18">
</dataflow>
<dataflow id="154" from="StgValue_112" to="specinterface_ln0" fromId="112" toId="18">
</dataflow>
<dataflow id="155" from="StgValue_112" to="specinterface_ln0" fromId="112" toId="18">
</dataflow>
<dataflow id="156" from="StgValue_112" to="specinterface_ln0" fromId="112" toId="18">
</dataflow>
<dataflow id="157" from="empty_18" to="specinterface_ln0" fromId="129" toId="18">
</dataflow>
<dataflow id="158" from="empty_18" to="specinterface_ln0" fromId="129" toId="18">
</dataflow>
<dataflow id="159" from="_ssdm_op_SpecInterface" to="specinterface_ln0" fromId="122" toId="19">
</dataflow>
<dataflow id="160" from="cols_bound_per_npc" to="specinterface_ln0" fromId="103" toId="19">
</dataflow>
<dataflow id="162" from="ap_fifo_str" to="specinterface_ln0" fromId="161" toId="19">
</dataflow>
<dataflow id="163" from="StgValue_112" to="specinterface_ln0" fromId="112" toId="19">
</dataflow>
<dataflow id="164" from="StgValue_112" to="specinterface_ln0" fromId="112" toId="19">
</dataflow>
<dataflow id="166" from="p_str" to="specinterface_ln0" fromId="165" toId="19">
</dataflow>
<dataflow id="167" from="StgValue_112" to="specinterface_ln0" fromId="112" toId="19">
</dataflow>
<dataflow id="168" from="StgValue_112" to="specinterface_ln0" fromId="112" toId="19">
</dataflow>
<dataflow id="169" from="p_str" to="specinterface_ln0" fromId="165" toId="19">
</dataflow>
<dataflow id="170" from="p_str" to="specinterface_ln0" fromId="165" toId="19">
</dataflow>
<dataflow id="171" from="p_str" to="specinterface_ln0" fromId="165" toId="19">
</dataflow>
<dataflow id="173" from="StgValue_172" to="specinterface_ln0" fromId="172" toId="19">
</dataflow>
<dataflow id="174" from="StgValue_172" to="specinterface_ln0" fromId="172" toId="19">
</dataflow>
<dataflow id="176" from="StgValue_175" to="specinterface_ln0" fromId="175" toId="19">
</dataflow>
<dataflow id="177" from="StgValue_175" to="specinterface_ln0" fromId="175" toId="19">
</dataflow>
<dataflow id="178" from="p_str" to="specinterface_ln0" fromId="165" toId="19">
</dataflow>
<dataflow id="180" from="ScalarProp_str" to="specinterface_ln0" fromId="179" toId="19">
</dataflow>
<dataflow id="181" from="_ssdm_op_SpecInterface" to="specinterface_ln0" fromId="122" toId="20">
</dataflow>
<dataflow id="182" from="rows" to="specinterface_ln0" fromId="102" toId="20">
</dataflow>
<dataflow id="183" from="ap_fifo_str" to="specinterface_ln0" fromId="161" toId="20">
</dataflow>
<dataflow id="184" from="StgValue_112" to="specinterface_ln0" fromId="112" toId="20">
</dataflow>
<dataflow id="185" from="StgValue_112" to="specinterface_ln0" fromId="112" toId="20">
</dataflow>
<dataflow id="186" from="p_str" to="specinterface_ln0" fromId="165" toId="20">
</dataflow>
<dataflow id="187" from="StgValue_112" to="specinterface_ln0" fromId="112" toId="20">
</dataflow>
<dataflow id="188" from="StgValue_112" to="specinterface_ln0" fromId="112" toId="20">
</dataflow>
<dataflow id="189" from="p_str" to="specinterface_ln0" fromId="165" toId="20">
</dataflow>
<dataflow id="190" from="p_str" to="specinterface_ln0" fromId="165" toId="20">
</dataflow>
<dataflow id="191" from="p_str" to="specinterface_ln0" fromId="165" toId="20">
</dataflow>
<dataflow id="192" from="StgValue_172" to="specinterface_ln0" fromId="172" toId="20">
</dataflow>
<dataflow id="193" from="StgValue_172" to="specinterface_ln0" fromId="172" toId="20">
</dataflow>
<dataflow id="194" from="StgValue_175" to="specinterface_ln0" fromId="175" toId="20">
</dataflow>
<dataflow id="195" from="StgValue_175" to="specinterface_ln0" fromId="175" toId="20">
</dataflow>
<dataflow id="196" from="p_str" to="specinterface_ln0" fromId="165" toId="20">
</dataflow>
<dataflow id="197" from="ScalarProp_str" to="specinterface_ln0" fromId="179" toId="20">
</dataflow>
<dataflow id="198" from="_ssdm_op_SpecInterface" to="specinterface_ln0" fromId="122" toId="21">
</dataflow>
<dataflow id="199" from="imgOutput_436" to="specinterface_ln0" fromId="100" toId="21">
</dataflow>
<dataflow id="200" from="empty_2" to="specinterface_ln0" fromId="125" toId="21">
</dataflow>
<dataflow id="201" from="StgValue_112" to="specinterface_ln0" fromId="112" toId="21">
</dataflow>
<dataflow id="202" from="StgValue_112" to="specinterface_ln0" fromId="112" toId="21">
</dataflow>
<dataflow id="203" from="empty_18" to="specinterface_ln0" fromId="129" toId="21">
</dataflow>
<dataflow id="204" from="StgValue_112" to="specinterface_ln0" fromId="112" toId="21">
</dataflow>
<dataflow id="205" from="StgValue_112" to="specinterface_ln0" fromId="112" toId="21">
</dataflow>
<dataflow id="206" from="empty_18" to="specinterface_ln0" fromId="129" toId="21">
</dataflow>
<dataflow id="207" from="empty_18" to="specinterface_ln0" fromId="129" toId="21">
</dataflow>
<dataflow id="208" from="empty_18" to="specinterface_ln0" fromId="129" toId="21">
</dataflow>
<dataflow id="209" from="StgValue_112" to="specinterface_ln0" fromId="112" toId="21">
</dataflow>
<dataflow id="210" from="StgValue_112" to="specinterface_ln0" fromId="112" toId="21">
</dataflow>
<dataflow id="211" from="StgValue_112" to="specinterface_ln0" fromId="112" toId="21">
</dataflow>
<dataflow id="212" from="StgValue_112" to="specinterface_ln0" fromId="112" toId="21">
</dataflow>
<dataflow id="213" from="empty_18" to="specinterface_ln0" fromId="129" toId="21">
</dataflow>
<dataflow id="214" from="empty_18" to="specinterface_ln0" fromId="129" toId="21">
</dataflow>
<dataflow id="215" from="_ssdm_op_SpecInterface" to="specinterface_ln0" fromId="122" toId="22">
</dataflow>
<dataflow id="216" from="ldata1" to="specinterface_ln0" fromId="101" toId="22">
</dataflow>
<dataflow id="217" from="empty_2" to="specinterface_ln0" fromId="125" toId="22">
</dataflow>
<dataflow id="218" from="StgValue_112" to="specinterface_ln0" fromId="112" toId="22">
</dataflow>
<dataflow id="219" from="StgValue_112" to="specinterface_ln0" fromId="112" toId="22">
</dataflow>
<dataflow id="220" from="empty_18" to="specinterface_ln0" fromId="129" toId="22">
</dataflow>
<dataflow id="221" from="StgValue_112" to="specinterface_ln0" fromId="112" toId="22">
</dataflow>
<dataflow id="222" from="StgValue_112" to="specinterface_ln0" fromId="112" toId="22">
</dataflow>
<dataflow id="223" from="empty_18" to="specinterface_ln0" fromId="129" toId="22">
</dataflow>
<dataflow id="224" from="empty_18" to="specinterface_ln0" fromId="129" toId="22">
</dataflow>
<dataflow id="225" from="empty_18" to="specinterface_ln0" fromId="129" toId="22">
</dataflow>
<dataflow id="226" from="StgValue_112" to="specinterface_ln0" fromId="112" toId="22">
</dataflow>
<dataflow id="227" from="StgValue_112" to="specinterface_ln0" fromId="112" toId="22">
</dataflow>
<dataflow id="228" from="StgValue_112" to="specinterface_ln0" fromId="112" toId="22">
</dataflow>
<dataflow id="229" from="StgValue_112" to="specinterface_ln0" fromId="112" toId="22">
</dataflow>
<dataflow id="230" from="empty_18" to="specinterface_ln0" fromId="129" toId="22">
</dataflow>
<dataflow id="231" from="empty_18" to="specinterface_ln0" fromId="129" toId="22">
</dataflow>
<dataflow id="232" from="cols_bound_per_npc_read" to="sub_i" fromId="11" toId="23">
</dataflow>
<dataflow id="234" from="StgValue_233" to="sub_i" fromId="233" toId="23">
</dataflow>
<dataflow id="235" from="zext_ln1310" to="mul_ln1310" fromId="13" toId="24">
</dataflow>
<dataflow id="236" from="zext_ln1310_1" to="mul_ln1310" fromId="14" toId="24">
</dataflow>
<dataflow id="238" from="StgValue_237" to="indvar_flatten" fromId="237" toId="26">
<condition id="-1">
<or_exp><and_exp></and_exp></or_exp>
</condition>
</dataflow>
<dataflow id="239" from="br_ln1324" to="indvar_flatten" fromId="25" toId="26">
</dataflow>
<dataflow id="240" from="add_ln1324" to="indvar_flatten" fromId="28" toId="26">
<BackEdge/>
<condition id="-1">
<or_exp><and_exp><literal name="icmp_ln1324" val="0"/>
</and_exp></or_exp>
</condition>
</dataflow>
<dataflow id="241" from="br_ln0" to="indvar_flatten" fromId="55" toId="26">
<BackEdge/>
</dataflow>
<dataflow id="243" from="StgValue_242" to="j" fromId="242" toId="27">
<condition id="-1">
<or_exp><and_exp></and_exp></or_exp>
</condition>
</dataflow>
<dataflow id="244" from="br_ln1324" to="j" fromId="25" toId="27">
</dataflow>
<dataflow id="245" from="j_1" to="j" fromId="37" toId="27">
<BackEdge/>
<condition id="-1">
<or_exp><and_exp><literal name="icmp_ln1324" val="0"/>
</and_exp></or_exp>
</condition>
</dataflow>
<dataflow id="246" from="br_ln0" to="j" fromId="55" toId="27">
<BackEdge/>
</dataflow>
<dataflow id="247" from="indvar_flatten" to="add_ln1324" fromId="26" toId="28">
</dataflow>
<dataflow id="249" from="StgValue_248" to="add_ln1324" fromId="248" toId="28">
</dataflow>
<dataflow id="250" from="j" to="zext_ln1329" fromId="27" toId="29">
</dataflow>
<dataflow id="251" from="zext_ln1329" to="icmp_ln1329" fromId="29" toId="30">
</dataflow>
<dataflow id="252" from="cols_bound_per_npc_read" to="icmp_ln1329" fromId="11" toId="30">
</dataflow>
<dataflow id="253" from="indvar_flatten" to="icmp_ln1324" fromId="26" toId="31">
</dataflow>
<dataflow id="254" from="mul_ln1310" to="icmp_ln1324" fromId="24" toId="31">
</dataflow>
<dataflow id="255" from="icmp_ln1324" to="br_ln1324" fromId="31" toId="32">
</dataflow>
<dataflow id="256" from="icmp_ln1329" to="select_ln1319" fromId="30" toId="33">
</dataflow>
<dataflow id="257" from="j" to="select_ln1319" fromId="27" toId="33">
</dataflow>
<dataflow id="258" from="StgValue_242" to="select_ln1319" fromId="242" toId="33">
</dataflow>
<dataflow id="259" from="select_ln1319" to="zext_ln1319" fromId="33" toId="34">
</dataflow>
<dataflow id="260" from="zext_ln1319" to="bLast" fromId="34" toId="35">
</dataflow>
<dataflow id="261" from="sub_i" to="bLast" fromId="23" toId="35">
</dataflow>
<dataflow id="262" from="j" to="add_ln1329" fromId="27" toId="36">
</dataflow>
<dataflow id="264" from="StgValue_263" to="add_ln1329" fromId="263" toId="36">
</dataflow>
<dataflow id="265" from="icmp_ln1329" to="j_1" fromId="30" toId="37">
</dataflow>
<dataflow id="266" from="add_ln1329" to="j_1" fromId="36" toId="37">
</dataflow>
<dataflow id="267" from="StgValue_263" to="j_1" fromId="263" toId="37">
</dataflow>
<dataflow id="269" from="StgValue_268" to="filled_V" fromId="268" toId="38">
<condition id="-1">
<or_exp><and_exp></and_exp></or_exp>
</condition>
</dataflow>
<dataflow id="270" from="br_ln1324" to="filled_V" fromId="25" toId="38">
</dataflow>
<dataflow id="271" from="filled_V_1" to="filled_V" fromId="54" toId="38">
<BackEdge/>
<condition id="-1">
<or_exp><and_exp><literal name="icmp_ln1324" val="0"/>
</and_exp></or_exp>
</condition>
</dataflow>
<dataflow id="272" from="br_ln0" to="filled_V" fromId="55" toId="38">
<BackEdge/>
</dataflow>
<dataflow id="273" from="bLast" to="xf_bits_per_clock" fromId="35" toId="39">
</dataflow>
<dataflow id="274" from="last_blk_width_read" to="xf_bits_per_clock" fromId="16" toId="39">
</dataflow>
<dataflow id="276" from="StgValue_275" to="xf_bits_per_clock" fromId="275" toId="39">
</dataflow>
<dataflow id="277" from="xf_bits_per_clock" to="sext_ln1336" fromId="39" toId="40">
</dataflow>
<dataflow id="278" from="sext_ln1336" to="zext_ln1336" fromId="40" toId="41">
</dataflow>
<dataflow id="280" from="_ssdm_op_Read.ap_fifo.volatile.i24P0A" to="tmp_V" fromId="279" toId="42">
</dataflow>
<dataflow id="281" from="imgOutput_436" to="tmp_V" fromId="100" toId="42">
</dataflow>
<dataflow id="283" from="StgValue_282" to="sub_ln1347" fromId="282" toId="43">
</dataflow>
<dataflow id="284" from="zext_ln1336" to="sub_ln1347" fromId="41" toId="43">
</dataflow>
<dataflow id="285" from="filled_V" to="icmp_ln878" fromId="38" toId="44">
</dataflow>
<dataflow id="286" from="sub_ln1347" to="icmp_ln878" fromId="43" toId="44">
</dataflow>
<dataflow id="287" from="icmp_ln878" to="br_ln1347" fromId="44" toId="45">
</dataflow>
<dataflow id="288" from="filled_V" to="zext_ln1347" fromId="38" toId="46">
</dataflow>
<dataflow id="290" from="StgValue_289" to="ret" fromId="289" toId="47">
</dataflow>
<dataflow id="291" from="zext_ln1347" to="ret" fromId="46" toId="47">
</dataflow>
<dataflow id="292" from="ret" to="trunc_ln1347" fromId="47" toId="48">
</dataflow>
<dataflow id="294" from="StgValue_293" to="sub_ln546" fromId="293" toId="49">
</dataflow>
<dataflow id="295" from="trunc_ln1347" to="sub_ln546" fromId="48" toId="49">
</dataflow>
<dataflow id="297" from="_ssdm_op_BitConcatenate.i6.i1.i5" to="or_ln" fromId="296" toId="50">
</dataflow>
<dataflow id="299" from="StgValue_298" to="or_ln" fromId="298" toId="50">
</dataflow>
<dataflow id="300" from="sext_ln1336" to="or_ln" fromId="40" toId="50">
</dataflow>
<dataflow id="301" from="or_ln" to="conv_i9_i_i413_pn_i" fromId="50" toId="53">
<condition id="-1">
<or_exp><and_exp><literal name="icmp_ln1324" val="0"/>
<literal name="icmp_ln878" val="0"/>
</and_exp></or_exp>
</condition>
</dataflow>
<dataflow id="302" from="br_ln0" to="conv_i9_i_i413_pn_i" fromId="51" toId="53">
</dataflow>
<dataflow id="303" from="zext_ln1336" to="conv_i9_i_i413_pn_i" fromId="41" toId="53">
<condition id="-1">
<or_exp><and_exp><literal name="icmp_ln1324" val="0"/>
<literal name="icmp_ln878" val="1"/>
</and_exp></or_exp>
</condition>
</dataflow>
<dataflow id="304" from="br_ln1347" to="conv_i9_i_i413_pn_i" fromId="52" toId="53">
</dataflow>
<dataflow id="305" from="conv_i9_i_i413_pn_i" to="filled_V_1" fromId="53" toId="54">
</dataflow>
<dataflow id="306" from="filled_V" to="filled_V_1" fromId="38" toId="54">
</dataflow>
<dataflow id="307" from="localbuffer_V" to="localbuffer_V_load" fromId="9" toId="56">
</dataflow>
<dataflow id="309" from="_ssdm_op_SpecLoopName" to="specloopname_ln0" fromId="308" toId="57">
</dataflow>
<dataflow id="311" from="MMIterOutRow_MMIterOutCol_str" to="specloopname_ln0" fromId="310" toId="57">
</dataflow>
<dataflow id="313" from="_ssdm_op_SpecLoopTripCount" to="speclooptripcount_ln0" fromId="312" toId="58">
</dataflow>
<dataflow id="314" from="StgValue_248" to="speclooptripcount_ln0" fromId="248" toId="58">
</dataflow>
<dataflow id="316" from="StgValue_315" to="speclooptripcount_ln0" fromId="315" toId="58">
</dataflow>
<dataflow id="318" from="StgValue_317" to="speclooptripcount_ln0" fromId="317" toId="58">
</dataflow>
<dataflow id="320" from="_ssdm_op_SpecPipeline" to="specpipeline_ln1319" fromId="319" toId="59">
</dataflow>
<dataflow id="321" from="StgValue_233" to="specpipeline_ln1319" fromId="233" toId="59">
</dataflow>
<dataflow id="322" from="StgValue_112" to="specpipeline_ln1319" fromId="112" toId="59">
</dataflow>
<dataflow id="323" from="StgValue_112" to="specpipeline_ln1319" fromId="112" toId="59">
</dataflow>
<dataflow id="324" from="StgValue_112" to="specpipeline_ln1319" fromId="112" toId="59">
</dataflow>
<dataflow id="325" from="empty_18" to="specpipeline_ln1319" fromId="129" toId="59">
</dataflow>
<dataflow id="326" from="_ssdm_op_SpecLoopName" to="specloopname_ln1319" fromId="308" toId="60">
</dataflow>
<dataflow id="328" from="empty_21" to="specloopname_ln1319" fromId="327" toId="60">
</dataflow>
<dataflow id="329" from="tmp_V" to="zext_ln145" fromId="42" toId="61">
</dataflow>
<dataflow id="330" from="filled_V" to="zext_ln546" fromId="38" toId="62">
</dataflow>
<dataflow id="331" from="zext_ln145" to="r_3" fromId="61" toId="63">
</dataflow>
<dataflow id="332" from="zext_ln546" to="r_3" fromId="62" toId="63">
</dataflow>
<dataflow id="333" from="r_3" to="ret_2" fromId="63" toId="64">
</dataflow>
<dataflow id="334" from="localbuffer_V_load" to="ret_2" fromId="56" toId="64">
</dataflow>
<dataflow id="336" from="_ssdm_op_BitSelect.i1.i7.i32" to="p_Result_s" fromId="335" toId="65">
</dataflow>
<dataflow id="337" from="ret" to="p_Result_s" fromId="47" toId="65">
</dataflow>
<dataflow id="339" from="StgValue_338" to="p_Result_s" fromId="338" toId="65">
</dataflow>
<dataflow id="340" from="ret" to="sext_ln455" fromId="47" toId="66">
</dataflow>
<dataflow id="341" from="sub_ln546" to="zext_ln781" fromId="49" toId="67">
</dataflow>
<dataflow id="342" from="zext_ln145" to="r" fromId="61" toId="68">
</dataflow>
<dataflow id="343" from="zext_ln781" to="r" fromId="67" toId="68">
</dataflow>
<dataflow id="344" from="zext_ln145" to="r_2" fromId="61" toId="69">
</dataflow>
<dataflow id="345" from="sext_ln455" to="r_2" fromId="66" toId="69">
</dataflow>
<dataflow id="346" from="p_Result_s" to="localbuffer_V_3" fromId="65" toId="70">
</dataflow>
<dataflow id="347" from="r" to="localbuffer_V_3" fromId="68" toId="70">
</dataflow>
<dataflow id="348" from="r_2" to="localbuffer_V_3" fromId="69" toId="70">
</dataflow>
<dataflow id="349" from="localbuffer_V_3" to="store_ln787" fromId="70" toId="71">
</dataflow>
<dataflow id="350" from="localbuffer_V" to="store_ln787" fromId="9" toId="71">
</dataflow>
<dataflow id="351" from="ret_2" to="store_ln1347" fromId="64" toId="72">
</dataflow>
<dataflow id="352" from="localbuffer_V" to="store_ln1347" fromId="9" toId="72">
</dataflow>
<dataflow id="354" from="_ssdm_op_Write.ap_fifo.volatile.i32P0A" to="write_ln174" fromId="353" toId="73">
</dataflow>
<dataflow id="355" from="ldata1" to="write_ln174" fromId="101" toId="73">
</dataflow>
<dataflow id="356" from="ret_2" to="write_ln174" fromId="64" toId="73">
</dataflow>
<dataflow id="357" from="filled_V" to="icmp_ln874" fromId="38" toId="74">
</dataflow>
<dataflow id="358" from="StgValue_268" to="icmp_ln874" fromId="268" toId="74">
</dataflow>
<dataflow id="359" from="icmp_ln874" to="br_ln1363" fromId="74" toId="75">
</dataflow>
<dataflow id="360" from="localbuffer_V" to="localbuffer_V_load_1" fromId="9" toId="76">
</dataflow>
<dataflow id="361" from="_ssdm_op_Write.ap_fifo.volatile.i32P0A" to="write_ln174" fromId="353" toId="77">
</dataflow>
<dataflow id="362" from="ldata1" to="write_ln174" fromId="101" toId="77">
</dataflow>
<dataflow id="363" from="localbuffer_V_load_1" to="write_ln174" fromId="76" toId="77">
</dataflow>
<dataflow id="364" from="icmp_ln1324" to="StgValue_4" fromId="31" toId="4">
</dataflow>
<dataflow id="365" from="icmp_ln1324" to="StgValue_5" fromId="31" toId="5">
</dataflow>
<dataflow id="366" from="icmp_ln878" to="StgValue_5" fromId="44" toId="5">
</dataflow>
<dataflow id="367" from="icmp_ln1324" to="StgValue_6" fromId="31" toId="6">
</dataflow>
<dataflow id="368" from="icmp_ln878" to="StgValue_6" fromId="44" toId="6">
</dataflow>
<dataflow id="369" from="icmp_ln1324" to="StgValue_7" fromId="31" toId="7">
</dataflow>
<dataflow id="370" from="icmp_ln878" to="StgValue_7" fromId="44" toId="7">
</dataflow>
<dataflow id="371" from="icmp_ln874" to="StgValue_8" fromId="74" toId="8">
</dataflow>
</dataflows>


</stg>
