<profile>

<section name = "Vitis HLS Report for 'MatStream2AxiStream'" level="0">
<item name = "Date">Fri Jul 16 11:50:36 2021
</item>
<item name = "Version">2020.2 (Build 3064766 on Wed Nov 18 09:12:45 MST 2020)</item>
<item name = "Project">addWeighted</item>
<item name = "Solution">solution1 (Vivado IP Flow Target)</item>
<item name = "Product family">zynq</item>
<item name = "Target device">xc7z020-clg400-1</item>
</section>

<section name = "Performance Estimates" level="0">
<item name = "Timing">
<section name = "" level="1">
<item name = "Summary"><table name="" hasTotal="0">
<keys size="4">Clock, Target, Estimated, Uncertainty</keys>
<column name="ap_clk">10.00 ns, 6.912 ns, 2.70 ns</column>
</table>
</item>
</section>
</item>
<item name = "Latency">
<section name = "" level="1">
<item name = "Summary"><table name="" hasTotal="0">
<keys size="8">, min, max, min, max, min, max, Type</keys>
<column name="">7, 8294406, 70.000 ns, 82.944 ms, 7, 8294406, none</column>
</table>
</item>
<item name = "Detail">
<section name = "" level="1">
<item name = "Instance"><table name="" hasTotal="0">
<keys size="9">Instance, Module, min, max, min, max, min, max, Type</keys>
</table>
</item>
<item name = "Loop"><table name="" hasTotal="0">
<keys size="8">Loop Name, min, max, Latency, achieved, target, Count, Pipelined</keys>
<column name="- MMIterOutRow_MMIterOutCol">3, 8294402, 4, 1, 1, 1 ~ 8294400, yes</column>
</table>
</item>
</section>
</item>
</section>
</item>
</section>

<section name = "Utilization Estimates" level="0">
<item name = "Summary"><table name="" hasTotal="1">
<keys size="6">Name, BRAM_18K, DSP, FF, LUT, URAM</keys>
<column name="DSP">-, -, -, -, -</column>
<column name="Expression">-, -, 0, 733, -</column>
<column name="FIFO">-, -, -, -, -</column>
<column name="Instance">-, 0, 165, 50, -</column>
<column name="Memory">-, -, -, -, -</column>
<column name="Multiplexer">-, -, -, 172, -</column>
<column name="Register">-, -, 449, 32, -</column>
<specialColumn name="Available">280, 220, 106400, 53200, 0</specialColumn>
<specialColumn name="Utilization (%)">0, 0, ~0, 1, 0</specialColumn>
</table>
</item>
<item name = "Detail">
<section name = "" level="1">
<item name = "Instance"><table name="" hasTotal="1">
<keys size="7">Instance, Module, BRAM_18K, DSP, FF, LUT, URAM</keys>
<column name="mul_32ns_32ns_64_2_1_U105">mul_32ns_32ns_64_2_1, 0, 0, 165, 50, 0</column>
</table>
</item>
<item name = "DSP"><table name="" hasTotal="0">
<keys size="3">Instance, Module, Expression</keys>
</table>
</item>
<item name = "Memory"><table name="" hasTotal="1">
<keys size="10">Memory, Module, BRAM_18K, FF, LUT, URAM, Words, Bits, Banks, W*Bits*Banks</keys>
</table>
</item>
<item name = "FIFO"><table name="" hasTotal="1">
<keys size="8">Name, BRAM_18K, FF, LUT, URAM, Depth, Bits, Size:D*B</keys>
</table>
</item>
<item name = "Expression"><table name="" hasTotal="1">
<keys size="7">Variable Name, Operation, DSP, FF, LUT, Bitwidth P0, Bitwidth P1</keys>
<column name="add_ln1324_fu_184_p2">+, 0, 0, 71, 64, 1</column>
<column name="add_ln1329_fu_221_p2">+, 0, 0, 38, 31, 1</column>
<column name="filled_V_1_fu_291_p2">+, 0, 0, 14, 6, 6</column>
<column name="sub_i_fu_179_p2">+, 0, 0, 39, 32, 2</column>
<column name="ret_fu_266_p2">-, 0, 0, 14, 6, 7</column>
<column name="sub_ln1347_fu_250_p2">-, 0, 0, 14, 7, 6</column>
<column name="sub_ln546_fu_276_p2">-, 0, 0, 13, 1, 5</column>
<column name="ap_block_state5_pp0_stage0_iter1">and, 0, 0, 2, 1, 1</column>
<column name="ap_block_state7_pp0_stage0_iter3">and, 0, 0, 2, 1, 1</column>
<column name="ap_block_state8">and, 0, 0, 2, 1, 1</column>
<column name="ap_predicate_op73_write_state7">and, 0, 0, 2, 1, 1</column>
<column name="bLast_fu_216_p2">icmp, 0, 0, 18, 32, 32</column>
<column name="icmp_ln1324_fu_199_p2">icmp, 0, 0, 29, 64, 64</column>
<column name="icmp_ln1329_fu_194_p2">icmp, 0, 0, 18, 32, 32</column>
<column name="icmp_ln874_fu_359_p2">icmp, 0, 0, 10, 6, 1</column>
<column name="icmp_ln878_fu_256_p2">icmp, 0, 0, 10, 6, 6</column>
<column name="r_2_fu_335_p2">lshr, 0, 0, 100, 32, 32</column>
<column name="ap_block_pp0_stage0_01001">or, 0, 0, 2, 1, 1</column>
<column name="ap_block_state1">or, 0, 0, 2, 1, 1</column>
<column name="ret_2_fu_310_p2">or, 0, 0, 32, 32, 32</column>
<column name="j_1_fu_227_p3">select, 0, 0, 31, 1, 31</column>
<column name="localbuffer_V_3_fu_341_p3">select, 0, 0, 32, 1, 32</column>
<column name="select_ln1319_fu_204_p3">select, 0, 0, 31, 1, 31</column>
<column name="xf_bits_per_clock_fu_235_p3">select, 0, 0, 5, 1, 4</column>
<column name="r_3_fu_304_p2">shl, 0, 0, 100, 32, 32</column>
<column name="r_fu_329_p2">shl, 0, 0, 100, 32, 32</column>
<column name="ap_enable_pp0">xor, 0, 0, 2, 1, 2</column>
</table>
</item>
<item name = "Multiplexer"><table name="" hasTotal="1">
<keys size="5">Name, LUT, Input Size, Bits, Total Bits</keys>
<column name="ap_NS_fsm">31, 6, 1, 6</column>
<column name="ap_done">9, 2, 1, 2</column>
<column name="ap_enable_reg_pp0_iter2">9, 2, 1, 2</column>
<column name="ap_enable_reg_pp0_iter3">9, 2, 1, 2</column>
<column name="ap_phi_mux_conv_i9_i_i413_pn_i_phi_fu_152_p4">14, 3, 6, 18</column>
<column name="ap_phi_mux_filled_V_phi_fu_141_p4">9, 2, 6, 12</column>
<column name="cols_bound_per_npc_blk_n">9, 2, 1, 2</column>
<column name="filled_V_reg_137">9, 2, 6, 12</column>
<column name="imgOutput_436_blk_n">9, 2, 1, 2</column>
<column name="indvar_flatten_reg_115">9, 2, 64, 128</column>
<column name="j_reg_126">9, 2, 31, 62</column>
<column name="ldata1_blk_n">9, 2, 1, 2</column>
<column name="ldata1_din">14, 3, 32, 96</column>
<column name="localbuffer_V_fu_80">14, 3, 32, 96</column>
<column name="rows_blk_n">9, 2, 1, 2</column>
</table>
</item>
<item name = "Register"><table name="" hasTotal="1">
<keys size="5">Name, FF, LUT, Bits, Const Bits</keys>
<column name="ap_CS_fsm">5, 0, 5, 0</column>
<column name="ap_done_reg">1, 0, 1, 0</column>
<column name="ap_enable_reg_pp0_iter0">1, 0, 1, 0</column>
<column name="ap_enable_reg_pp0_iter1">1, 0, 1, 0</column>
<column name="ap_enable_reg_pp0_iter2">1, 0, 1, 0</column>
<column name="ap_enable_reg_pp0_iter3">1, 0, 1, 0</column>
<column name="bLast_reg_419">1, 0, 1, 0</column>
<column name="cols_bound_per_npc_read_reg_378">32, 0, 32, 0</column>
<column name="filled_V_1_reg_449">6, 0, 6, 0</column>
<column name="filled_V_reg_137">6, 0, 6, 0</column>
<column name="icmp_ln1324_reg_415">1, 0, 1, 0</column>
<column name="icmp_ln878_reg_434">1, 0, 1, 0</column>
<column name="icmp_ln878_reg_434_pp0_iter2_reg">1, 0, 1, 0</column>
<column name="indvar_flatten_reg_115">64, 0, 64, 0</column>
<column name="j_reg_126">31, 0, 31, 0</column>
<column name="last_blk_width_read_reg_395">4, 0, 4, 0</column>
<column name="localbuffer_V_fu_80">32, 0, 32, 0</column>
<column name="mul_ln1310_reg_405">64, 0, 64, 0</column>
<column name="ret_2_reg_454">32, 0, 32, 0</column>
<column name="ret_reg_438">7, 0, 7, 0</column>
<column name="rows_read_reg_373">32, 0, 32, 0</column>
<column name="sub_i_reg_400">32, 0, 32, 0</column>
<column name="sub_ln546_reg_444">5, 0, 5, 0</column>
<column name="tmp_V_reg_429">24, 0, 24, 0</column>
<column name="icmp_ln1324_reg_415">64, 32, 1, 0</column>
</table>
</item>
</section>
</item>
</section>

<section name = "Interface" level="0">
<item name = "Summary"><table name="" hasTotal="0">
<keys size="6">RTL Ports, Dir, Bits, Protocol, Source Object, C Type</keys>
<column name="ap_clk">in, 1, ap_ctrl_hs, MatStream2AxiStream, return value</column>
<column name="ap_rst">in, 1, ap_ctrl_hs, MatStream2AxiStream, return value</column>
<column name="ap_start">in, 1, ap_ctrl_hs, MatStream2AxiStream, return value</column>
<column name="ap_done">out, 1, ap_ctrl_hs, MatStream2AxiStream, return value</column>
<column name="ap_continue">in, 1, ap_ctrl_hs, MatStream2AxiStream, return value</column>
<column name="ap_idle">out, 1, ap_ctrl_hs, MatStream2AxiStream, return value</column>
<column name="ap_ready">out, 1, ap_ctrl_hs, MatStream2AxiStream, return value</column>
<column name="imgOutput_436_dout">in, 24, ap_fifo, imgOutput_436, pointer</column>
<column name="imgOutput_436_empty_n">in, 1, ap_fifo, imgOutput_436, pointer</column>
<column name="imgOutput_436_read">out, 1, ap_fifo, imgOutput_436, pointer</column>
<column name="ldata1_din">out, 32, ap_fifo, ldata1, pointer</column>
<column name="ldata1_full_n">in, 1, ap_fifo, ldata1, pointer</column>
<column name="ldata1_write">out, 1, ap_fifo, ldata1, pointer</column>
<column name="rows_dout">in, 32, ap_fifo, rows, pointer</column>
<column name="rows_empty_n">in, 1, ap_fifo, rows, pointer</column>
<column name="rows_read">out, 1, ap_fifo, rows, pointer</column>
<column name="cols_bound_per_npc_dout">in, 32, ap_fifo, cols_bound_per_npc, pointer</column>
<column name="cols_bound_per_npc_empty_n">in, 1, ap_fifo, cols_bound_per_npc, pointer</column>
<column name="cols_bound_per_npc_read">out, 1, ap_fifo, cols_bound_per_npc, pointer</column>
<column name="last_blk_width">in, 4, ap_none, last_blk_width, pointer</column>
</table>
</item>
</section>
</profile>
