<stg><name>MatStream2AxiStream</name>


<trans_list>

<trans id="80" from="1" to="2">
<condition id="-1">
<or_exp><and_exp></and_exp></or_exp>
</condition>
</trans>

<trans id="81" from="2" to="3">
<condition id="-1">
<or_exp><and_exp></and_exp></or_exp>
</condition>
</trans>

<trans id="82" from="3" to="4">
<condition id="-1">
<or_exp><and_exp></and_exp></or_exp>
</condition>
</trans>

<trans id="95" from="4" to="5">
<condition id="-1">
<or_exp><and_exp></and_exp></or_exp>
</condition>
</trans>

<trans id="98" from="5" to="8">
<condition id="-1">
<or_exp><and_exp><literal name="icmp_ln1324" val="1"/>
</and_exp></or_exp>
</condition>
</trans>

<trans id="99" from="5" to="6">
<condition id="-1">
<or_exp><and_exp><literal name="icmp_ln1324" val="0"/>
</and_exp></or_exp>
</condition>
</trans>

<trans id="96" from="6" to="7">
<condition id="-1">
<or_exp><and_exp></and_exp></or_exp>
</condition>
</trans>

<trans id="97" from="7" to="4">
<condition id="-1">
<or_exp><and_exp></and_exp></or_exp>
</condition>
</trans>
</trans_list>



<state_list>

<state id="1" st_id="1">

<operation id="9" st_id="1" stage="1" lat="1">
<core>NULL</core>
<MemPortIdVec></MemPortIdVec>
<condition id="-1">
<or_exp><and_exp></and_exp></or_exp>
</condition>

<Node id="6" bw="32" op_0_bw="32">
<![CDATA[
entry:0 %localbuffer_V = alloca i32 1

]]></Node>
<StgValue><ssdm name="localbuffer_V"/></StgValue>
</operation>

<operation id="10" st_id="1" stage="1" lat="1">
<core>FIFO_SRL</core>
<MemPortIdVec></MemPortIdVec>
<condition id="-1">
<or_exp><and_exp></and_exp></or_exp>
</condition>

<Node id="12" bw="32" op_0_bw="32" op_1_bw="32">
<![CDATA[
entry:6 %rows_read = read i32 @_ssdm_op_Read.ap_fifo.i32P0A, i32 %rows

]]></Node>
<StgValue><ssdm name="rows_read"/></StgValue>
</operation>

<operation id="11" st_id="1" stage="1" lat="1">
<core>FIFO_SRL</core>
<MemPortIdVec></MemPortIdVec>
<condition id="-1">
<or_exp><and_exp></and_exp></or_exp>
</condition>

<Node id="13" bw="32" op_0_bw="32" op_1_bw="32">
<![CDATA[
entry:7 %cols_bound_per_npc_read = read i32 @_ssdm_op_Read.ap_fifo.i32P0A, i32 %cols_bound_per_npc

]]></Node>
<StgValue><ssdm name="cols_bound_per_npc_read"/></StgValue>
</operation>

<operation id="12" st_id="1" stage="1" lat="1">
<core>NULL</core>
<MemPortIdVec></MemPortIdVec>
<condition id="-1">
<or_exp><and_exp></and_exp></or_exp>
</condition>

<Node id="20" bw="0" op_0_bw="32" op_1_bw="32">
<![CDATA[
entry:14 %store_ln1324 = store i32 0, i32 %localbuffer_V

]]></Node>
<StgValue><ssdm name="store_ln1324"/></StgValue>
</operation>
</state>

<state id="2" st_id="2">

<operation id="13" st_id="2" stage="1" lat="1">
<core>NULL</core>
<MemPortIdVec></MemPortIdVec>
<condition id="-1">
<or_exp><and_exp></and_exp></or_exp>
</condition>

<Node id="17" bw="64" op_0_bw="32">
<![CDATA[
entry:11 %zext_ln1310 = zext i32 %rows_read

]]></Node>
<StgValue><ssdm name="zext_ln1310"/></StgValue>
</operation>

<operation id="14" st_id="2" stage="1" lat="1">
<core>NULL</core>
<MemPortIdVec></MemPortIdVec>
<condition id="-1">
<or_exp><and_exp></and_exp></or_exp>
</condition>

<Node id="18" bw="64" op_0_bw="32">
<![CDATA[
entry:12 %zext_ln1310_1 = zext i32 %cols_bound_per_npc_read

]]></Node>
<StgValue><ssdm name="zext_ln1310_1"/></StgValue>
</operation>

<operation id="15" st_id="2" stage="2" lat="2">
<core>Multiplier</core>
<MemPortIdVec></MemPortIdVec>
<condition id="-1">
<or_exp><and_exp></and_exp></or_exp>
</condition>

<Node id="19" bw="64" op_0_bw="64" op_1_bw="64">
<![CDATA[
entry:13 %mul_ln1310 = mul i64 %zext_ln1310, i64 %zext_ln1310_1

]]></Node>
<StgValue><ssdm name="mul_ln1310"/></StgValue>
</operation>
</state>

<state id="3" st_id="3">

<operation id="16" st_id="3" stage="1" lat="1">
<core>NULL</core>
<MemPortIdVec></MemPortIdVec>
<condition id="-1">
<or_exp><and_exp></and_exp></or_exp>
</condition>

<Node id="7" bw="4" op_0_bw="4" op_1_bw="4">
<![CDATA[
entry:1 %last_blk_width_read = read i4 @_ssdm_op_Read.ap_auto.volatile.i4P0A, i4 %last_blk_width

]]></Node>
<StgValue><ssdm name="last_blk_width_read"/></StgValue>
</operation>

<operation id="17" st_id="3" stage="1" lat="1">
<core>NULL</core>
<MemPortIdVec></MemPortIdVec>
<condition id="-1">
<or_exp><and_exp></and_exp></or_exp>
</condition>

<Node id="8" bw="0" op_0_bw="0" op_1_bw="24" op_2_bw="0" op_3_bw="32" op_4_bw="32" op_5_bw="0" op_6_bw="32" op_7_bw="32" op_8_bw="0" op_9_bw="0" op_10_bw="0" op_11_bw="32" op_12_bw="32" op_13_bw="32" op_14_bw="32" op_15_bw="0" op_16_bw="0">
<![CDATA[
entry:2 %specinterface_ln0 = specinterface void @_ssdm_op_SpecInterface, i24 %imgOutput_436, void @empty_2, i32 0, i32 0, void @empty_18, i32 0, i32 0, void @empty_18, void @empty_18, void @empty_18, i32 0, i32 0, i32 0, i32 0, void @empty_18, void @empty_18

]]></Node>
<StgValue><ssdm name="specinterface_ln0"/></StgValue>
</operation>

<operation id="18" st_id="3" stage="1" lat="1">
<core>NULL</core>
<MemPortIdVec></MemPortIdVec>
<condition id="-1">
<or_exp><and_exp></and_exp></or_exp>
</condition>

<Node id="9" bw="0" op_0_bw="0" op_1_bw="32" op_2_bw="0" op_3_bw="32" op_4_bw="32" op_5_bw="0" op_6_bw="32" op_7_bw="32" op_8_bw="0" op_9_bw="0" op_10_bw="0" op_11_bw="32" op_12_bw="32" op_13_bw="32" op_14_bw="32" op_15_bw="0" op_16_bw="0">
<![CDATA[
entry:3 %specinterface_ln0 = specinterface void @_ssdm_op_SpecInterface, i32 %ldata1, void @empty_2, i32 0, i32 0, void @empty_18, i32 0, i32 0, void @empty_18, void @empty_18, void @empty_18, i32 0, i32 0, i32 0, i32 0, void @empty_18, void @empty_18

]]></Node>
<StgValue><ssdm name="specinterface_ln0"/></StgValue>
</operation>

<operation id="19" st_id="3" stage="1" lat="1">
<core>NULL</core>
<MemPortIdVec></MemPortIdVec>
<condition id="-1">
<or_exp><and_exp></and_exp></or_exp>
</condition>

<Node id="10" bw="0" op_0_bw="0" op_1_bw="32" op_2_bw="0" op_3_bw="32" op_4_bw="32" op_5_bw="0" op_6_bw="32" op_7_bw="32" op_8_bw="0" op_9_bw="0" op_10_bw="0" op_11_bw="32" op_12_bw="32" op_13_bw="32" op_14_bw="32" op_15_bw="0" op_16_bw="0">
<![CDATA[
entry:4 %specinterface_ln0 = specinterface void @_ssdm_op_SpecInterface, i32 %cols_bound_per_npc, void @ap_fifo_str, i32 0, i32 0, void @p_str, i32 0, i32 0, void @p_str, void @p_str, void @p_str, i32 2, i32 2, i32 16, i32 16, void @p_str, void @ScalarProp_str

]]></Node>
<StgValue><ssdm name="specinterface_ln0"/></StgValue>
</operation>

<operation id="20" st_id="3" stage="1" lat="1">
<core>NULL</core>
<MemPortIdVec></MemPortIdVec>
<condition id="-1">
<or_exp><and_exp></and_exp></or_exp>
</condition>

<Node id="11" bw="0" op_0_bw="0" op_1_bw="32" op_2_bw="0" op_3_bw="32" op_4_bw="32" op_5_bw="0" op_6_bw="32" op_7_bw="32" op_8_bw="0" op_9_bw="0" op_10_bw="0" op_11_bw="32" op_12_bw="32" op_13_bw="32" op_14_bw="32" op_15_bw="0" op_16_bw="0">
<![CDATA[
entry:5 %specinterface_ln0 = specinterface void @_ssdm_op_SpecInterface, i32 %rows, void @ap_fifo_str, i32 0, i32 0, void @p_str, i32 0, i32 0, void @p_str, void @p_str, void @p_str, i32 2, i32 2, i32 16, i32 16, void @p_str, void @ScalarProp_str

]]></Node>
<StgValue><ssdm name="specinterface_ln0"/></StgValue>
</operation>

<operation id="21" st_id="3" stage="1" lat="1">
<core>NULL</core>
<MemPortIdVec></MemPortIdVec>
<condition id="-1">
<or_exp><and_exp></and_exp></or_exp>
</condition>

<Node id="14" bw="0" op_0_bw="0" op_1_bw="24" op_2_bw="0" op_3_bw="32" op_4_bw="32" op_5_bw="0" op_6_bw="32" op_7_bw="32" op_8_bw="0" op_9_bw="0" op_10_bw="0" op_11_bw="32" op_12_bw="32" op_13_bw="32" op_14_bw="32" op_15_bw="0" op_16_bw="0">
<![CDATA[
entry:8 %specinterface_ln0 = specinterface void @_ssdm_op_SpecInterface, i24 %imgOutput_436, void @empty_2, i32 0, i32 0, void @empty_18, i32 0, i32 0, void @empty_18, void @empty_18, void @empty_18, i32 0, i32 0, i32 0, i32 0, void @empty_18, void @empty_18

]]></Node>
<StgValue><ssdm name="specinterface_ln0"/></StgValue>
</operation>

<operation id="22" st_id="3" stage="1" lat="1">
<core>NULL</core>
<MemPortIdVec></MemPortIdVec>
<condition id="-1">
<or_exp><and_exp></and_exp></or_exp>
</condition>

<Node id="15" bw="0" op_0_bw="0" op_1_bw="32" op_2_bw="0" op_3_bw="32" op_4_bw="32" op_5_bw="0" op_6_bw="32" op_7_bw="32" op_8_bw="0" op_9_bw="0" op_10_bw="0" op_11_bw="32" op_12_bw="32" op_13_bw="32" op_14_bw="32" op_15_bw="0" op_16_bw="0">
<![CDATA[
entry:9 %specinterface_ln0 = specinterface void @_ssdm_op_SpecInterface, i32 %ldata1, void @empty_2, i32 0, i32 0, void @empty_18, i32 0, i32 0, void @empty_18, void @empty_18, void @empty_18, i32 0, i32 0, i32 0, i32 0, void @empty_18, void @empty_18

]]></Node>
<StgValue><ssdm name="specinterface_ln0"/></StgValue>
</operation>

<operation id="23" st_id="3" stage="1" lat="1">
<core>Adder</core>
<MemPortIdVec></MemPortIdVec>
<condition id="-1">
<or_exp><and_exp></and_exp></or_exp>
</condition>

<Node id="16" bw="32" op_0_bw="32" op_1_bw="32">
<![CDATA[
entry:10 %sub_i = add i32 %cols_bound_per_npc_read, i32 4294967295

]]></Node>
<StgValue><ssdm name="sub_i"/></StgValue>
</operation>

<operation id="24" st_id="3" stage="1" lat="2">
<core>Multiplier</core>
<MemPortIdVec></MemPortIdVec>
<condition id="-1">
<or_exp><and_exp></and_exp></or_exp>
</condition>

<Node id="19" bw="64" op_0_bw="64" op_1_bw="64">
<![CDATA[
entry:13 %mul_ln1310 = mul i64 %zext_ln1310, i64 %zext_ln1310_1

]]></Node>
<StgValue><ssdm name="mul_ln1310"/></StgValue>
</operation>

<operation id="25" st_id="3" stage="1" lat="1">
<core>NULL</core>
<MemPortIdVec></MemPortIdVec>
<condition id="-1">
<or_exp><and_exp></and_exp></or_exp>
</condition>

<Node id="21" bw="0" op_0_bw="0">
<![CDATA[
entry:15 %br_ln1324 = br void

]]></Node>
<StgValue><ssdm name="br_ln1324"/></StgValue>
</operation>
</state>

<state id="4" st_id="4">

<operation id="26" st_id="4" stage="1" lat="1">
<core>NULL</core>
<MemPortIdVec></MemPortIdVec>
<condition id="-1">
<or_exp><and_exp></and_exp></or_exp>
</condition>

<Node id="23" bw="64" op_0_bw="64" op_1_bw="0" op_2_bw="64" op_3_bw="0">
<![CDATA[
:0 %indvar_flatten = phi i64 0, void %entry, i64 %add_ln1324, void

]]></Node>
<StgValue><ssdm name="indvar_flatten"/></StgValue>
</operation>

<operation id="27" st_id="4" stage="1" lat="1">
<core>NULL</core>
<MemPortIdVec></MemPortIdVec>
<condition id="-1">
<or_exp><and_exp></and_exp></or_exp>
</condition>

<Node id="24" bw="31" op_0_bw="31" op_1_bw="0" op_2_bw="31" op_3_bw="0">
<![CDATA[
:1 %j = phi i31 0, void %entry, i31 %j_1, void

]]></Node>
<StgValue><ssdm name="j"/></StgValue>
</operation>

<operation id="28" st_id="4" stage="1" lat="1">
<core>Adder</core>
<MemPortIdVec></MemPortIdVec>
<condition id="-1">
<or_exp><and_exp></and_exp></or_exp>
</condition>

<Node id="26" bw="64" op_0_bw="64" op_1_bw="64">
<![CDATA[
:3 %add_ln1324 = add i64 %indvar_flatten, i64 1

]]></Node>
<StgValue><ssdm name="add_ln1324"/></StgValue>
</operation>

<operation id="29" st_id="4" stage="1" lat="1">
<core>NULL</core>
<MemPortIdVec></MemPortIdVec>
<condition id="-1">
<or_exp><and_exp></and_exp></or_exp>
</condition>

<Node id="27" bw="32" op_0_bw="31">
<![CDATA[
:4 %zext_ln1329 = zext i31 %j

]]></Node>
<StgValue><ssdm name="zext_ln1329"/></StgValue>
</operation>

<operation id="30" st_id="4" stage="1" lat="1">
<core>Cmp</core>
<MemPortIdVec></MemPortIdVec>
<condition id="-1">
<or_exp><and_exp></and_exp></or_exp>
</condition>

<Node id="28" bw="1" op_0_bw="32" op_1_bw="32">
<![CDATA[
:5 %icmp_ln1329 = icmp_slt  i32 %zext_ln1329, i32 %cols_bound_per_npc_read

]]></Node>
<StgValue><ssdm name="icmp_ln1329"/></StgValue>
</operation>

<operation id="31" st_id="4" stage="1" lat="1">
<core>Cmp</core>
<MemPortIdVec></MemPortIdVec>
<condition id="-1">
<or_exp><and_exp></and_exp></or_exp>
</condition>

<Node id="29" bw="1" op_0_bw="64" op_1_bw="64">
<![CDATA[
:6 %icmp_ln1324 = icmp_eq  i64 %indvar_flatten, i64 %mul_ln1310

]]></Node>
<StgValue><ssdm name="icmp_ln1324"/></StgValue>
</operation>

<operation id="32" st_id="4" stage="1" lat="1">
<core>NULL</core>
<MemPortIdVec></MemPortIdVec>
<condition id="-1">
<or_exp><and_exp></and_exp></or_exp>
</condition>

<Node id="30" bw="0" op_0_bw="1" op_1_bw="0" op_2_bw="0">
<![CDATA[
:7 %br_ln1324 = br i1 %icmp_ln1324, void %._crit_edge.loopexit.i, void %._crit_edge14.loopexit.i

]]></Node>
<StgValue><ssdm name="br_ln1324"/></StgValue>
</operation>

<operation id="33" st_id="4" stage="1" lat="1">
<core>Sel</core>
<MemPortIdVec></MemPortIdVec>
<condition id="-1">
<or_exp><and_exp><literal name="icmp_ln1324" val="0"/>
</and_exp></or_exp>
</condition>

<Node id="35" bw="31" op_0_bw="1" op_1_bw="31" op_2_bw="31">
<![CDATA[
._crit_edge.loopexit.i:3 %select_ln1319 = select i1 %icmp_ln1329, i31 %j, i31 0

]]></Node>
<StgValue><ssdm name="select_ln1319"/></StgValue>
</operation>

<operation id="34" st_id="4" stage="1" lat="1">
<core>NULL</core>
<MemPortIdVec></MemPortIdVec>
<condition id="-1">
<or_exp><and_exp><literal name="icmp_ln1324" val="0"/>
</and_exp></or_exp>
</condition>

<Node id="36" bw="32" op_0_bw="31">
<![CDATA[
._crit_edge.loopexit.i:4 %zext_ln1319 = zext i31 %select_ln1319

]]></Node>
<StgValue><ssdm name="zext_ln1319"/></StgValue>
</operation>

<operation id="35" st_id="4" stage="1" lat="1">
<core>Cmp</core>
<MemPortIdVec></MemPortIdVec>
<condition id="-1">
<or_exp><and_exp><literal name="icmp_ln1324" val="0"/>
</and_exp></or_exp>
</condition>

<Node id="39" bw="1" op_0_bw="32" op_1_bw="32">
<![CDATA[
._crit_edge.loopexit.i:7 %bLast = icmp_eq  i32 %zext_ln1319, i32 %sub_i

]]></Node>
<StgValue><ssdm name="bLast"/></StgValue>
</operation>

<operation id="36" st_id="4" stage="1" lat="1">
<core>Adder</core>
<MemPortIdVec></MemPortIdVec>
<condition id="-1">
<or_exp><and_exp><literal name="icmp_ln1324" val="0"/>
</and_exp></or_exp>
</condition>

<Node id="72" bw="31" op_0_bw="31" op_1_bw="31">
<![CDATA[
:2 %add_ln1329 = add i31 %j, i31 1

]]></Node>
<StgValue><ssdm name="add_ln1329"/></StgValue>
</operation>

<operation id="37" st_id="4" stage="1" lat="1">
<core>Sel</core>
<MemPortIdVec></MemPortIdVec>
<condition id="-1">
<or_exp><and_exp><literal name="icmp_ln1324" val="0"/>
</and_exp></or_exp>
</condition>

<Node id="73" bw="31" op_0_bw="1" op_1_bw="31" op_2_bw="31">
<![CDATA[
:3 %j_1 = select i1 %icmp_ln1329, i31 %add_ln1329, i31 1

]]></Node>
<StgValue><ssdm name="j_1"/></StgValue>
</operation>
</state>

<state id="5" st_id="5">

<operation id="38" st_id="5" stage="1" lat="1">
<core>NULL</core>
<MemPortIdVec></MemPortIdVec>
<condition id="-1">
<or_exp><and_exp></and_exp></or_exp>
</condition>

<Node id="25" bw="6" op_0_bw="6" op_1_bw="0" op_2_bw="6" op_3_bw="0">
<![CDATA[
:2 %filled_V = phi i6 0, void %entry, i6 %filled_V_1, void

]]></Node>
<StgValue><ssdm name="filled_V"/></StgValue>
</operation>

<operation id="39" st_id="5" stage="1" lat="1">
<core>Sel</core>
<MemPortIdVec></MemPortIdVec>
<condition id="-1">
<or_exp><and_exp><literal name="icmp_ln1324" val="0"/>
</and_exp></or_exp>
</condition>

<Node id="40" bw="4" op_0_bw="1" op_1_bw="4" op_2_bw="4">
<![CDATA[
._crit_edge.loopexit.i:8 %xf_bits_per_clock = select i1 %bLast, i4 %last_blk_width_read, i4 8

]]></Node>
<StgValue><ssdm name="xf_bits_per_clock"/></StgValue>
</operation>

<operation id="40" st_id="5" stage="1" lat="1">
<core>NULL</core>
<MemPortIdVec></MemPortIdVec>
<condition id="-1">
<or_exp><and_exp><literal name="icmp_ln1324" val="0"/>
</and_exp></or_exp>
</condition>

<Node id="41" bw="5" op_0_bw="4">
<![CDATA[
._crit_edge.loopexit.i:9 %sext_ln1336 = sext i4 %xf_bits_per_clock

]]></Node>
<StgValue><ssdm name="sext_ln1336"/></StgValue>
</operation>

<operation id="41" st_id="5" stage="1" lat="1">
<core>NULL</core>
<MemPortIdVec></MemPortIdVec>
<condition id="-1">
<or_exp><and_exp><literal name="icmp_ln1324" val="0"/>
</and_exp></or_exp>
</condition>

<Node id="42" bw="6" op_0_bw="5">
<![CDATA[
._crit_edge.loopexit.i:10 %zext_ln1336 = zext i5 %sext_ln1336

]]></Node>
<StgValue><ssdm name="zext_ln1336"/></StgValue>
</operation>

<operation id="42" st_id="5" stage="1" lat="1">
<core>FIFO_SRL</core>
<MemPortIdVec></MemPortIdVec>
<condition id="-1">
<or_exp><and_exp><literal name="icmp_ln1324" val="0"/>
</and_exp></or_exp>
</condition>

<Node id="43" bw="24" op_0_bw="24" op_1_bw="24">
<![CDATA[
._crit_edge.loopexit.i:11 %tmp_V = read i24 @_ssdm_op_Read.ap_fifo.volatile.i24P0A, i24 %imgOutput_436

]]></Node>
<StgValue><ssdm name="tmp_V"/></StgValue>
</operation>

<operation id="43" st_id="5" stage="1" lat="1">
<core>Adder</core>
<MemPortIdVec></MemPortIdVec>
<condition id="-1">
<or_exp><and_exp><literal name="icmp_ln1324" val="0"/>
</and_exp></or_exp>
</condition>

<Node id="48" bw="6" op_0_bw="6" op_1_bw="6">
<![CDATA[
._crit_edge.loopexit.i:16 %sub_ln1347 = sub i6 32, i6 %zext_ln1336

]]></Node>
<StgValue><ssdm name="sub_ln1347"/></StgValue>
</operation>

<operation id="44" st_id="5" stage="1" lat="1">
<core>Cmp</core>
<MemPortIdVec></MemPortIdVec>
<condition id="-1">
<or_exp><and_exp><literal name="icmp_ln1324" val="0"/>
</and_exp></or_exp>
</condition>

<Node id="49" bw="1" op_0_bw="6" op_1_bw="6">
<![CDATA[
._crit_edge.loopexit.i:17 %icmp_ln878 = icmp_ult  i6 %filled_V, i6 %sub_ln1347

]]></Node>
<StgValue><ssdm name="icmp_ln878"/></StgValue>
</operation>

<operation id="45" st_id="5" stage="1" lat="1">
<core>NULL</core>
<MemPortIdVec></MemPortIdVec>
<condition id="-1">
<or_exp><and_exp><literal name="icmp_ln1324" val="0"/>
</and_exp></or_exp>
</condition>

<Node id="50" bw="0" op_0_bw="1" op_1_bw="0" op_2_bw="0">
<![CDATA[
._crit_edge.loopexit.i:18 %br_ln1347 = br i1 %icmp_ln878, void %_ifconv, void %._crit_edge.loopexit.i._crit_edge

]]></Node>
<StgValue><ssdm name="br_ln1347"/></StgValue>
</operation>

<operation id="46" st_id="5" stage="1" lat="1">
<core>NULL</core>
<MemPortIdVec></MemPortIdVec>
<condition id="-1">
<or_exp><and_exp><literal name="icmp_ln1324" val="0"/>
<literal name="icmp_ln878" val="0"/>
</and_exp></or_exp>
</condition>

<Node id="53" bw="7" op_0_bw="6">
<![CDATA[
_ifconv:1 %zext_ln1347 = zext i6 %filled_V

]]></Node>
<StgValue><ssdm name="zext_ln1347"/></StgValue>
</operation>

<operation id="47" st_id="5" stage="1" lat="1">
<core>Adder</core>
<MemPortIdVec></MemPortIdVec>
<condition id="-1">
<or_exp><and_exp><literal name="icmp_ln1324" val="0"/>
<literal name="icmp_ln878" val="0"/>
</and_exp></or_exp>
</condition>

<Node id="54" bw="7" op_0_bw="7" op_1_bw="7">
<![CDATA[
_ifconv:2 %ret = sub i7 32, i7 %zext_ln1347

]]></Node>
<StgValue><ssdm name="ret"/></StgValue>
</operation>

<operation id="48" st_id="5" stage="1" lat="1">
<core>NULL</core>
<MemPortIdVec></MemPortIdVec>
<condition id="-1">
<or_exp><and_exp><literal name="icmp_ln1324" val="0"/>
<literal name="icmp_ln878" val="0"/>
</and_exp></or_exp>
</condition>

<Node id="55" bw="5" op_0_bw="7">
<![CDATA[
_ifconv:3 %trunc_ln1347 = trunc i7 %ret

]]></Node>
<StgValue><ssdm name="trunc_ln1347"/></StgValue>
</operation>

<operation id="49" st_id="5" stage="1" lat="1">
<core>Adder</core>
<MemPortIdVec></MemPortIdVec>
<condition id="-1">
<or_exp><and_exp><literal name="icmp_ln1324" val="0"/>
<literal name="icmp_ln878" val="0"/>
</and_exp></or_exp>
</condition>

<Node id="58" bw="5" op_0_bw="5" op_1_bw="5">
<![CDATA[
_ifconv:6 %sub_ln546 = sub i5 0, i5 %trunc_ln1347

]]></Node>
<StgValue><ssdm name="sub_ln546"/></StgValue>
</operation>

<operation id="50" st_id="5" stage="1" lat="1">
<core>NULL</core>
<MemPortIdVec></MemPortIdVec>
<condition id="-1">
<or_exp><and_exp><literal name="icmp_ln1324" val="0"/>
<literal name="icmp_ln878" val="0"/>
</and_exp></or_exp>
</condition>

<Node id="63" bw="6" op_0_bw="6" op_1_bw="1" op_2_bw="5">
<![CDATA[
_ifconv:11 %or_ln = bitconcatenate i6 @_ssdm_op_BitConcatenate.i6.i1.i5, i1 1, i5 %sext_ln1336

]]></Node>
<StgValue><ssdm name="or_ln"/></StgValue>
</operation>

<operation id="51" st_id="5" stage="1" lat="1">
<core>NULL</core>
<MemPortIdVec></MemPortIdVec>
<condition id="-1">
<or_exp><and_exp><literal name="icmp_ln1324" val="0"/>
<literal name="icmp_ln878" val="0"/>
</and_exp></or_exp>
</condition>

<Node id="65" bw="0" op_0_bw="0">
<![CDATA[
_ifconv:13 %br_ln0 = br void

]]></Node>
<StgValue><ssdm name="br_ln0"/></StgValue>
</operation>

<operation id="52" st_id="5" stage="1" lat="1">
<core>NULL</core>
<MemPortIdVec></MemPortIdVec>
<condition id="-1">
<or_exp><and_exp><literal name="icmp_ln1324" val="0"/>
<literal name="icmp_ln878" val="1"/>
</and_exp></or_exp>
</condition>

<Node id="68" bw="0" op_0_bw="0">
<![CDATA[
._crit_edge.loopexit.i._crit_edge:1 %br_ln1347 = br void

]]></Node>
<StgValue><ssdm name="br_ln1347"/></StgValue>
</operation>

<operation id="53" st_id="5" stage="1" lat="1">
<core>NULL</core>
<MemPortIdVec></MemPortIdVec>
<condition id="-1">
<or_exp><and_exp><literal name="icmp_ln1324" val="0"/>
</and_exp></or_exp>
</condition>

<Node id="70" bw="6" op_0_bw="6" op_1_bw="0" op_2_bw="6" op_3_bw="0">
<![CDATA[
:0 %conv_i9_i_i413_pn_i = phi i6 %or_ln, void %_ifconv, i6 %zext_ln1336, void %._crit_edge.loopexit.i._crit_edge

]]></Node>
<StgValue><ssdm name="conv_i9_i_i413_pn_i"/></StgValue>
</operation>

<operation id="54" st_id="5" stage="1" lat="1">
<core>Adder</core>
<MemPortIdVec></MemPortIdVec>
<condition id="-1">
<or_exp><and_exp><literal name="icmp_ln1324" val="0"/>
</and_exp></or_exp>
</condition>

<Node id="71" bw="6" op_0_bw="6" op_1_bw="6">
<![CDATA[
:1 %filled_V_1 = add i6 %conv_i9_i_i413_pn_i, i6 %filled_V

]]></Node>
<StgValue><ssdm name="filled_V_1"/></StgValue>
</operation>

<operation id="55" st_id="5" stage="1" lat="1">
<core>NULL</core>
<MemPortIdVec></MemPortIdVec>
<condition id="-1">
<or_exp><and_exp><literal name="icmp_ln1324" val="0"/>
</and_exp></or_exp>
</condition>

<Node id="74" bw="0" op_0_bw="0">
<![CDATA[
:4 %br_ln0 = br void

]]></Node>
<StgValue><ssdm name="br_ln0"/></StgValue>
</operation>
</state>

<state id="6" st_id="6">

<operation id="56" st_id="6" stage="1" lat="1">
<core>NULL</core>
<MemPortIdVec></MemPortIdVec>
<condition id="-1">
<or_exp><and_exp><literal name="icmp_ln1324" val="0"/>
</and_exp></or_exp>
</condition>

<Node id="32" bw="32" op_0_bw="32" op_1_bw="0">
<![CDATA[
._crit_edge.loopexit.i:0 %localbuffer_V_load = load i32 %localbuffer_V

]]></Node>
<StgValue><ssdm name="localbuffer_V_load"/></StgValue>
</operation>

<operation id="57" st_id="6" stage="1" lat="1">
<core>NULL</core>
<MemPortIdVec></MemPortIdVec>
<condition id="-1">
<or_exp><and_exp><literal name="icmp_ln1324" val="0"/>
</and_exp></or_exp>
</condition>

<Node id="33" bw="0" op_0_bw="0" op_1_bw="0">
<![CDATA[
._crit_edge.loopexit.i:1 %specloopname_ln0 = specloopname void @_ssdm_op_SpecLoopName, void @MMIterOutRow_MMIterOutCol_str

]]></Node>
<StgValue><ssdm name="specloopname_ln0"/></StgValue>
</operation>

<operation id="58" st_id="6" stage="1" lat="1">
<core>NULL</core>
<MemPortIdVec></MemPortIdVec>
<condition id="-1">
<or_exp><and_exp><literal name="icmp_ln1324" val="0"/>
</and_exp></or_exp>
</condition>

<Node id="34" bw="0" op_0_bw="0" op_1_bw="64" op_2_bw="64" op_3_bw="64">
<![CDATA[
._crit_edge.loopexit.i:2 %speclooptripcount_ln0 = speclooptripcount void @_ssdm_op_SpecLoopTripCount, i64 1, i64 8294400, i64 2073600

]]></Node>
<StgValue><ssdm name="speclooptripcount_ln0"/></StgValue>
</operation>

<operation id="59" st_id="6" stage="1" lat="1">
<core>NULL</core>
<MemPortIdVec></MemPortIdVec>
<condition id="-1">
<or_exp><and_exp><literal name="icmp_ln1324" val="0"/>
</and_exp></or_exp>
</condition>

<Node id="37" bw="0" op_0_bw="0" op_1_bw="32" op_2_bw="32" op_3_bw="32" op_4_bw="32" op_5_bw="0">
<![CDATA[
._crit_edge.loopexit.i:5 %specpipeline_ln1319 = specpipeline void @_ssdm_op_SpecPipeline, i32 4294967295, i32 0, i32 0, i32 0, void @empty_18

]]></Node>
<StgValue><ssdm name="specpipeline_ln1319"/></StgValue>
</operation>

<operation id="60" st_id="6" stage="1" lat="1">
<core>NULL</core>
<MemPortIdVec></MemPortIdVec>
<condition id="-1">
<or_exp><and_exp><literal name="icmp_ln1324" val="0"/>
</and_exp></or_exp>
</condition>

<Node id="38" bw="0" op_0_bw="0" op_1_bw="0">
<![CDATA[
._crit_edge.loopexit.i:6 %specloopname_ln1319 = specloopname void @_ssdm_op_SpecLoopName, void @empty_21

]]></Node>
<StgValue><ssdm name="specloopname_ln1319"/></StgValue>
</operation>

<operation id="61" st_id="6" stage="1" lat="1">
<core>NULL</core>
<MemPortIdVec></MemPortIdVec>
<condition id="-1">
<or_exp><and_exp><literal name="icmp_ln1324" val="0"/>
</and_exp></or_exp>
</condition>

<Node id="44" bw="32" op_0_bw="24">
<![CDATA[
._crit_edge.loopexit.i:12 %zext_ln145 = zext i24 %tmp_V

]]></Node>
<StgValue><ssdm name="zext_ln145"/></StgValue>
</operation>

<operation id="62" st_id="6" stage="1" lat="1">
<core>NULL</core>
<MemPortIdVec></MemPortIdVec>
<condition id="-1">
<or_exp><and_exp><literal name="icmp_ln1324" val="0"/>
</and_exp></or_exp>
</condition>

<Node id="45" bw="32" op_0_bw="6">
<![CDATA[
._crit_edge.loopexit.i:13 %zext_ln546 = zext i6 %filled_V

]]></Node>
<StgValue><ssdm name="zext_ln546"/></StgValue>
</operation>

<operation id="63" st_id="6" stage="1" lat="1">
<core>Shifter</core>
<MemPortIdVec></MemPortIdVec>
<condition id="-1">
<or_exp><and_exp><literal name="icmp_ln1324" val="0"/>
</and_exp></or_exp>
</condition>

<Node id="46" bw="32" op_0_bw="32" op_1_bw="32">
<![CDATA[
._crit_edge.loopexit.i:14 %r_3 = shl i32 %zext_ln145, i32 %zext_ln546

]]></Node>
<StgValue><ssdm name="r_3"/></StgValue>
</operation>

<operation id="64" st_id="6" stage="1" lat="1">
<core>LogicGate</core>
<MemPortIdVec></MemPortIdVec>
<condition id="-1">
<or_exp><and_exp><literal name="icmp_ln1324" val="0"/>
</and_exp></or_exp>
</condition>

<Node id="47" bw="32" op_0_bw="32" op_1_bw="32">
<![CDATA[
._crit_edge.loopexit.i:15 %ret_2 = or i32 %r_3, i32 %localbuffer_V_load

]]></Node>
<StgValue><ssdm name="ret_2"/></StgValue>
</operation>

<operation id="65" st_id="6" stage="1" lat="1">
<core>NULL</core>
<MemPortIdVec></MemPortIdVec>
<condition id="-1">
<or_exp><and_exp><literal name="icmp_ln1324" val="0"/>
<literal name="icmp_ln878" val="0"/>
</and_exp></or_exp>
</condition>

<Node id="56" bw="1" op_0_bw="1" op_1_bw="7" op_2_bw="32">
<![CDATA[
_ifconv:4 %p_Result_s = bitselect i1 @_ssdm_op_BitSelect.i1.i7.i32, i7 %ret, i32 6

]]></Node>
<StgValue><ssdm name="p_Result_s"/></StgValue>
</operation>

<operation id="66" st_id="6" stage="1" lat="1">
<core>NULL</core>
<MemPortIdVec></MemPortIdVec>
<condition id="-1">
<or_exp><and_exp><literal name="icmp_ln1324" val="0"/>
<literal name="icmp_ln878" val="0"/>
</and_exp></or_exp>
</condition>

<Node id="57" bw="32" op_0_bw="7">
<![CDATA[
_ifconv:5 %sext_ln455 = sext i7 %ret

]]></Node>
<StgValue><ssdm name="sext_ln455"/></StgValue>
</operation>

<operation id="67" st_id="6" stage="1" lat="1">
<core>NULL</core>
<MemPortIdVec></MemPortIdVec>
<condition id="-1">
<or_exp><and_exp><literal name="icmp_ln1324" val="0"/>
<literal name="icmp_ln878" val="0"/>
</and_exp></or_exp>
</condition>

<Node id="59" bw="32" op_0_bw="5">
<![CDATA[
_ifconv:7 %zext_ln781 = zext i5 %sub_ln546

]]></Node>
<StgValue><ssdm name="zext_ln781"/></StgValue>
</operation>

<operation id="68" st_id="6" stage="1" lat="1">
<core>Shifter</core>
<MemPortIdVec></MemPortIdVec>
<condition id="-1">
<or_exp><and_exp><literal name="icmp_ln1324" val="0"/>
<literal name="icmp_ln878" val="0"/>
</and_exp></or_exp>
</condition>

<Node id="60" bw="32" op_0_bw="32" op_1_bw="32">
<![CDATA[
_ifconv:8 %r = shl i32 %zext_ln145, i32 %zext_ln781

]]></Node>
<StgValue><ssdm name="r"/></StgValue>
</operation>

<operation id="69" st_id="6" stage="1" lat="1">
<core>Shifter</core>
<MemPortIdVec></MemPortIdVec>
<condition id="-1">
<or_exp><and_exp><literal name="icmp_ln1324" val="0"/>
<literal name="icmp_ln878" val="0"/>
</and_exp></or_exp>
</condition>

<Node id="61" bw="32" op_0_bw="32" op_1_bw="32">
<![CDATA[
_ifconv:9 %r_2 = lshr i32 %zext_ln145, i32 %sext_ln455

]]></Node>
<StgValue><ssdm name="r_2"/></StgValue>
</operation>

<operation id="70" st_id="6" stage="1" lat="1">
<core>Sel</core>
<MemPortIdVec></MemPortIdVec>
<condition id="-1">
<or_exp><and_exp><literal name="icmp_ln1324" val="0"/>
<literal name="icmp_ln878" val="0"/>
</and_exp></or_exp>
</condition>

<Node id="62" bw="32" op_0_bw="1" op_1_bw="32" op_2_bw="32">
<![CDATA[
_ifconv:10 %localbuffer_V_3 = select i1 %p_Result_s, i32 %r, i32 %r_2

]]></Node>
<StgValue><ssdm name="localbuffer_V_3"/></StgValue>
</operation>

<operation id="71" st_id="6" stage="1" lat="1">
<core>NULL</core>
<MemPortIdVec></MemPortIdVec>
<condition id="-1">
<or_exp><and_exp><literal name="icmp_ln1324" val="0"/>
<literal name="icmp_ln878" val="0"/>
</and_exp></or_exp>
</condition>

<Node id="64" bw="0" op_0_bw="32" op_1_bw="32" op_2_bw="0" op_3_bw="0">
<![CDATA[
_ifconv:12 %store_ln787 = store i32 %localbuffer_V_3, i32 %localbuffer_V

]]></Node>
<StgValue><ssdm name="store_ln787"/></StgValue>
</operation>

<operation id="72" st_id="6" stage="1" lat="1">
<core>NULL</core>
<MemPortIdVec></MemPortIdVec>
<condition id="-1">
<or_exp><and_exp><literal name="icmp_ln1324" val="0"/>
<literal name="icmp_ln878" val="1"/>
</and_exp></or_exp>
</condition>

<Node id="67" bw="0" op_0_bw="32" op_1_bw="32" op_2_bw="0" op_3_bw="0">
<![CDATA[
._crit_edge.loopexit.i._crit_edge:0 %store_ln1347 = store i32 %ret_2, i32 %localbuffer_V

]]></Node>
<StgValue><ssdm name="store_ln1347"/></StgValue>
</operation>
</state>

<state id="7" st_id="7">

<operation id="73" st_id="7" stage="1" lat="1">
<core>FIFO_SRL</core>
<MemPortIdVec></MemPortIdVec>
<condition id="-1">
<or_exp><and_exp><literal name="icmp_ln1324" val="0"/>
<literal name="icmp_ln878" val="0"/>
</and_exp></or_exp>
</condition>

<Node id="52" bw="0" op_0_bw="0" op_1_bw="32" op_2_bw="32">
<![CDATA[
_ifconv:0 %write_ln174 = write void @_ssdm_op_Write.ap_fifo.volatile.i32P0A, i32 %ldata1, i32 %ret_2

]]></Node>
<StgValue><ssdm name="write_ln174"/></StgValue>
</operation>
</state>

<state id="8" st_id="8">

<operation id="74" st_id="8" stage="1" lat="1">
<core>Cmp</core>
<MemPortIdVec></MemPortIdVec>
<condition id="-1">
<or_exp><and_exp></and_exp></or_exp>
</condition>

<Node id="76" bw="1" op_0_bw="6" op_1_bw="6">
<![CDATA[
._crit_edge14.loopexit.i:0 %icmp_ln874 = icmp_eq  i6 %filled_V, i6 0

]]></Node>
<StgValue><ssdm name="icmp_ln874"/></StgValue>
</operation>

<operation id="75" st_id="8" stage="1" lat="1">
<core>NULL</core>
<MemPortIdVec></MemPortIdVec>
<condition id="-1">
<or_exp><and_exp></and_exp></or_exp>
</condition>

<Node id="77" bw="0" op_0_bw="1" op_1_bw="0" op_2_bw="0">
<![CDATA[
._crit_edge14.loopexit.i:1 %br_ln1363 = br i1 %icmp_ln874, void, void %.exit

]]></Node>
<StgValue><ssdm name="br_ln1363"/></StgValue>
</operation>

<operation id="76" st_id="8" stage="1" lat="1">
<core>NULL</core>
<MemPortIdVec></MemPortIdVec>
<condition id="-1">
<or_exp><and_exp><literal name="icmp_ln874" val="0"/>
</and_exp></or_exp>
</condition>

<Node id="79" bw="32" op_0_bw="32" op_1_bw="0">
<![CDATA[
:0 %localbuffer_V_load_1 = load i32 %localbuffer_V

]]></Node>
<StgValue><ssdm name="localbuffer_V_load_1"/></StgValue>
</operation>

<operation id="77" st_id="8" stage="1" lat="1">
<core>FIFO_SRL</core>
<MemPortIdVec></MemPortIdVec>
<condition id="-1">
<or_exp><and_exp><literal name="icmp_ln874" val="0"/>
</and_exp></or_exp>
</condition>

<Node id="80" bw="0" op_0_bw="0" op_1_bw="32" op_2_bw="32">
<![CDATA[
:1 %write_ln174 = write void @_ssdm_op_Write.ap_fifo.volatile.i32P0A, i32 %ldata1, i32 %localbuffer_V_load_1

]]></Node>
<StgValue><ssdm name="write_ln174"/></StgValue>
</operation>

<operation id="78" st_id="8" stage="1" lat="1">
<core>NULL</core>
<MemPortIdVec></MemPortIdVec>
<condition id="-1">
<or_exp><and_exp><literal name="icmp_ln874" val="0"/>
</and_exp></or_exp>
</condition>

<Node id="81" bw="0" op_0_bw="0">
<![CDATA[
:2 %br_ln1365 = br void %.exit

]]></Node>
<StgValue><ssdm name="br_ln1365"/></StgValue>
</operation>

<operation id="79" st_id="8" stage="1" lat="1">
<core>NULL</core>
<MemPortIdVec></MemPortIdVec>
<condition id="-1">
<or_exp><and_exp></and_exp></or_exp>
</condition>

<Node id="83" bw="0">
<![CDATA[
.exit:0 %ret_ln1376 = ret

]]></Node>
<StgValue><ssdm name="ret_ln1376"/></StgValue>
</operation>
</state>
</state_list>


<ports>
</ports>


<dataflows>
</dataflows>


</stg>
