<root versionMajor = "1" versionMinor = "5">
  <kernel src_name="addweighted" language="c" hwCtrl="ap_ctrl_hs" mem_layout="fpga64-xilinx-none">
    <args>
      <arg id="0" access_type="r" src_name="img_inp_one" src_type="ap_uint&lt;32&gt;*" src_isptr="1" src_bitwidth="32" src_size_or_depth="1">
        <hw hw_usage="data" hw_interface="MAXI" hw_name="gmem1" hw_bitwidth="32" hw_size_or_depth="0">
          <constraint constraint_type="pragma interface" mode="m_axi" register_option="0" offset="slave" latency="0" num_read_outstanding="16" num_write_outstanding="16" max_read_burst_length="16" max_write_burst_length="16" max_widen_bitwidth="0"/>
          <constraint constraint_type="bitwidth" orig_bitwidth="32" final_bitwidth="32"/>
        </hw>
        <hw hw_usage="address" hw_interface="S_AXILite" hw_name="control" hw_bitwidth="32" hw_size_or_depth="0">
          <constraint constraint_type="pragma interface" mode="s_axilite" register_option="0" offset="16"/>
        </hw>
      </arg>
      <arg id="1" access_type="r" src_name="img_inp_two" src_type="ap_uint&lt;32&gt;*" src_isptr="1" src_bitwidth="32" src_size_or_depth="1">
        <hw hw_usage="data" hw_interface="MAXI" hw_name="gmem2" hw_bitwidth="32" hw_size_or_depth="0">
          <constraint constraint_type="pragma interface" mode="m_axi" register_option="0" offset="slave" latency="0" num_read_outstanding="16" num_write_outstanding="16" max_read_burst_length="16" max_write_burst_length="16" max_widen_bitwidth="0"/>
          <constraint constraint_type="bitwidth" orig_bitwidth="32" final_bitwidth="32"/>
        </hw>
        <hw hw_usage="address" hw_interface="S_AXILite" hw_name="control" hw_bitwidth="32" hw_size_or_depth="0">
          <constraint constraint_type="pragma interface" mode="s_axilite" register_option="0" offset="28"/>
        </hw>
      </arg>
      <arg id="2" access_type="w" src_name="img_out" src_type="ap_uint&lt;32&gt;*" src_isptr="1" src_bitwidth="32" src_size_or_depth="1">
        <hw hw_usage="data" hw_interface="MAXI" hw_name="gmem3" hw_bitwidth="32" hw_size_or_depth="0">
          <constraint constraint_type="pragma interface" mode="m_axi" register_option="0" offset="slave" latency="0" num_read_outstanding="16" num_write_outstanding="16" max_read_burst_length="16" max_write_burst_length="16" max_widen_bitwidth="0"/>
          <constraint constraint_type="bitwidth" orig_bitwidth="32" final_bitwidth="32"/>
        </hw>
        <hw hw_usage="address" hw_interface="S_AXILite" hw_name="control" hw_bitwidth="32" hw_size_or_depth="0">
          <constraint constraint_type="pragma interface" mode="s_axilite" register_option="0" offset="40"/>
        </hw>
      </arg>
      <arg id="3" access_type="r" src_name="height" src_type="int" src_isptr="0" src_bitwidth="32" src_size_or_depth="1">
        <hw hw_usage="data" hw_interface="S_AXILite" hw_name="control" hw_bitwidth="32" hw_size_or_depth="1">
          <constraint constraint_type="pragma interface" mode="s_axilite" register_option="0" offset="52"/>
        </hw>
      </arg>
      <arg id="4" access_type="r" src_name="width" src_type="int" src_isptr="0" src_bitwidth="32" src_size_or_depth="1">
        <hw hw_usage="data" hw_interface="S_AXILite" hw_name="control" hw_bitwidth="32" hw_size_or_depth="1">
          <constraint constraint_type="pragma interface" mode="s_axilite" register_option="0" offset="60"/>
        </hw>
      </arg>
    </args>
    <return src_type="void" src_bitwidth="0" offset="0x0">
      <hw hw_usage="data" hw_interface="" hw_name="" hw_bitwidth="0"/>
    </return>
  </kernel>
</root>
