<profile>

<section name = "Vitis HLS Report for 'xfMat2Array_32_9_2160_3840_1_1_s'" level="0">
<item name = "Date">Fri Jul 16 11:50:39 2021
</item>
<item name = "Version">2020.2 (Build 3064766 on Wed Nov 18 09:12:45 MST 2020)</item>
<item name = "Project">addWeighted</item>
<item name = "Solution">solution1 (Vivado IP Flow Target)</item>
<item name = "Product family">zynq</item>
<item name = "Target device">xc7z020-clg400-1</item>
</section>

<section name = "Performance Estimates" level="0">
<item name = "Timing">
<section name = "" level="1">
<item name = "Summary"><table name="" hasTotal="0">
<keys size="4">Clock, Target, Estimated, Uncertainty</keys>
<column name="ap_clk">10.00 ns, 7.300 ns, 2.70 ns</column>
</table>
</item>
</section>
</item>
<item name = "Latency">
<section name = "" level="1">
<item name = "Summary"><table name="" hasTotal="0">
<keys size="8">, min, max, min, max, min, max, Type</keys>
<column name="">10, 8294409, 0.100 us, 82.944 ms, 10, 8294409, none</column>
</table>
</item>
<item name = "Detail">
<section name = "" level="1">
<item name = "Instance"><table name="" hasTotal="0">
<keys size="9">Instance, Module, min, max, min, max, min, max, Type</keys>
<column name="grp_Mat2Axi_fu_58">Mat2Axi, 9, 8294408, 90.000 ns, 82.944 ms, 8, 8294407, dataflow</column>
</table>
</item>
<item name = "Loop"><table name="" hasTotal="0">
<keys size="8">Loop Name, min, max, Latency, achieved, target, Count, Pipelined</keys>
</table>
</item>
</section>
</item>
</section>
</item>
</section>

<section name = "Utilization Estimates" level="0">
<item name = "Summary"><table name="" hasTotal="1">
<keys size="6">Name, BRAM_18K, DSP, FF, LUT, URAM</keys>
<column name="DSP">-, -, -, -, -</column>
<column name="Expression">-, -, 0, 6, -</column>
<column name="FIFO">-, -, -, -, -</column>
<column name="Instance">-, 0, 2078, 2269, -</column>
<column name="Memory">-, -, -, -, -</column>
<column name="Multiplexer">-, -, -, 86, -</column>
<column name="Register">-, -, 134, -, -</column>
<specialColumn name="Available">280, 220, 106400, 53200, 0</specialColumn>
<specialColumn name="Utilization (%)">0, 0, 2, 4, 0</specialColumn>
</table>
</item>
<item name = "Detail">
<section name = "" level="1">
<item name = "Instance"><table name="" hasTotal="1">
<keys size="7">Instance, Module, BRAM_18K, DSP, FF, LUT, URAM</keys>
<column name="grp_Mat2Axi_fu_58">Mat2Axi, 0, 0, 2078, 2269, 0</column>
</table>
</item>
<item name = "DSP"><table name="" hasTotal="0">
<keys size="3">Instance, Module, Expression</keys>
</table>
</item>
<item name = "Memory"><table name="" hasTotal="1">
<keys size="10">Memory, Module, BRAM_18K, FF, LUT, URAM, Words, Bits, Banks, W*Bits*Banks</keys>
</table>
</item>
<item name = "FIFO"><table name="" hasTotal="1">
<keys size="8">Name, BRAM_18K, FF, LUT, URAM, Depth, Bits, Size:D*B</keys>
</table>
</item>
<item name = "Expression"><table name="" hasTotal="1">
<keys size="7">Variable Name, Operation, DSP, FF, LUT, Bitwidth P0, Bitwidth P1</keys>
<column name="ap_block_state1">or, 0, 0, 2, 1, 1</column>
<column name="ap_sync_grp_Mat2Axi_fu_58_ap_done">or, 0, 0, 2, 1, 1</column>
<column name="ap_sync_grp_Mat2Axi_fu_58_ap_ready">or, 0, 0, 2, 1, 1</column>
</table>
</item>
<item name = "Multiplexer"><table name="" hasTotal="1">
<keys size="5">Name, LUT, Input Size, Bits, Total Bits</keys>
<column name="ap_NS_fsm">14, 3, 1, 3</column>
<column name="ap_done">9, 2, 1, 2</column>
<column name="dstPtr_blk_n">9, 2, 1, 2</column>
<column name="imgOutput_436_read">9, 2, 1, 2</column>
<column name="m_axi_gmem3_AWVALID">9, 2, 1, 2</column>
<column name="m_axi_gmem3_BREADY">9, 2, 1, 2</column>
<column name="m_axi_gmem3_WVALID">9, 2, 1, 2</column>
<column name="srcMat_cols_blk_n">9, 2, 1, 2</column>
<column name="srcMat_rows_blk_n">9, 2, 1, 2</column>
</table>
</item>
<item name = "Register"><table name="" hasTotal="1">
<keys size="5">Name, FF, LUT, Bits, Const Bits</keys>
<column name="ap_CS_fsm">2, 0, 2, 0</column>
<column name="ap_done_reg">1, 0, 1, 0</column>
<column name="ap_sync_reg_grp_Mat2Axi_fu_58_ap_done">1, 0, 1, 0</column>
<column name="ap_sync_reg_grp_Mat2Axi_fu_58_ap_ready">1, 0, 1, 0</column>
<column name="dstPtr_read_reg_72">64, 0, 64, 0</column>
<column name="grp_Mat2Axi_fu_58_ap_start_reg">1, 0, 1, 0</column>
<column name="srcMat_cols_read_reg_82">32, 0, 32, 0</column>
<column name="srcMat_rows_read_reg_77">32, 0, 32, 0</column>
</table>
</item>
</section>
</item>
</section>

<section name = "Interface" level="0">
<item name = "Summary"><table name="" hasTotal="0">
<keys size="6">RTL Ports, Dir, Bits, Protocol, Source Object, C Type</keys>
<column name="ap_clk">in, 1, ap_ctrl_hs, xfMat2Array&lt;32, 9, 2160, 3840, 1, 1&gt;, return value</column>
<column name="ap_rst">in, 1, ap_ctrl_hs, xfMat2Array&lt;32, 9, 2160, 3840, 1, 1&gt;, return value</column>
<column name="ap_start">in, 1, ap_ctrl_hs, xfMat2Array&lt;32, 9, 2160, 3840, 1, 1&gt;, return value</column>
<column name="ap_done">out, 1, ap_ctrl_hs, xfMat2Array&lt;32, 9, 2160, 3840, 1, 1&gt;, return value</column>
<column name="ap_continue">in, 1, ap_ctrl_hs, xfMat2Array&lt;32, 9, 2160, 3840, 1, 1&gt;, return value</column>
<column name="ap_idle">out, 1, ap_ctrl_hs, xfMat2Array&lt;32, 9, 2160, 3840, 1, 1&gt;, return value</column>
<column name="ap_ready">out, 1, ap_ctrl_hs, xfMat2Array&lt;32, 9, 2160, 3840, 1, 1&gt;, return value</column>
<column name="imgOutput_436_dout">in, 24, ap_fifo, imgOutput_436, pointer</column>
<column name="imgOutput_436_empty_n">in, 1, ap_fifo, imgOutput_436, pointer</column>
<column name="imgOutput_436_read">out, 1, ap_fifo, imgOutput_436, pointer</column>
<column name="m_axi_gmem3_AWVALID">out, 1, m_axi, gmem3, pointer</column>
<column name="m_axi_gmem3_AWREADY">in, 1, m_axi, gmem3, pointer</column>
<column name="m_axi_gmem3_AWADDR">out, 64, m_axi, gmem3, pointer</column>
<column name="m_axi_gmem3_AWID">out, 1, m_axi, gmem3, pointer</column>
<column name="m_axi_gmem3_AWLEN">out, 32, m_axi, gmem3, pointer</column>
<column name="m_axi_gmem3_AWSIZE">out, 3, m_axi, gmem3, pointer</column>
<column name="m_axi_gmem3_AWBURST">out, 2, m_axi, gmem3, pointer</column>
<column name="m_axi_gmem3_AWLOCK">out, 2, m_axi, gmem3, pointer</column>
<column name="m_axi_gmem3_AWCACHE">out, 4, m_axi, gmem3, pointer</column>
<column name="m_axi_gmem3_AWPROT">out, 3, m_axi, gmem3, pointer</column>
<column name="m_axi_gmem3_AWQOS">out, 4, m_axi, gmem3, pointer</column>
<column name="m_axi_gmem3_AWREGION">out, 4, m_axi, gmem3, pointer</column>
<column name="m_axi_gmem3_AWUSER">out, 1, m_axi, gmem3, pointer</column>
<column name="m_axi_gmem3_WVALID">out, 1, m_axi, gmem3, pointer</column>
<column name="m_axi_gmem3_WREADY">in, 1, m_axi, gmem3, pointer</column>
<column name="m_axi_gmem3_WDATA">out, 32, m_axi, gmem3, pointer</column>
<column name="m_axi_gmem3_WSTRB">out, 4, m_axi, gmem3, pointer</column>
<column name="m_axi_gmem3_WLAST">out, 1, m_axi, gmem3, pointer</column>
<column name="m_axi_gmem3_WID">out, 1, m_axi, gmem3, pointer</column>
<column name="m_axi_gmem3_WUSER">out, 1, m_axi, gmem3, pointer</column>
<column name="m_axi_gmem3_ARVALID">out, 1, m_axi, gmem3, pointer</column>
<column name="m_axi_gmem3_ARREADY">in, 1, m_axi, gmem3, pointer</column>
<column name="m_axi_gmem3_ARADDR">out, 64, m_axi, gmem3, pointer</column>
<column name="m_axi_gmem3_ARID">out, 1, m_axi, gmem3, pointer</column>
<column name="m_axi_gmem3_ARLEN">out, 32, m_axi, gmem3, pointer</column>
<column name="m_axi_gmem3_ARSIZE">out, 3, m_axi, gmem3, pointer</column>
<column name="m_axi_gmem3_ARBURST">out, 2, m_axi, gmem3, pointer</column>
<column name="m_axi_gmem3_ARLOCK">out, 2, m_axi, gmem3, pointer</column>
<column name="m_axi_gmem3_ARCACHE">out, 4, m_axi, gmem3, pointer</column>
<column name="m_axi_gmem3_ARPROT">out, 3, m_axi, gmem3, pointer</column>
<column name="m_axi_gmem3_ARQOS">out, 4, m_axi, gmem3, pointer</column>
<column name="m_axi_gmem3_ARREGION">out, 4, m_axi, gmem3, pointer</column>
<column name="m_axi_gmem3_ARUSER">out, 1, m_axi, gmem3, pointer</column>
<column name="m_axi_gmem3_RVALID">in, 1, m_axi, gmem3, pointer</column>
<column name="m_axi_gmem3_RREADY">out, 1, m_axi, gmem3, pointer</column>
<column name="m_axi_gmem3_RDATA">in, 32, m_axi, gmem3, pointer</column>
<column name="m_axi_gmem3_RLAST">in, 1, m_axi, gmem3, pointer</column>
<column name="m_axi_gmem3_RID">in, 1, m_axi, gmem3, pointer</column>
<column name="m_axi_gmem3_RUSER">in, 1, m_axi, gmem3, pointer</column>
<column name="m_axi_gmem3_RRESP">in, 2, m_axi, gmem3, pointer</column>
<column name="m_axi_gmem3_BVALID">in, 1, m_axi, gmem3, pointer</column>
<column name="m_axi_gmem3_BREADY">out, 1, m_axi, gmem3, pointer</column>
<column name="m_axi_gmem3_BRESP">in, 2, m_axi, gmem3, pointer</column>
<column name="m_axi_gmem3_BID">in, 1, m_axi, gmem3, pointer</column>
<column name="m_axi_gmem3_BUSER">in, 1, m_axi, gmem3, pointer</column>
<column name="srcMat_rows_dout">in, 32, ap_fifo, srcMat_rows, pointer</column>
<column name="srcMat_rows_empty_n">in, 1, ap_fifo, srcMat_rows, pointer</column>
<column name="srcMat_rows_read">out, 1, ap_fifo, srcMat_rows, pointer</column>
<column name="srcMat_cols_dout">in, 32, ap_fifo, srcMat_cols, pointer</column>
<column name="srcMat_cols_empty_n">in, 1, ap_fifo, srcMat_cols, pointer</column>
<column name="srcMat_cols_read">out, 1, ap_fifo, srcMat_cols, pointer</column>
<column name="dstPtr_dout">in, 64, ap_fifo, dstPtr, pointer</column>
<column name="dstPtr_empty_n">in, 1, ap_fifo, dstPtr, pointer</column>
<column name="dstPtr_read">out, 1, ap_fifo, dstPtr, pointer</column>
</table>
</item>
</section>
</profile>
