{
  "Top": "addweighted",
  "RtlTop": "addweighted",
  "RtlPrefix": "",
  "RtlSubPrefix": "addweighted_",
  "SourceLanguage": "cpp",
  "HostMachineBits": "64",
  "FunctionProtocol": "ap_ctrl_hs",
  "ResetStyle": "control",
  "Target": {
    "Family": "zynq",
    "Device": "xc7z020",
    "Package": "-clg400",
    "Speed": "-1",
    "Triple": "fpga64-xilinx-none"
  },
  "Args": {
    "img_inp_one": {
      "index": "0",
      "direction": "in",
      "srcType": "ap_uint<32>*",
      "srcSize": "32",
      "hwRefs": [
        {
          "type": "interface",
          "interface": "m_axi_gmem1",
          "name": "",
          "usage": "data",
          "direction": "out"
        },
        {
          "type": "register",
          "interface": "s_axi_control",
          "name": "img_inp_one_1",
          "usage": "address",
          "direction": "in"
        },
        {
          "type": "register",
          "interface": "s_axi_control",
          "name": "img_inp_one_2",
          "usage": "address",
          "direction": "in"
        }
      ]
    },
    "img_inp_two": {
      "index": "1",
      "direction": "in",
      "srcType": "ap_uint<32>*",
      "srcSize": "32",
      "hwRefs": [
        {
          "type": "interface",
          "interface": "m_axi_gmem2",
          "name": "",
          "usage": "data",
          "direction": "out"
        },
        {
          "type": "register",
          "interface": "s_axi_control",
          "name": "img_inp_two_1",
          "usage": "address",
          "direction": "in"
        },
        {
          "type": "register",
          "interface": "s_axi_control",
          "name": "img_inp_two_2",
          "usage": "address",
          "direction": "in"
        }
      ]
    },
    "img_out": {
      "index": "2",
      "direction": "out",
      "srcType": "ap_uint<32>*",
      "srcSize": "32",
      "hwRefs": [
        {
          "type": "interface",
          "interface": "m_axi_gmem3",
          "name": "",
          "usage": "data",
          "direction": "out"
        },
        {
          "type": "register",
          "interface": "s_axi_control",
          "name": "img_out_1",
          "usage": "address",
          "direction": "in"
        },
        {
          "type": "register",
          "interface": "s_axi_control",
          "name": "img_out_2",
          "usage": "address",
          "direction": "in"
        }
      ]
    },
    "height": {
      "index": "3",
      "direction": "in",
      "srcType": "int",
      "srcSize": "32",
      "hwRefs": [{
          "type": "register",
          "interface": "s_axi_control",
          "name": "height",
          "usage": "data",
          "direction": "in"
        }]
    },
    "width": {
      "index": "4",
      "direction": "in",
      "srcType": "int",
      "srcSize": "32",
      "hwRefs": [{
          "type": "register",
          "interface": "s_axi_control",
          "name": "width",
          "usage": "data",
          "direction": "in"
        }]
    }
  },
  "HlsSolution": {
    "FlowTarget": "vivado",
    "ConfigTcl": [
      "config_export -format=ip_catalog",
      "config_export -rtl=vhdl"
    ],
    "DirectiveTcl": ["set_directive_top addweighted -name addweighted"],
    "ProfileOption": "0",
    "ProfileType": "none",
    "KernelName": "addweighted"
  },
  "ClockInfo": {
    "ClockName": "ap_clk",
    "ClockPeriod": "10",
    "Uncertainty": "2.7",
    "IsCombinational": "0",
    "II": "x",
    "Latency": "8303054"
  },
  "Xdc": {"OocClocks": ["create_clock -name ap_clk -period 10.000 [get_ports ap_clk]"]},
  "Ipx": {
    "Vendor": "xilinx.com",
    "Library": "hls",
    "Name": "addweighted",
    "Version": "1.0",
    "DisplayName": "Addweighted",
    "Revision": "",
    "Description": "An IP generated by Vitis HLS",
    "Taxonomy": "\/VITIS_HLS_IP",
    "AutoFamilySupport": "",
    "ZipFile": "xilinx_com_hls_addweighted_1_0.zip"
  },
  "Files": {
    "CSource": ["..\/addWeighted.cpp"],
    "Vhdl": [
      "impl\/vhdl\/addweighted_addrbound.vhd",
      "impl\/vhdl\/addweighted_addrbound5.vhd",
      "impl\/vhdl\/addweighted_addWeighted_9_9_2160_3840_1_s.vhd",
      "impl\/vhdl\/addweighted_AddWeightedKernel_9_9_2160_3840_1_3_15_15_9_9_3840_s.vhd",
      "impl\/vhdl\/addweighted_Array2xfMat_32_9_2160_3840_1_6.vhd",
      "impl\/vhdl\/addweighted_Array2xfMat_32_9_2160_3840_1_s.vhd",
      "impl\/vhdl\/addweighted_Axi2AxiStream.vhd",
      "impl\/vhdl\/addweighted_Axi2Mat.vhd",
      "impl\/vhdl\/addweighted_Axi2Mat_Block_split26_proc.vhd",
      "impl\/vhdl\/addweighted_Axi2Mat_entry3.vhd",
      "impl\/vhdl\/addweighted_Axi2Mat_entry9.vhd",
      "impl\/vhdl\/addweighted_AxiStream2Axi.vhd",
      "impl\/vhdl\/addweighted_AxiStream2MatStream.vhd",
      "impl\/vhdl\/addweighted_Block_split1_proc23.vhd",
      "impl\/vhdl\/addweighted_control_s_axi.vhd",
      "impl\/vhdl\/addweighted_fifo_w4_d2_S.vhd",
      "impl\/vhdl\/addweighted_fifo_w4_d6_S.vhd",
      "impl\/vhdl\/addweighted_fifo_w24_d2_S.vhd",
      "impl\/vhdl\/addweighted_fifo_w24_d2_S_x.vhd",
      "impl\/vhdl\/addweighted_fifo_w24_d2_S_x0.vhd",
      "impl\/vhdl\/addweighted_fifo_w26_d2_S.vhd",
      "impl\/vhdl\/addweighted_fifo_w29_d2_S.vhd",
      "impl\/vhdl\/addweighted_fifo_w32_d2_S.vhd",
      "impl\/vhdl\/addweighted_fifo_w32_d2_S_x.vhd",
      "impl\/vhdl\/addweighted_fifo_w32_d2_S_x0.vhd",
      "impl\/vhdl\/addweighted_fifo_w32_d2_S_x1.vhd",
      "impl\/vhdl\/addweighted_fifo_w32_d4_S.vhd",
      "impl\/vhdl\/addweighted_fifo_w32_d4_S_x.vhd",
      "impl\/vhdl\/addweighted_fifo_w64_d2_S.vhd",
      "impl\/vhdl\/addweighted_fifo_w64_d2_S_x.vhd",
      "impl\/vhdl\/addweighted_fifo_w64_d4_S.vhd",
      "impl\/vhdl\/addweighted_fifo_w64_d4_S_x.vhd",
      "impl\/vhdl\/addweighted_fifo_w64_d4_S_x0.vhd",
      "impl\/vhdl\/addweighted_gmem1_m_axi.vhd",
      "impl\/vhdl\/addweighted_gmem2_m_axi.vhd",
      "impl\/vhdl\/addweighted_gmem3_m_axi.vhd",
      "impl\/vhdl\/addweighted_last_blk_pxl_width4.vhd",
      "impl\/vhdl\/addweighted_last_blk_pxl_width15.vhd",
      "impl\/vhdl\/addweighted_Mat2Axi.vhd",
      "impl\/vhdl\/addweighted_Mat2Axi_Block_split24_proc.vhd",
      "impl\/vhdl\/addweighted_Mat2Axi_entry18.vhd",
      "impl\/vhdl\/addweighted_Mat2AxiStream.vhd",
      "impl\/vhdl\/addweighted_MatStream2AxiStream.vhd",
      "impl\/vhdl\/addweighted_mul_29s_29s_29_2_1.vhd",
      "impl\/vhdl\/addweighted_mul_32ns_32ns_64_2_1.vhd",
      "impl\/vhdl\/addweighted_mul_32s_32s_32_2_1.vhd",
      "impl\/vhdl\/addweighted_start_for_addrbound5_U0.vhd",
      "impl\/vhdl\/addweighted_start_for_addrbound_U0.vhd",
      "impl\/vhdl\/addweighted_start_for_addWeighted_9_9_2160_3840_1_U0.vhd",
      "impl\/vhdl\/addweighted_start_for_Axi2Mat_entry9_U0.vhd",
      "impl\/vhdl\/addweighted_start_for_AxiStream2MatStream_U0.vhd",
      "impl\/vhdl\/addweighted_start_for_Mat2AxiStream_U0.vhd",
      "impl\/vhdl\/addweighted_start_for_xfMat2Array_32_9_2160_3840_1_1_U0.vhd",
      "impl\/vhdl\/addweighted_xfMat2Array_32_9_2160_3840_1_1_s.vhd",
      "impl\/vhdl\/addweighted.vhd"
    ],
    "Verilog": [
      "impl\/verilog\/addweighted_addrbound.v",
      "impl\/verilog\/addweighted_addrbound5.v",
      "impl\/verilog\/addweighted_addWeighted_9_9_2160_3840_1_s.v",
      "impl\/verilog\/addweighted_AddWeightedKernel_9_9_2160_3840_1_3_15_15_9_9_3840_s.v",
      "impl\/verilog\/addweighted_Array2xfMat_32_9_2160_3840_1_6.v",
      "impl\/verilog\/addweighted_Array2xfMat_32_9_2160_3840_1_s.v",
      "impl\/verilog\/addweighted_Axi2AxiStream.v",
      "impl\/verilog\/addweighted_Axi2Mat.v",
      "impl\/verilog\/addweighted_Axi2Mat_Block_split26_proc.v",
      "impl\/verilog\/addweighted_Axi2Mat_entry3.v",
      "impl\/verilog\/addweighted_Axi2Mat_entry9.v",
      "impl\/verilog\/addweighted_AxiStream2Axi.v",
      "impl\/verilog\/addweighted_AxiStream2MatStream.v",
      "impl\/verilog\/addweighted_Block_split1_proc23.v",
      "impl\/verilog\/addweighted_control_s_axi.v",
      "impl\/verilog\/addweighted_fifo_w4_d2_S.v",
      "impl\/verilog\/addweighted_fifo_w4_d6_S.v",
      "impl\/verilog\/addweighted_fifo_w24_d2_S.v",
      "impl\/verilog\/addweighted_fifo_w24_d2_S_x.v",
      "impl\/verilog\/addweighted_fifo_w24_d2_S_x0.v",
      "impl\/verilog\/addweighted_fifo_w26_d2_S.v",
      "impl\/verilog\/addweighted_fifo_w29_d2_S.v",
      "impl\/verilog\/addweighted_fifo_w32_d2_S.v",
      "impl\/verilog\/addweighted_fifo_w32_d2_S_x.v",
      "impl\/verilog\/addweighted_fifo_w32_d2_S_x0.v",
      "impl\/verilog\/addweighted_fifo_w32_d2_S_x1.v",
      "impl\/verilog\/addweighted_fifo_w32_d4_S.v",
      "impl\/verilog\/addweighted_fifo_w32_d4_S_x.v",
      "impl\/verilog\/addweighted_fifo_w64_d2_S.v",
      "impl\/verilog\/addweighted_fifo_w64_d2_S_x.v",
      "impl\/verilog\/addweighted_fifo_w64_d4_S.v",
      "impl\/verilog\/addweighted_fifo_w64_d4_S_x.v",
      "impl\/verilog\/addweighted_fifo_w64_d4_S_x0.v",
      "impl\/verilog\/addweighted_gmem1_m_axi.v",
      "impl\/verilog\/addweighted_gmem2_m_axi.v",
      "impl\/verilog\/addweighted_gmem3_m_axi.v",
      "impl\/verilog\/addweighted_last_blk_pxl_width4.v",
      "impl\/verilog\/addweighted_last_blk_pxl_width15.v",
      "impl\/verilog\/addweighted_Mat2Axi.v",
      "impl\/verilog\/addweighted_Mat2Axi_Block_split24_proc.v",
      "impl\/verilog\/addweighted_Mat2Axi_entry18.v",
      "impl\/verilog\/addweighted_Mat2AxiStream.v",
      "impl\/verilog\/addweighted_MatStream2AxiStream.v",
      "impl\/verilog\/addweighted_mul_29s_29s_29_2_1.v",
      "impl\/verilog\/addweighted_mul_32ns_32ns_64_2_1.v",
      "impl\/verilog\/addweighted_mul_32s_32s_32_2_1.v",
      "impl\/verilog\/addweighted_start_for_addrbound5_U0.v",
      "impl\/verilog\/addweighted_start_for_addrbound_U0.v",
      "impl\/verilog\/addweighted_start_for_addWeighted_9_9_2160_3840_1_U0.v",
      "impl\/verilog\/addweighted_start_for_Axi2Mat_entry9_U0.v",
      "impl\/verilog\/addweighted_start_for_AxiStream2MatStream_U0.v",
      "impl\/verilog\/addweighted_start_for_Mat2AxiStream_U0.v",
      "impl\/verilog\/addweighted_start_for_xfMat2Array_32_9_2160_3840_1_1_U0.v",
      "impl\/verilog\/addweighted_xfMat2Array_32_9_2160_3840_1_1_s.v",
      "impl\/verilog\/addweighted.v"
    ],
    "SwDriver": [
      "impl\/misc\/drivers\/addweighted_v1_0\/data\/addweighted.mdd",
      "impl\/misc\/drivers\/addweighted_v1_0\/data\/addweighted.tcl",
      "impl\/misc\/drivers\/addweighted_v1_0\/src\/Makefile",
      "impl\/misc\/drivers\/addweighted_v1_0\/src\/xaddweighted.c",
      "impl\/misc\/drivers\/addweighted_v1_0\/src\/xaddweighted.h",
      "impl\/misc\/drivers\/addweighted_v1_0\/src\/xaddweighted_hw.h",
      "impl\/misc\/drivers\/addweighted_v1_0\/src\/xaddweighted_linux.c",
      "impl\/misc\/drivers\/addweighted_v1_0\/src\/xaddweighted_sinit.c"
    ],
    "IpMisc": ["impl\/misc\/logo.png"],
    "DesignXml": ".autopilot\/db\/addweighted.design.xml",
    "DebugDir": ".debug",
    "ProtoInst": ["C:\/Users\/elpri\/AppData\/Roaming\/Xilinx\/Vitis\/addWeighted\/solution1\/.debug\/addweighted.protoinst"]
  },
  "SubcoreInfo": {
    "HasXpmMemory": false,
    "HasClockedDsp": false,
    "Ip": []
  },
  "Interfaces": {
    "ap_clk": {
      "type": "clock",
      "busTypeName": "clock",
      "mode": "slave",
      "busParams": {
        "ASSOCIATED_BUSIF": "s_axi_control:m_axi_gmem1:m_axi_gmem2:m_axi_gmem3",
        "ASSOCIATED_RESET": "ap_rst_n"
      },
      "portMap": {"ap_clk": "CLK"},
      "ports": ["ap_clk"]
    },
    "ap_rst_n": {
      "type": "reset",
      "busTypeName": "reset",
      "mode": "slave",
      "busParams": {"POLARITY": "ACTIVE_LOW"},
      "portMap": {"ap_rst_n": "RST"},
      "ports": ["ap_rst_n"]
    },
    "interrupt": {
      "type": "interrupt",
      "busTypeName": "interrupt",
      "mode": "master",
      "dataWidth": "1",
      "busParams": {"SENSITIVITY": "LEVEL_HIGH"},
      "portMap": {"interrupt": "INTERRUPT"},
      "ports": ["interrupt"]
    },
    "m_axi_gmem1": {
      "type": "axi4full",
      "busTypeName": "aximm",
      "mode": "master",
      "dataWidth": "32",
      "addrWidth": "64",
      "portPrefix": "m_axi_gmem1_",
      "paramPrefix": "C_M_AXI_GMEM1_",
      "offsetSlaveName": "s_axi_control",
      "preferredUsageValue": "MEMORY",
      "busParams": {
        "NUM_READ_OUTSTANDING": "16",
        "NUM_WRITE_OUTSTANDING": "16",
        "MAX_READ_BURST_LENGTH": "16",
        "MAX_WRITE_BURST_LENGTH": "16",
        "MAX_BURST_LENGTH": "256",
        "PROTOCOL": "AXI4",
        "READ_WRITE_MODE": "READ_WRITE",
        "HAS_BURST": "0",
        "SUPPORTS_NARROW_BURST": "0"
      },
      "ports": [
        "m_axi_gmem1_ARADDR",
        "m_axi_gmem1_ARBURST",
        "m_axi_gmem1_ARCACHE",
        "m_axi_gmem1_ARID",
        "m_axi_gmem1_ARLEN",
        "m_axi_gmem1_ARLOCK",
        "m_axi_gmem1_ARPROT",
        "m_axi_gmem1_ARQOS",
        "m_axi_gmem1_ARREADY",
        "m_axi_gmem1_ARREGION",
        "m_axi_gmem1_ARSIZE",
        "m_axi_gmem1_ARUSER",
        "m_axi_gmem1_ARVALID",
        "m_axi_gmem1_AWADDR",
        "m_axi_gmem1_AWBURST",
        "m_axi_gmem1_AWCACHE",
        "m_axi_gmem1_AWID",
        "m_axi_gmem1_AWLEN",
        "m_axi_gmem1_AWLOCK",
        "m_axi_gmem1_AWPROT",
        "m_axi_gmem1_AWQOS",
        "m_axi_gmem1_AWREADY",
        "m_axi_gmem1_AWREGION",
        "m_axi_gmem1_AWSIZE",
        "m_axi_gmem1_AWUSER",
        "m_axi_gmem1_AWVALID",
        "m_axi_gmem1_BID",
        "m_axi_gmem1_BREADY",
        "m_axi_gmem1_BRESP",
        "m_axi_gmem1_BUSER",
        "m_axi_gmem1_BVALID",
        "m_axi_gmem1_RDATA",
        "m_axi_gmem1_RID",
        "m_axi_gmem1_RLAST",
        "m_axi_gmem1_RREADY",
        "m_axi_gmem1_RRESP",
        "m_axi_gmem1_RUSER",
        "m_axi_gmem1_RVALID",
        "m_axi_gmem1_WDATA",
        "m_axi_gmem1_WID",
        "m_axi_gmem1_WLAST",
        "m_axi_gmem1_WREADY",
        "m_axi_gmem1_WSTRB",
        "m_axi_gmem1_WUSER",
        "m_axi_gmem1_WVALID"
      ],
      "constraints": [
        {
          "constraint_type": "pragma interface",
          "mode": "m_axi",
          "register_option": "0",
          "offset": "slave",
          "latency": "0",
          "num_read_outstanding": "16",
          "num_write_outstanding": "16",
          "max_read_burst_length": "16",
          "max_write_burst_length": "16",
          "max_widen_bitwidth": "0",
          "argName": "img_inp_one"
        },
        {
          "constraint_type": "bitwidth",
          "orig_bitwidth": "32",
          "final_bitwidth": "32",
          "argName": "img_inp_one"
        }
      ]
    },
    "m_axi_gmem2": {
      "type": "axi4full",
      "busTypeName": "aximm",
      "mode": "master",
      "dataWidth": "32",
      "addrWidth": "64",
      "portPrefix": "m_axi_gmem2_",
      "paramPrefix": "C_M_AXI_GMEM2_",
      "offsetSlaveName": "s_axi_control",
      "preferredUsageValue": "MEMORY",
      "busParams": {
        "NUM_READ_OUTSTANDING": "16",
        "NUM_WRITE_OUTSTANDING": "16",
        "MAX_READ_BURST_LENGTH": "16",
        "MAX_WRITE_BURST_LENGTH": "16",
        "MAX_BURST_LENGTH": "256",
        "PROTOCOL": "AXI4",
        "READ_WRITE_MODE": "READ_WRITE",
        "HAS_BURST": "0",
        "SUPPORTS_NARROW_BURST": "0"
      },
      "ports": [
        "m_axi_gmem2_ARADDR",
        "m_axi_gmem2_ARBURST",
        "m_axi_gmem2_ARCACHE",
        "m_axi_gmem2_ARID",
        "m_axi_gmem2_ARLEN",
        "m_axi_gmem2_ARLOCK",
        "m_axi_gmem2_ARPROT",
        "m_axi_gmem2_ARQOS",
        "m_axi_gmem2_ARREADY",
        "m_axi_gmem2_ARREGION",
        "m_axi_gmem2_ARSIZE",
        "m_axi_gmem2_ARUSER",
        "m_axi_gmem2_ARVALID",
        "m_axi_gmem2_AWADDR",
        "m_axi_gmem2_AWBURST",
        "m_axi_gmem2_AWCACHE",
        "m_axi_gmem2_AWID",
        "m_axi_gmem2_AWLEN",
        "m_axi_gmem2_AWLOCK",
        "m_axi_gmem2_AWPROT",
        "m_axi_gmem2_AWQOS",
        "m_axi_gmem2_AWREADY",
        "m_axi_gmem2_AWREGION",
        "m_axi_gmem2_AWSIZE",
        "m_axi_gmem2_AWUSER",
        "m_axi_gmem2_AWVALID",
        "m_axi_gmem2_BID",
        "m_axi_gmem2_BREADY",
        "m_axi_gmem2_BRESP",
        "m_axi_gmem2_BUSER",
        "m_axi_gmem2_BVALID",
        "m_axi_gmem2_RDATA",
        "m_axi_gmem2_RID",
        "m_axi_gmem2_RLAST",
        "m_axi_gmem2_RREADY",
        "m_axi_gmem2_RRESP",
        "m_axi_gmem2_RUSER",
        "m_axi_gmem2_RVALID",
        "m_axi_gmem2_WDATA",
        "m_axi_gmem2_WID",
        "m_axi_gmem2_WLAST",
        "m_axi_gmem2_WREADY",
        "m_axi_gmem2_WSTRB",
        "m_axi_gmem2_WUSER",
        "m_axi_gmem2_WVALID"
      ],
      "constraints": [
        {
          "constraint_type": "pragma interface",
          "mode": "m_axi",
          "register_option": "0",
          "offset": "slave",
          "latency": "0",
          "num_read_outstanding": "16",
          "num_write_outstanding": "16",
          "max_read_burst_length": "16",
          "max_write_burst_length": "16",
          "max_widen_bitwidth": "0",
          "argName": "img_inp_two"
        },
        {
          "constraint_type": "bitwidth",
          "orig_bitwidth": "32",
          "final_bitwidth": "32",
          "argName": "img_inp_two"
        }
      ]
    },
    "m_axi_gmem3": {
      "type": "axi4full",
      "busTypeName": "aximm",
      "mode": "master",
      "dataWidth": "32",
      "addrWidth": "64",
      "portPrefix": "m_axi_gmem3_",
      "paramPrefix": "C_M_AXI_GMEM3_",
      "offsetSlaveName": "s_axi_control",
      "preferredUsageValue": "MEMORY",
      "busParams": {
        "NUM_READ_OUTSTANDING": "16",
        "NUM_WRITE_OUTSTANDING": "16",
        "MAX_READ_BURST_LENGTH": "16",
        "MAX_WRITE_BURST_LENGTH": "16",
        "MAX_BURST_LENGTH": "256",
        "PROTOCOL": "AXI4",
        "READ_WRITE_MODE": "READ_WRITE",
        "HAS_BURST": "0",
        "SUPPORTS_NARROW_BURST": "0"
      },
      "ports": [
        "m_axi_gmem3_ARADDR",
        "m_axi_gmem3_ARBURST",
        "m_axi_gmem3_ARCACHE",
        "m_axi_gmem3_ARID",
        "m_axi_gmem3_ARLEN",
        "m_axi_gmem3_ARLOCK",
        "m_axi_gmem3_ARPROT",
        "m_axi_gmem3_ARQOS",
        "m_axi_gmem3_ARREADY",
        "m_axi_gmem3_ARREGION",
        "m_axi_gmem3_ARSIZE",
        "m_axi_gmem3_ARUSER",
        "m_axi_gmem3_ARVALID",
        "m_axi_gmem3_AWADDR",
        "m_axi_gmem3_AWBURST",
        "m_axi_gmem3_AWCACHE",
        "m_axi_gmem3_AWID",
        "m_axi_gmem3_AWLEN",
        "m_axi_gmem3_AWLOCK",
        "m_axi_gmem3_AWPROT",
        "m_axi_gmem3_AWQOS",
        "m_axi_gmem3_AWREADY",
        "m_axi_gmem3_AWREGION",
        "m_axi_gmem3_AWSIZE",
        "m_axi_gmem3_AWUSER",
        "m_axi_gmem3_AWVALID",
        "m_axi_gmem3_BID",
        "m_axi_gmem3_BREADY",
        "m_axi_gmem3_BRESP",
        "m_axi_gmem3_BUSER",
        "m_axi_gmem3_BVALID",
        "m_axi_gmem3_RDATA",
        "m_axi_gmem3_RID",
        "m_axi_gmem3_RLAST",
        "m_axi_gmem3_RREADY",
        "m_axi_gmem3_RRESP",
        "m_axi_gmem3_RUSER",
        "m_axi_gmem3_RVALID",
        "m_axi_gmem3_WDATA",
        "m_axi_gmem3_WID",
        "m_axi_gmem3_WLAST",
        "m_axi_gmem3_WREADY",
        "m_axi_gmem3_WSTRB",
        "m_axi_gmem3_WUSER",
        "m_axi_gmem3_WVALID"
      ],
      "constraints": [
        {
          "constraint_type": "pragma interface",
          "mode": "m_axi",
          "register_option": "0",
          "offset": "slave",
          "latency": "0",
          "num_read_outstanding": "16",
          "num_write_outstanding": "16",
          "max_read_burst_length": "16",
          "max_write_burst_length": "16",
          "max_widen_bitwidth": "0",
          "argName": "img_out"
        },
        {
          "constraint_type": "bitwidth",
          "orig_bitwidth": "32",
          "final_bitwidth": "32",
          "argName": "img_out"
        }
      ]
    },
    "s_axi_control": {
      "type": "axi4lite",
      "busTypeName": "aximm",
      "mode": "slave",
      "dataWidth": "32",
      "addrWidth": "7",
      "portPrefix": "s_axi_control_",
      "paramPrefix": "C_S_AXI_CONTROL_",
      "offsetMasterName": "m_axi_gmem3",
      "ports": [
        "s_axi_control_ARADDR",
        "s_axi_control_ARREADY",
        "s_axi_control_ARVALID",
        "s_axi_control_AWADDR",
        "s_axi_control_AWREADY",
        "s_axi_control_AWVALID",
        "s_axi_control_BREADY",
        "s_axi_control_BRESP",
        "s_axi_control_BVALID",
        "s_axi_control_RDATA",
        "s_axi_control_RREADY",
        "s_axi_control_RRESP",
        "s_axi_control_RVALID",
        "s_axi_control_WDATA",
        "s_axi_control_WREADY",
        "s_axi_control_WSTRB",
        "s_axi_control_WVALID"
      ],
      "registers": [
        {
          "offset": "0x00",
          "name": "CTRL",
          "access": "RW",
          "resetValue": "0x0",
          "description": "Control signals",
          "range": "32",
          "fields": [
            {
              "offset": "0",
              "width": "1",
              "name": "AP_START",
              "access": "RW",
              "resetValue": "0",
              "description": "Control signal Register for 'ap_start'."
            },
            {
              "offset": "1",
              "width": "1",
              "name": "AP_DONE",
              "access": "R",
              "resetValue": "0",
              "description": "Control signal Register for 'ap_done'."
            },
            {
              "offset": "2",
              "width": "1",
              "name": "AP_IDLE",
              "access": "R",
              "resetValue": "0",
              "description": "Control signal Register for 'ap_idle'."
            },
            {
              "offset": "3",
              "width": "1",
              "name": "AP_READY",
              "access": "R",
              "resetValue": "0",
              "description": "Control signal Register for 'ap_ready'."
            },
            {
              "offset": "4",
              "width": "3",
              "name": "RESERVED_1",
              "access": "R",
              "resetValue": "0",
              "description": "Reserved.  0s on read."
            },
            {
              "offset": "7",
              "width": "1",
              "name": "AUTO_RESTART",
              "access": "RW",
              "resetValue": "0",
              "description": "Control signal Register for 'auto_restart'."
            },
            {
              "offset": "8",
              "width": "24",
              "name": "RESERVED_2",
              "access": "R",
              "resetValue": "0",
              "description": "Reserved.  0s on read."
            }
          ]
        },
        {
          "offset": "0x04",
          "name": "GIER",
          "access": "RW",
          "resetValue": "0x0",
          "description": "Global Interrupt Enable Register",
          "range": "32",
          "fields": [
            {
              "offset": "0",
              "width": "1",
              "name": "Enable",
              "access": "RW",
              "resetValue": "0",
              "description": "Master enable for the device interrupt output to the system interrupt controller: 0 = Disabled, 1 = Enabled"
            },
            {
              "offset": "1",
              "width": "31",
              "name": "RESERVED",
              "access": "R",
              "resetValue": "0",
              "description": "Reserved.  0s on read."
            }
          ]
        },
        {
          "offset": "0x08",
          "name": "IP_IER",
          "access": "RW",
          "resetValue": "0x0",
          "description": "IP Interrupt Enable Register",
          "range": "32",
          "fields": [
            {
              "offset": "0",
              "width": "1",
              "name": "CHAN0_INT_EN",
              "access": "RW",
              "resetValue": "0",
              "description": "Enable Channel 0 (ap_done) Interrupt.  0 = Disabled, 1 = Enabled."
            },
            {
              "offset": "1",
              "width": "1",
              "name": "CHAN1_INT_EN",
              "access": "RW",
              "resetValue": "0",
              "description": "Enable Channel 1 (ap_ready) Interrupt.  0 = Disabled, 1 = Enabled."
            },
            {
              "offset": "2",
              "width": "30",
              "name": "RESERVED",
              "access": "R",
              "resetValue": "0",
              "description": "Reserved.  0s on read."
            }
          ]
        },
        {
          "offset": "0x0c",
          "name": "IP_ISR",
          "access": "RW",
          "resetValue": "0x0",
          "description": "IP Interrupt Status Register",
          "range": "32",
          "fields": [
            {
              "offset": "0",
              "width": "1",
              "name": "CHAN0_INT_ST",
              "access": "RTOW",
              "resetValue": "0",
              "description": "Channel 0 (ap_done) Interrupt Status. 0 = No Channel 0 input interrupt, 1 = Channel 0 input interrup"
            },
            {
              "offset": "1",
              "width": "1",
              "name": "CHAN1_INT_ST",
              "access": "RTOW",
              "resetValue": "0",
              "description": "Channel 1 (ap_ready) Interrupt Status. 0 = No Channel 1 input interrupt, 1 = Channel 1 input interrup"
            },
            {
              "offset": "2",
              "width": "30",
              "name": "RESERVED",
              "access": "R",
              "resetValue": "0",
              "description": "Reserved.  0s on read."
            }
          ]
        },
        {
          "offset": "0x10",
          "name": "img_inp_one_1",
          "access": "W",
          "resetValue": "0x0",
          "description": "Data signal of img_inp_one",
          "range": "32",
          "fields": [{
              "offset": "0",
              "width": "32",
              "name": "img_inp_one",
              "access": "W",
              "resetValue": "0",
              "description": "Bit 31 to 0 of img_inp_one"
            }]
        },
        {
          "offset": "0x14",
          "name": "img_inp_one_2",
          "access": "W",
          "resetValue": "0x0",
          "description": "Data signal of img_inp_one",
          "range": "32",
          "fields": [{
              "offset": "0",
              "width": "32",
              "name": "img_inp_one",
              "access": "W",
              "resetValue": "0",
              "description": "Bit 63 to 32 of img_inp_one"
            }]
        },
        {
          "offset": "0x1c",
          "name": "img_inp_two_1",
          "access": "W",
          "resetValue": "0x0",
          "description": "Data signal of img_inp_two",
          "range": "32",
          "fields": [{
              "offset": "0",
              "width": "32",
              "name": "img_inp_two",
              "access": "W",
              "resetValue": "0",
              "description": "Bit 31 to 0 of img_inp_two"
            }]
        },
        {
          "offset": "0x20",
          "name": "img_inp_two_2",
          "access": "W",
          "resetValue": "0x0",
          "description": "Data signal of img_inp_two",
          "range": "32",
          "fields": [{
              "offset": "0",
              "width": "32",
              "name": "img_inp_two",
              "access": "W",
              "resetValue": "0",
              "description": "Bit 63 to 32 of img_inp_two"
            }]
        },
        {
          "offset": "0x28",
          "name": "img_out_1",
          "access": "W",
          "resetValue": "0x0",
          "description": "Data signal of img_out",
          "range": "32",
          "fields": [{
              "offset": "0",
              "width": "32",
              "name": "img_out",
              "access": "W",
              "resetValue": "0",
              "description": "Bit 31 to 0 of img_out"
            }]
        },
        {
          "offset": "0x2c",
          "name": "img_out_2",
          "access": "W",
          "resetValue": "0x0",
          "description": "Data signal of img_out",
          "range": "32",
          "fields": [{
              "offset": "0",
              "width": "32",
              "name": "img_out",
              "access": "W",
              "resetValue": "0",
              "description": "Bit 63 to 32 of img_out"
            }]
        },
        {
          "offset": "0x34",
          "name": "height",
          "access": "W",
          "resetValue": "0x0",
          "description": "Data signal of height",
          "range": "32",
          "fields": [{
              "offset": "0",
              "width": "32",
              "name": "height",
              "access": "W",
              "resetValue": "0",
              "description": "Bit 31 to 0 of height"
            }]
        },
        {
          "offset": "0x3c",
          "name": "width",
          "access": "W",
          "resetValue": "0x0",
          "description": "Data signal of width",
          "range": "32",
          "fields": [{
              "offset": "0",
              "width": "32",
              "name": "width",
              "access": "W",
              "resetValue": "0",
              "description": "Bit 31 to 0 of width"
            }]
        }
      ],
      "constraints": [{
          "constraint_type": "pragma interface",
          "mode": "s_axilite",
          "register_option": "0",
          "offset": "16",
          "argName": "img_inp_one"
        }]
    }
  },
  "RtlPorts": {
    "s_axi_control_AWVALID": {
      "dir": "in",
      "width": "1"
    },
    "s_axi_control_AWREADY": {
      "dir": "out",
      "width": "1"
    },
    "s_axi_control_AWADDR": {
      "dir": "in",
      "width": "7"
    },
    "s_axi_control_WVALID": {
      "dir": "in",
      "width": "1"
    },
    "s_axi_control_WREADY": {
      "dir": "out",
      "width": "1"
    },
    "s_axi_control_WDATA": {
      "dir": "in",
      "width": "32"
    },
    "s_axi_control_WSTRB": {
      "dir": "in",
      "width": "4"
    },
    "s_axi_control_ARVALID": {
      "dir": "in",
      "width": "1"
    },
    "s_axi_control_ARREADY": {
      "dir": "out",
      "width": "1"
    },
    "s_axi_control_ARADDR": {
      "dir": "in",
      "width": "7"
    },
    "s_axi_control_RVALID": {
      "dir": "out",
      "width": "1"
    },
    "s_axi_control_RREADY": {
      "dir": "in",
      "width": "1"
    },
    "s_axi_control_RDATA": {
      "dir": "out",
      "width": "32"
    },
    "s_axi_control_RRESP": {
      "dir": "out",
      "width": "2"
    },
    "s_axi_control_BVALID": {
      "dir": "out",
      "width": "1"
    },
    "s_axi_control_BREADY": {
      "dir": "in",
      "width": "1"
    },
    "s_axi_control_BRESP": {
      "dir": "out",
      "width": "2"
    },
    "ap_clk": {
      "dir": "in",
      "width": "1"
    },
    "ap_rst_n": {
      "dir": "in",
      "width": "1"
    },
    "interrupt": {
      "dir": "out",
      "width": "1"
    },
    "m_axi_gmem1_AWVALID": {
      "dir": "out",
      "width": "1"
    },
    "m_axi_gmem1_AWREADY": {
      "dir": "in",
      "width": "1"
    },
    "m_axi_gmem1_AWADDR": {
      "dir": "out",
      "width": "64"
    },
    "m_axi_gmem1_AWID": {
      "dir": "out",
      "width": "1",
      "isVector": "true"
    },
    "m_axi_gmem1_AWLEN": {
      "dir": "out",
      "width": "8"
    },
    "m_axi_gmem1_AWSIZE": {
      "dir": "out",
      "width": "3"
    },
    "m_axi_gmem1_AWBURST": {
      "dir": "out",
      "width": "2"
    },
    "m_axi_gmem1_AWLOCK": {
      "dir": "out",
      "width": "2"
    },
    "m_axi_gmem1_AWCACHE": {
      "dir": "out",
      "width": "4"
    },
    "m_axi_gmem1_AWPROT": {
      "dir": "out",
      "width": "3"
    },
    "m_axi_gmem1_AWQOS": {
      "dir": "out",
      "width": "4"
    },
    "m_axi_gmem1_AWREGION": {
      "dir": "out",
      "width": "4"
    },
    "m_axi_gmem1_AWUSER": {
      "dir": "out",
      "width": "1",
      "isVector": "true"
    },
    "m_axi_gmem1_WVALID": {
      "dir": "out",
      "width": "1"
    },
    "m_axi_gmem1_WREADY": {
      "dir": "in",
      "width": "1"
    },
    "m_axi_gmem1_WDATA": {
      "dir": "out",
      "width": "32"
    },
    "m_axi_gmem1_WSTRB": {
      "dir": "out",
      "width": "4"
    },
    "m_axi_gmem1_WLAST": {
      "dir": "out",
      "width": "1"
    },
    "m_axi_gmem1_WID": {
      "dir": "out",
      "width": "1",
      "isVector": "true"
    },
    "m_axi_gmem1_WUSER": {
      "dir": "out",
      "width": "1",
      "isVector": "true"
    },
    "m_axi_gmem1_ARVALID": {
      "dir": "out",
      "width": "1"
    },
    "m_axi_gmem1_ARREADY": {
      "dir": "in",
      "width": "1"
    },
    "m_axi_gmem1_ARADDR": {
      "dir": "out",
      "width": "64"
    },
    "m_axi_gmem1_ARID": {
      "dir": "out",
      "width": "1",
      "isVector": "true"
    },
    "m_axi_gmem1_ARLEN": {
      "dir": "out",
      "width": "8"
    },
    "m_axi_gmem1_ARSIZE": {
      "dir": "out",
      "width": "3"
    },
    "m_axi_gmem1_ARBURST": {
      "dir": "out",
      "width": "2"
    },
    "m_axi_gmem1_ARLOCK": {
      "dir": "out",
      "width": "2"
    },
    "m_axi_gmem1_ARCACHE": {
      "dir": "out",
      "width": "4"
    },
    "m_axi_gmem1_ARPROT": {
      "dir": "out",
      "width": "3"
    },
    "m_axi_gmem1_ARQOS": {
      "dir": "out",
      "width": "4"
    },
    "m_axi_gmem1_ARREGION": {
      "dir": "out",
      "width": "4"
    },
    "m_axi_gmem1_ARUSER": {
      "dir": "out",
      "width": "1",
      "isVector": "true"
    },
    "m_axi_gmem1_RVALID": {
      "dir": "in",
      "width": "1"
    },
    "m_axi_gmem1_RREADY": {
      "dir": "out",
      "width": "1"
    },
    "m_axi_gmem1_RDATA": {
      "dir": "in",
      "width": "32"
    },
    "m_axi_gmem1_RLAST": {
      "dir": "in",
      "width": "1"
    },
    "m_axi_gmem1_RID": {
      "dir": "in",
      "width": "1",
      "isVector": "true"
    },
    "m_axi_gmem1_RUSER": {
      "dir": "in",
      "width": "1",
      "isVector": "true"
    },
    "m_axi_gmem1_RRESP": {
      "dir": "in",
      "width": "2"
    },
    "m_axi_gmem1_BVALID": {
      "dir": "in",
      "width": "1"
    },
    "m_axi_gmem1_BREADY": {
      "dir": "out",
      "width": "1"
    },
    "m_axi_gmem1_BRESP": {
      "dir": "in",
      "width": "2"
    },
    "m_axi_gmem1_BID": {
      "dir": "in",
      "width": "1",
      "isVector": "true"
    },
    "m_axi_gmem1_BUSER": {
      "dir": "in",
      "width": "1",
      "isVector": "true"
    },
    "m_axi_gmem2_AWVALID": {
      "dir": "out",
      "width": "1"
    },
    "m_axi_gmem2_AWREADY": {
      "dir": "in",
      "width": "1"
    },
    "m_axi_gmem2_AWADDR": {
      "dir": "out",
      "width": "64"
    },
    "m_axi_gmem2_AWID": {
      "dir": "out",
      "width": "1",
      "isVector": "true"
    },
    "m_axi_gmem2_AWLEN": {
      "dir": "out",
      "width": "8"
    },
    "m_axi_gmem2_AWSIZE": {
      "dir": "out",
      "width": "3"
    },
    "m_axi_gmem2_AWBURST": {
      "dir": "out",
      "width": "2"
    },
    "m_axi_gmem2_AWLOCK": {
      "dir": "out",
      "width": "2"
    },
    "m_axi_gmem2_AWCACHE": {
      "dir": "out",
      "width": "4"
    },
    "m_axi_gmem2_AWPROT": {
      "dir": "out",
      "width": "3"
    },
    "m_axi_gmem2_AWQOS": {
      "dir": "out",
      "width": "4"
    },
    "m_axi_gmem2_AWREGION": {
      "dir": "out",
      "width": "4"
    },
    "m_axi_gmem2_AWUSER": {
      "dir": "out",
      "width": "1",
      "isVector": "true"
    },
    "m_axi_gmem2_WVALID": {
      "dir": "out",
      "width": "1"
    },
    "m_axi_gmem2_WREADY": {
      "dir": "in",
      "width": "1"
    },
    "m_axi_gmem2_WDATA": {
      "dir": "out",
      "width": "32"
    },
    "m_axi_gmem2_WSTRB": {
      "dir": "out",
      "width": "4"
    },
    "m_axi_gmem2_WLAST": {
      "dir": "out",
      "width": "1"
    },
    "m_axi_gmem2_WID": {
      "dir": "out",
      "width": "1",
      "isVector": "true"
    },
    "m_axi_gmem2_WUSER": {
      "dir": "out",
      "width": "1",
      "isVector": "true"
    },
    "m_axi_gmem2_ARVALID": {
      "dir": "out",
      "width": "1"
    },
    "m_axi_gmem2_ARREADY": {
      "dir": "in",
      "width": "1"
    },
    "m_axi_gmem2_ARADDR": {
      "dir": "out",
      "width": "64"
    },
    "m_axi_gmem2_ARID": {
      "dir": "out",
      "width": "1",
      "isVector": "true"
    },
    "m_axi_gmem2_ARLEN": {
      "dir": "out",
      "width": "8"
    },
    "m_axi_gmem2_ARSIZE": {
      "dir": "out",
      "width": "3"
    },
    "m_axi_gmem2_ARBURST": {
      "dir": "out",
      "width": "2"
    },
    "m_axi_gmem2_ARLOCK": {
      "dir": "out",
      "width": "2"
    },
    "m_axi_gmem2_ARCACHE": {
      "dir": "out",
      "width": "4"
    },
    "m_axi_gmem2_ARPROT": {
      "dir": "out",
      "width": "3"
    },
    "m_axi_gmem2_ARQOS": {
      "dir": "out",
      "width": "4"
    },
    "m_axi_gmem2_ARREGION": {
      "dir": "out",
      "width": "4"
    },
    "m_axi_gmem2_ARUSER": {
      "dir": "out",
      "width": "1",
      "isVector": "true"
    },
    "m_axi_gmem2_RVALID": {
      "dir": "in",
      "width": "1"
    },
    "m_axi_gmem2_RREADY": {
      "dir": "out",
      "width": "1"
    },
    "m_axi_gmem2_RDATA": {
      "dir": "in",
      "width": "32"
    },
    "m_axi_gmem2_RLAST": {
      "dir": "in",
      "width": "1"
    },
    "m_axi_gmem2_RID": {
      "dir": "in",
      "width": "1",
      "isVector": "true"
    },
    "m_axi_gmem2_RUSER": {
      "dir": "in",
      "width": "1",
      "isVector": "true"
    },
    "m_axi_gmem2_RRESP": {
      "dir": "in",
      "width": "2"
    },
    "m_axi_gmem2_BVALID": {
      "dir": "in",
      "width": "1"
    },
    "m_axi_gmem2_BREADY": {
      "dir": "out",
      "width": "1"
    },
    "m_axi_gmem2_BRESP": {
      "dir": "in",
      "width": "2"
    },
    "m_axi_gmem2_BID": {
      "dir": "in",
      "width": "1",
      "isVector": "true"
    },
    "m_axi_gmem2_BUSER": {
      "dir": "in",
      "width": "1",
      "isVector": "true"
    },
    "m_axi_gmem3_AWVALID": {
      "dir": "out",
      "width": "1"
    },
    "m_axi_gmem3_AWREADY": {
      "dir": "in",
      "width": "1"
    },
    "m_axi_gmem3_AWADDR": {
      "dir": "out",
      "width": "64"
    },
    "m_axi_gmem3_AWID": {
      "dir": "out",
      "width": "1",
      "isVector": "true"
    },
    "m_axi_gmem3_AWLEN": {
      "dir": "out",
      "width": "8"
    },
    "m_axi_gmem3_AWSIZE": {
      "dir": "out",
      "width": "3"
    },
    "m_axi_gmem3_AWBURST": {
      "dir": "out",
      "width": "2"
    },
    "m_axi_gmem3_AWLOCK": {
      "dir": "out",
      "width": "2"
    },
    "m_axi_gmem3_AWCACHE": {
      "dir": "out",
      "width": "4"
    },
    "m_axi_gmem3_AWPROT": {
      "dir": "out",
      "width": "3"
    },
    "m_axi_gmem3_AWQOS": {
      "dir": "out",
      "width": "4"
    },
    "m_axi_gmem3_AWREGION": {
      "dir": "out",
      "width": "4"
    },
    "m_axi_gmem3_AWUSER": {
      "dir": "out",
      "width": "1",
      "isVector": "true"
    },
    "m_axi_gmem3_WVALID": {
      "dir": "out",
      "width": "1"
    },
    "m_axi_gmem3_WREADY": {
      "dir": "in",
      "width": "1"
    },
    "m_axi_gmem3_WDATA": {
      "dir": "out",
      "width": "32"
    },
    "m_axi_gmem3_WSTRB": {
      "dir": "out",
      "width": "4"
    },
    "m_axi_gmem3_WLAST": {
      "dir": "out",
      "width": "1"
    },
    "m_axi_gmem3_WID": {
      "dir": "out",
      "width": "1",
      "isVector": "true"
    },
    "m_axi_gmem3_WUSER": {
      "dir": "out",
      "width": "1",
      "isVector": "true"
    },
    "m_axi_gmem3_ARVALID": {
      "dir": "out",
      "width": "1"
    },
    "m_axi_gmem3_ARREADY": {
      "dir": "in",
      "width": "1"
    },
    "m_axi_gmem3_ARADDR": {
      "dir": "out",
      "width": "64"
    },
    "m_axi_gmem3_ARID": {
      "dir": "out",
      "width": "1",
      "isVector": "true"
    },
    "m_axi_gmem3_ARLEN": {
      "dir": "out",
      "width": "8"
    },
    "m_axi_gmem3_ARSIZE": {
      "dir": "out",
      "width": "3"
    },
    "m_axi_gmem3_ARBURST": {
      "dir": "out",
      "width": "2"
    },
    "m_axi_gmem3_ARLOCK": {
      "dir": "out",
      "width": "2"
    },
    "m_axi_gmem3_ARCACHE": {
      "dir": "out",
      "width": "4"
    },
    "m_axi_gmem3_ARPROT": {
      "dir": "out",
      "width": "3"
    },
    "m_axi_gmem3_ARQOS": {
      "dir": "out",
      "width": "4"
    },
    "m_axi_gmem3_ARREGION": {
      "dir": "out",
      "width": "4"
    },
    "m_axi_gmem3_ARUSER": {
      "dir": "out",
      "width": "1",
      "isVector": "true"
    },
    "m_axi_gmem3_RVALID": {
      "dir": "in",
      "width": "1"
    },
    "m_axi_gmem3_RREADY": {
      "dir": "out",
      "width": "1"
    },
    "m_axi_gmem3_RDATA": {
      "dir": "in",
      "width": "32"
    },
    "m_axi_gmem3_RLAST": {
      "dir": "in",
      "width": "1"
    },
    "m_axi_gmem3_RID": {
      "dir": "in",
      "width": "1",
      "isVector": "true"
    },
    "m_axi_gmem3_RUSER": {
      "dir": "in",
      "width": "1",
      "isVector": "true"
    },
    "m_axi_gmem3_RRESP": {
      "dir": "in",
      "width": "2"
    },
    "m_axi_gmem3_BVALID": {
      "dir": "in",
      "width": "1"
    },
    "m_axi_gmem3_BREADY": {
      "dir": "out",
      "width": "1"
    },
    "m_axi_gmem3_BRESP": {
      "dir": "in",
      "width": "2"
    },
    "m_axi_gmem3_BID": {
      "dir": "in",
      "width": "1",
      "isVector": "true"
    },
    "m_axi_gmem3_BUSER": {
      "dir": "in",
      "width": "1",
      "isVector": "true"
    }
  },
  "ModuleInfo": {
    "Hierarchy": {
      "ModuleName": "addweighted",
      "Instances": [
        {
          "ModuleName": "Array2xfMat_32_9_2160_3840_1_6",
          "InstanceName": "Array2xfMat_32_9_2160_3840_1_6_U0",
          "Instances": [{
              "ModuleName": "Axi2Mat",
              "InstanceName": "grp_Axi2Mat_fu_80",
              "Instances": [
                {
                  "ModuleName": "AxiStream2MatStream",
                  "InstanceName": "AxiStream2MatStream_U0"
                },
                {
                  "ModuleName": "addrbound5",
                  "InstanceName": "addrbound5_U0"
                },
                {
                  "ModuleName": "Axi2AxiStream",
                  "InstanceName": "Axi2AxiStream_U0"
                },
                {
                  "ModuleName": "Axi2Mat_entry3",
                  "InstanceName": "Axi2Mat_entry3_U0"
                },
                {
                  "ModuleName": "Axi2Mat_entry9",
                  "InstanceName": "Axi2Mat_entry9_U0"
                },
                {
                  "ModuleName": "last_blk_pxl_width4",
                  "InstanceName": "last_blk_pxl_width4_U0"
                },
                {
                  "ModuleName": "Axi2Mat_Block_split26_proc",
                  "InstanceName": "Axi2Mat_Block_split26_proc_U0"
                }
              ]
            }]
        },
        {
          "ModuleName": "Array2xfMat_32_9_2160_3840_1_s",
          "InstanceName": "Array2xfMat_32_9_2160_3840_1_U0",
          "Instances": [{
              "ModuleName": "Axi2Mat",
              "InstanceName": "grp_Axi2Mat_fu_58",
              "Instances": [
                {
                  "ModuleName": "AxiStream2MatStream",
                  "InstanceName": "AxiStream2MatStream_U0"
                },
                {
                  "ModuleName": "addrbound5",
                  "InstanceName": "addrbound5_U0"
                },
                {
                  "ModuleName": "Axi2AxiStream",
                  "InstanceName": "Axi2AxiStream_U0"
                },
                {
                  "ModuleName": "Axi2Mat_entry3",
                  "InstanceName": "Axi2Mat_entry3_U0"
                },
                {
                  "ModuleName": "Axi2Mat_entry9",
                  "InstanceName": "Axi2Mat_entry9_U0"
                },
                {
                  "ModuleName": "last_blk_pxl_width4",
                  "InstanceName": "last_blk_pxl_width4_U0"
                },
                {
                  "ModuleName": "Axi2Mat_Block_split26_proc",
                  "InstanceName": "Axi2Mat_Block_split26_proc_U0"
                }
              ]
            }]
        },
        {
          "ModuleName": "xfMat2Array_32_9_2160_3840_1_1_s",
          "InstanceName": "xfMat2Array_32_9_2160_3840_1_1_U0",
          "Instances": [{
              "ModuleName": "Mat2Axi",
              "InstanceName": "grp_Mat2Axi_fu_58",
              "Instances": [
                {
                  "ModuleName": "Mat2AxiStream",
                  "InstanceName": "Mat2AxiStream_U0",
                  "Instances": [
                    {
                      "ModuleName": "MatStream2AxiStream",
                      "InstanceName": "MatStream2AxiStream_U0"
                    },
                    {
                      "ModuleName": "last_blk_pxl_width15",
                      "InstanceName": "last_blk_pxl_width15_U0"
                    }
                  ]
                },
                {
                  "ModuleName": "addrbound",
                  "InstanceName": "addrbound_U0"
                },
                {
                  "ModuleName": "AxiStream2Axi",
                  "InstanceName": "AxiStream2Axi_U0"
                },
                {
                  "ModuleName": "Mat2Axi_entry18",
                  "InstanceName": "Mat2Axi_entry18_U0"
                },
                {
                  "ModuleName": "Mat2Axi_Block_split24_proc",
                  "InstanceName": "Mat2Axi_Block_split24_proc_U0"
                }
              ]
            }]
        },
        {
          "ModuleName": "addWeighted_9_9_2160_3840_1_s",
          "InstanceName": "addWeighted_9_9_2160_3840_1_U0",
          "Instances": [{
              "ModuleName": "AddWeightedKernel_9_9_2160_3840_1_3_15_15_9_9_3840_s",
              "InstanceName": "grp_AddWeightedKernel_9_9_2160_3840_1_3_15_15_9_9_3840_s_fu_44"
            }]
        },
        {
          "ModuleName": "Block_split1_proc23",
          "InstanceName": "Block_split1_proc23_U0"
        }
      ]
    },
    "Info": {
      "Block_split1_proc23": {
        "FunctionProtocol": "ap_ctrl_hs",
        "isTaskLevelControl": "0",
        "isPipelined": "0",
        "isCombinational": "0",
        "isOneStateSeq": "1"
      },
      "Axi2Mat_entry3": {
        "FunctionProtocol": "ap_ctrl_hs",
        "isTaskLevelControl": "0",
        "isPipelined": "0",
        "isCombinational": "0",
        "isOneStateSeq": "1"
      },
      "Axi2Mat_entry9": {
        "FunctionProtocol": "ap_ctrl_hs",
        "isTaskLevelControl": "0",
        "isPipelined": "0",
        "isCombinational": "0",
        "isOneStateSeq": "1"
      },
      "last_blk_pxl_width4": {
        "FunctionProtocol": "ap_ctrl_hs",
        "isTaskLevelControl": "0",
        "isPipelined": "0",
        "isCombinational": "0",
        "isOneStateSeq": "1"
      },
      "addrbound5": {
        "FunctionProtocol": "ap_ctrl_hs",
        "isTaskLevelControl": "0",
        "isPipelined": "0",
        "isCombinational": "0",
        "isOneStateSeq": "0"
      },
      "Axi2Mat_Block_split26_proc": {
        "FunctionProtocol": "ap_ctrl_hs",
        "isTaskLevelControl": "0",
        "isPipelined": "0",
        "isCombinational": "0",
        "isOneStateSeq": "1"
      },
      "Axi2AxiStream": {
        "FunctionProtocol": "ap_ctrl_hs",
        "isTaskLevelControl": "0",
        "isPipelined": "0",
        "isCombinational": "0",
        "isOneStateSeq": "0"
      },
      "AxiStream2MatStream": {
        "FunctionProtocol": "ap_ctrl_hs",
        "isTaskLevelControl": "0",
        "isPipelined": "0",
        "isCombinational": "0",
        "isOneStateSeq": "0"
      },
      "Axi2Mat": {
        "FunctionProtocol": "ap_ctrl_hs",
        "isTaskLevelControl": "0",
        "isPipelined": "1",
        "isCombinational": "0",
        "isOneStateSeq": "0"
      },
      "Array2xfMat_32_9_2160_3840_1_6": {
        "FunctionProtocol": "ap_ctrl_hs",
        "isTaskLevelControl": "0",
        "isPipelined": "0",
        "isCombinational": "0",
        "isOneStateSeq": "0"
      },
      "Array2xfMat_32_9_2160_3840_1_s": {
        "FunctionProtocol": "ap_ctrl_hs",
        "isTaskLevelControl": "0",
        "isPipelined": "0",
        "isCombinational": "0",
        "isOneStateSeq": "0"
      },
      "AddWeightedKernel_9_9_2160_3840_1_3_15_15_9_9_3840_s": {
        "FunctionProtocol": "ap_ctrl_hs",
        "isTaskLevelControl": "0",
        "isPipelined": "0",
        "isCombinational": "0",
        "isOneStateSeq": "0"
      },
      "addWeighted_9_9_2160_3840_1_s": {
        "FunctionProtocol": "ap_ctrl_hs",
        "isTaskLevelControl": "0",
        "isPipelined": "0",
        "isCombinational": "0",
        "isOneStateSeq": "0"
      },
      "Mat2Axi_entry18": {
        "FunctionProtocol": "ap_ctrl_hs",
        "isTaskLevelControl": "0",
        "isPipelined": "0",
        "isCombinational": "0",
        "isOneStateSeq": "1"
      },
      "addrbound": {
        "FunctionProtocol": "ap_ctrl_hs",
        "isTaskLevelControl": "0",
        "isPipelined": "0",
        "isCombinational": "0",
        "isOneStateSeq": "0"
      },
      "Mat2Axi_Block_split24_proc": {
        "FunctionProtocol": "ap_ctrl_hs",
        "isTaskLevelControl": "0",
        "isPipelined": "0",
        "isCombinational": "0",
        "isOneStateSeq": "1"
      },
      "last_blk_pxl_width15": {
        "FunctionProtocol": "ap_ctrl_hs",
        "isTaskLevelControl": "0",
        "isPipelined": "0",
        "isCombinational": "0",
        "isOneStateSeq": "1"
      },
      "MatStream2AxiStream": {
        "FunctionProtocol": "ap_ctrl_hs",
        "isTaskLevelControl": "0",
        "isPipelined": "0",
        "isCombinational": "0",
        "isOneStateSeq": "0"
      },
      "Mat2AxiStream": {
        "FunctionProtocol": "ap_ctrl_hs",
        "isTaskLevelControl": "0",
        "isPipelined": "1",
        "isCombinational": "0",
        "isOneStateSeq": "0"
      },
      "AxiStream2Axi": {
        "FunctionProtocol": "ap_ctrl_hs",
        "isTaskLevelControl": "0",
        "isPipelined": "0",
        "isCombinational": "0",
        "isOneStateSeq": "0"
      },
      "Mat2Axi": {
        "FunctionProtocol": "ap_ctrl_hs",
        "isTaskLevelControl": "0",
        "isPipelined": "1",
        "isCombinational": "0",
        "isOneStateSeq": "0"
      },
      "xfMat2Array_32_9_2160_3840_1_1_s": {
        "FunctionProtocol": "ap_ctrl_hs",
        "isTaskLevelControl": "0",
        "isPipelined": "0",
        "isCombinational": "0",
        "isOneStateSeq": "0"
      },
      "addweighted": {
        "FunctionProtocol": "ap_ctrl_hs",
        "isTaskLevelControl": "0",
        "isPipelined": "1",
        "isCombinational": "0",
        "isOneStateSeq": "0"
      }
    },
    "Metrics": {
      "Block_split1_proc23": {
        "Latency": {
          "LatencyBest": "0",
          "LatencyAvg": "0",
          "LatencyWorst": "0",
          "PipelineII": "0",
          "PipelineDepth": "",
          "PipelineType": "none"
        },
        "Timing": {
          "Target": "10.00",
          "Uncertainty": "2.70",
          "Estimate": "3.634"
        },
        "Area": {
          "FF": "67",
          "AVAIL_FF": "106400",
          "UTIL_FF": "~0",
          "LUT": "101",
          "AVAIL_LUT": "53200",
          "UTIL_LUT": "~0",
          "BRAM_18K": "0",
          "AVAIL_BRAM": "280",
          "UTIL_BRAM": "0",
          "DSP": "0",
          "AVAIL_DSP": "220",
          "UTIL_DSP": "0",
          "URAM": "0",
          "AVAIL_URAM": "0",
          "UTIL_URAM": "0"
        }
      },
      "Axi2Mat_entry3": {
        "Latency": {
          "LatencyBest": "0",
          "LatencyAvg": "0",
          "LatencyWorst": "0",
          "PipelineII": "0",
          "PipelineDepth": "",
          "PipelineType": "none"
        },
        "Timing": {
          "Target": "10.00",
          "Uncertainty": "2.70",
          "Estimate": "3.634"
        },
        "Area": {
          "FF": "3",
          "AVAIL_FF": "106400",
          "UTIL_FF": "~0",
          "LUT": "47",
          "AVAIL_LUT": "53200",
          "UTIL_LUT": "~0",
          "BRAM_18K": "0",
          "AVAIL_BRAM": "280",
          "UTIL_BRAM": "0",
          "DSP": "0",
          "AVAIL_DSP": "220",
          "UTIL_DSP": "0",
          "URAM": "0",
          "AVAIL_URAM": "0",
          "UTIL_URAM": "0"
        }
      },
      "Axi2Mat_entry9": {
        "Latency": {
          "LatencyBest": "0",
          "LatencyAvg": "0",
          "LatencyWorst": "0",
          "PipelineII": "0",
          "PipelineDepth": "",
          "PipelineType": "none"
        },
        "Timing": {
          "Target": "10.00",
          "Uncertainty": "2.70",
          "Estimate": "7.268"
        },
        "Area": {
          "FF": "3",
          "AVAIL_FF": "106400",
          "UTIL_FF": "~0",
          "LUT": "74",
          "AVAIL_LUT": "53200",
          "UTIL_LUT": "~0",
          "BRAM_18K": "0",
          "AVAIL_BRAM": "280",
          "UTIL_BRAM": "0",
          "DSP": "0",
          "AVAIL_DSP": "220",
          "UTIL_DSP": "0",
          "URAM": "0",
          "AVAIL_URAM": "0",
          "UTIL_URAM": "0"
        }
      },
      "last_blk_pxl_width4": {
        "Latency": {
          "LatencyBest": "0",
          "LatencyAvg": "0",
          "LatencyWorst": "0",
          "PipelineII": "0",
          "PipelineDepth": "",
          "PipelineType": "none"
        },
        "Timing": {
          "Target": "10.00",
          "Uncertainty": "2.70",
          "Estimate": "3.634"
        },
        "Area": {
          "FF": "3",
          "AVAIL_FF": "106400",
          "UTIL_FF": "~0",
          "LUT": "29",
          "AVAIL_LUT": "53200",
          "UTIL_LUT": "~0",
          "BRAM_18K": "0",
          "AVAIL_BRAM": "280",
          "UTIL_BRAM": "0",
          "DSP": "0",
          "AVAIL_DSP": "220",
          "UTIL_DSP": "0",
          "URAM": "0",
          "AVAIL_URAM": "0",
          "UTIL_URAM": "0"
        }
      },
      "addrbound5": {
        "Latency": {
          "LatencyBest": "3",
          "LatencyAvg": "3",
          "LatencyWorst": "3",
          "PipelineII": "3",
          "PipelineDepth": "",
          "PipelineType": "none"
        },
        "Timing": {
          "Target": "10.00",
          "Uncertainty": "2.70",
          "Estimate": "7.268"
        },
        "Area": {
          "DSP": "0",
          "AVAIL_DSP": "220",
          "UTIL_DSP": "0",
          "FF": "208",
          "AVAIL_FF": "106400",
          "UTIL_FF": "~0",
          "LUT": "199",
          "AVAIL_LUT": "53200",
          "UTIL_LUT": "~0",
          "BRAM_18K": "0",
          "AVAIL_BRAM": "280",
          "UTIL_BRAM": "0",
          "URAM": "0",
          "AVAIL_URAM": "0",
          "UTIL_URAM": "0"
        }
      },
      "Axi2Mat_Block_split26_proc": {
        "Latency": {
          "LatencyBest": "0",
          "LatencyAvg": "0",
          "LatencyWorst": "0",
          "PipelineII": "0",
          "PipelineDepth": "",
          "PipelineType": "none"
        },
        "Timing": {
          "Target": "10.00",
          "Uncertainty": "2.70",
          "Estimate": "0.000"
        },
        "Area": {
          "FF": "26",
          "AVAIL_FF": "106400",
          "UTIL_FF": "~0",
          "LUT": "20",
          "AVAIL_LUT": "53200",
          "UTIL_LUT": "~0",
          "BRAM_18K": "0",
          "AVAIL_BRAM": "280",
          "UTIL_BRAM": "0",
          "DSP": "0",
          "AVAIL_DSP": "220",
          "UTIL_DSP": "0",
          "URAM": "0",
          "AVAIL_URAM": "0",
          "UTIL_URAM": "0"
        }
      },
      "Axi2AxiStream": {
        "Latency": {
          "LatencyBest": "1",
          "LatencyAvg": "1555206",
          "LatencyWorst": "6220810",
          "PipelineIIMin": "1",
          "PipelineIIMax": "6220810",
          "PipelineII": "1 ~ 6220810",
          "PipelineDepth": "",
          "PipelineType": "none"
        },
        "Timing": {
          "Target": "10.00",
          "Uncertainty": "2.70",
          "Estimate": "7.300"
        },
        "Loops": [{
            "Name": "MMIterInLoop1",
            "TripCount": "",
            "LatencyMin": "2",
            "LatencyMax": "6220801",
            "Latency": "2 ~ 6220801",
            "PipelineII": "1",
            "PipelineDepth": "3"
          }],
        "Area": {
          "FF": "136",
          "AVAIL_FF": "106400",
          "UTIL_FF": "~0",
          "LUT": "204",
          "AVAIL_LUT": "53200",
          "UTIL_LUT": "~0",
          "BRAM_18K": "0",
          "AVAIL_BRAM": "280",
          "UTIL_BRAM": "0",
          "DSP": "0",
          "AVAIL_DSP": "220",
          "UTIL_DSP": "0",
          "URAM": "0",
          "AVAIL_URAM": "0",
          "UTIL_URAM": "0"
        }
      },
      "AxiStream2MatStream": {
        "Latency": {
          "LatencyBest": "8",
          "LatencyAvg": "4147207",
          "LatencyWorst": "8294407",
          "PipelineIIMin": "8",
          "PipelineIIMax": "8294407",
          "PipelineII": "8 ~ 8294407",
          "PipelineDepth": "",
          "PipelineType": "none"
        },
        "Timing": {
          "Target": "10.00",
          "Uncertainty": "2.70",
          "Estimate": "6.912"
        },
        "Loops": [{
            "Name": "MMIterInLoopRow",
            "TripCount": "",
            "LatencyMin": "4",
            "LatencyMax": "8294403",
            "Latency": "4 ~ 8294403",
            "PipelineII": "1",
            "PipelineDepth": "5"
          }],
        "Area": {
          "DSP": "0",
          "AVAIL_DSP": "220",
          "UTIL_DSP": "0",
          "FF": "1011",
          "AVAIL_FF": "106400",
          "UTIL_FF": "~0",
          "LUT": "2293",
          "AVAIL_LUT": "53200",
          "UTIL_LUT": "4",
          "BRAM_18K": "0",
          "AVAIL_BRAM": "280",
          "UTIL_BRAM": "0",
          "URAM": "0",
          "AVAIL_URAM": "0",
          "UTIL_URAM": "0"
        }
      },
      "Axi2Mat": {
        "Latency": {
          "LatencyBest": "16",
          "LatencyAvg": "4147215",
          "LatencyWorst": "8294415",
          "PipelineIIMin": "9",
          "PipelineIIMax": "8294408",
          "PipelineII": "9 ~ 8294408",
          "PipelineDepth": "",
          "PipelineType": "dataflow"
        },
        "Timing": {
          "Target": "10.00",
          "Uncertainty": "2.70",
          "Estimate": "7.300"
        },
        "Area": {
          "DSP": "0",
          "AVAIL_DSP": "220",
          "UTIL_DSP": "0",
          "FF": "2581",
          "AVAIL_FF": "106400",
          "UTIL_FF": "2",
          "LUT": "3724",
          "AVAIL_LUT": "53200",
          "UTIL_LUT": "7",
          "BRAM_18K": "0",
          "AVAIL_BRAM": "280",
          "UTIL_BRAM": "0",
          "URAM": "0",
          "AVAIL_URAM": "0",
          "UTIL_URAM": "0"
        }
      },
      "Array2xfMat_32_9_2160_3840_1_6": {
        "Latency": {
          "LatencyBest": "17",
          "LatencyAvg": "4147216",
          "LatencyWorst": "8294416",
          "PipelineIIMin": "17",
          "PipelineIIMax": "8294416",
          "PipelineII": "17 ~ 8294416",
          "PipelineDepth": "",
          "PipelineType": "none"
        },
        "Timing": {
          "Target": "10.00",
          "Uncertainty": "2.70",
          "Estimate": "7.300"
        },
        "Area": {
          "DSP": "0",
          "AVAIL_DSP": "220",
          "UTIL_DSP": "0",
          "FF": "2716",
          "AVAIL_FF": "106400",
          "UTIL_FF": "2",
          "LUT": "3834",
          "AVAIL_LUT": "53200",
          "UTIL_LUT": "7",
          "BRAM_18K": "0",
          "AVAIL_BRAM": "280",
          "UTIL_BRAM": "0",
          "URAM": "0",
          "AVAIL_URAM": "0",
          "UTIL_URAM": "0"
        }
      },
      "Array2xfMat_32_9_2160_3840_1_s": {
        "Latency": {
          "LatencyBest": "17",
          "LatencyAvg": "4147216",
          "LatencyWorst": "8294416",
          "PipelineIIMin": "17",
          "PipelineIIMax": "8294416",
          "PipelineII": "17 ~ 8294416",
          "PipelineDepth": "",
          "PipelineType": "none"
        },
        "Timing": {
          "Target": "10.00",
          "Uncertainty": "2.70",
          "Estimate": "7.300"
        },
        "Area": {
          "DSP": "0",
          "AVAIL_DSP": "220",
          "UTIL_DSP": "0",
          "FF": "2651",
          "AVAIL_FF": "106400",
          "UTIL_FF": "2",
          "LUT": "3789",
          "AVAIL_LUT": "53200",
          "UTIL_LUT": "7",
          "BRAM_18K": "0",
          "AVAIL_BRAM": "280",
          "UTIL_BRAM": "0",
          "URAM": "0",
          "AVAIL_URAM": "0",
          "UTIL_URAM": "0"
        }
      },
      "AddWeightedKernel_9_9_2160_3840_1_3_15_15_9_9_3840_s": {
        "Latency": {
          "LatencyBest": "8303041",
          "LatencyAvg": "8303041",
          "LatencyWorst": "8303041",
          "PipelineII": "8303041",
          "PipelineDepth": "",
          "PipelineType": "none"
        },
        "Timing": {
          "Target": "10.00",
          "Uncertainty": "2.70",
          "Estimate": "5.504"
        },
        "Loops": [{
            "Name": "RowLoop",
            "TripCount": "2160",
            "Latency": "8303040",
            "PipelineII": "",
            "PipelineDepth": "3844",
            "Loops": [{
                "Name": "ColLoop",
                "TripCount": "3840",
                "Latency": "3841",
                "PipelineII": "1",
                "PipelineDepth": "3"
              }]
          }],
        "Area": {
          "FF": "75",
          "AVAIL_FF": "106400",
          "UTIL_FF": "~0",
          "LUT": "206",
          "AVAIL_LUT": "53200",
          "UTIL_LUT": "~0",
          "BRAM_18K": "0",
          "AVAIL_BRAM": "280",
          "UTIL_BRAM": "0",
          "DSP": "0",
          "AVAIL_DSP": "220",
          "UTIL_DSP": "0",
          "URAM": "0",
          "AVAIL_URAM": "0",
          "UTIL_URAM": "0"
        }
      },
      "addWeighted_9_9_2160_3840_1_s": {
        "Latency": {
          "LatencyBest": "8303042",
          "LatencyAvg": "8303042",
          "LatencyWorst": "8303042",
          "PipelineII": "8303042",
          "PipelineDepth": "",
          "PipelineType": "none"
        },
        "Timing": {
          "Target": "10.00",
          "Uncertainty": "2.70",
          "Estimate": "5.504"
        },
        "Area": {
          "FF": "111",
          "AVAIL_FF": "106400",
          "UTIL_FF": "~0",
          "LUT": "276",
          "AVAIL_LUT": "53200",
          "UTIL_LUT": "~0",
          "BRAM_18K": "0",
          "AVAIL_BRAM": "280",
          "UTIL_BRAM": "0",
          "DSP": "0",
          "AVAIL_DSP": "220",
          "UTIL_DSP": "0",
          "URAM": "0",
          "AVAIL_URAM": "0",
          "UTIL_URAM": "0"
        }
      },
      "Mat2Axi_entry18": {
        "Latency": {
          "LatencyBest": "0",
          "LatencyAvg": "0",
          "LatencyWorst": "0",
          "PipelineII": "0",
          "PipelineDepth": "",
          "PipelineType": "none"
        },
        "Timing": {
          "Target": "10.00",
          "Uncertainty": "2.70",
          "Estimate": "3.634"
        },
        "Area": {
          "FF": "3",
          "AVAIL_FF": "106400",
          "UTIL_FF": "~0",
          "LUT": "65",
          "AVAIL_LUT": "53200",
          "UTIL_LUT": "~0",
          "BRAM_18K": "0",
          "AVAIL_BRAM": "280",
          "UTIL_BRAM": "0",
          "DSP": "0",
          "AVAIL_DSP": "220",
          "UTIL_DSP": "0",
          "URAM": "0",
          "AVAIL_URAM": "0",
          "UTIL_URAM": "0"
        }
      },
      "addrbound": {
        "Latency": {
          "LatencyBest": "3",
          "LatencyAvg": "3",
          "LatencyWorst": "3",
          "PipelineII": "3",
          "PipelineDepth": "",
          "PipelineType": "none"
        },
        "Timing": {
          "Target": "10.00",
          "Uncertainty": "2.70",
          "Estimate": "6.912"
        },
        "Area": {
          "DSP": "0",
          "AVAIL_DSP": "220",
          "UTIL_DSP": "0",
          "FF": "208",
          "AVAIL_FF": "106400",
          "UTIL_FF": "~0",
          "LUT": "181",
          "AVAIL_LUT": "53200",
          "UTIL_LUT": "~0",
          "BRAM_18K": "0",
          "AVAIL_BRAM": "280",
          "UTIL_BRAM": "0",
          "URAM": "0",
          "AVAIL_URAM": "0",
          "UTIL_URAM": "0"
        }
      },
      "Mat2Axi_Block_split24_proc": {
        "Latency": {
          "LatencyBest": "0",
          "LatencyAvg": "0",
          "LatencyWorst": "0",
          "PipelineII": "0",
          "PipelineDepth": "",
          "PipelineType": "none"
        },
        "Timing": {
          "Target": "10.00",
          "Uncertainty": "2.70",
          "Estimate": "0.000"
        },
        "Area": {
          "FF": "26",
          "AVAIL_FF": "106400",
          "UTIL_FF": "~0",
          "LUT": "20",
          "AVAIL_LUT": "53200",
          "UTIL_LUT": "~0",
          "BRAM_18K": "0",
          "AVAIL_BRAM": "280",
          "UTIL_BRAM": "0",
          "DSP": "0",
          "AVAIL_DSP": "220",
          "UTIL_DSP": "0",
          "URAM": "0",
          "AVAIL_URAM": "0",
          "UTIL_URAM": "0"
        }
      },
      "last_blk_pxl_width15": {
        "Latency": {
          "LatencyBest": "0",
          "LatencyAvg": "0",
          "LatencyWorst": "0",
          "PipelineII": "0",
          "PipelineDepth": "",
          "PipelineType": "none"
        },
        "Timing": {
          "Target": "10.00",
          "Uncertainty": "2.70",
          "Estimate": "7.268"
        },
        "Area": {
          "FF": "3",
          "AVAIL_FF": "106400",
          "UTIL_FF": "~0",
          "LUT": "56",
          "AVAIL_LUT": "53200",
          "UTIL_LUT": "~0",
          "BRAM_18K": "0",
          "AVAIL_BRAM": "280",
          "UTIL_BRAM": "0",
          "DSP": "0",
          "AVAIL_DSP": "220",
          "UTIL_DSP": "0",
          "URAM": "0",
          "AVAIL_URAM": "0",
          "UTIL_URAM": "0"
        }
      },
      "MatStream2AxiStream": {
        "Latency": {
          "LatencyBest": "7",
          "LatencyAvg": "2073606",
          "LatencyWorst": "8294406",
          "PipelineIIMin": "7",
          "PipelineIIMax": "8294406",
          "PipelineII": "7 ~ 8294406",
          "PipelineDepth": "",
          "PipelineType": "none"
        },
        "Timing": {
          "Target": "10.00",
          "Uncertainty": "2.70",
          "Estimate": "6.912"
        },
        "Loops": [{
            "Name": "MMIterOutRow_MMIterOutCol",
            "TripCount": "",
            "LatencyMin": "3",
            "LatencyMax": "8294402",
            "Latency": "3 ~ 8294402",
            "PipelineII": "1",
            "PipelineDepth": "4"
          }],
        "Area": {
          "DSP": "0",
          "AVAIL_DSP": "220",
          "UTIL_DSP": "0",
          "FF": "614",
          "AVAIL_FF": "106400",
          "UTIL_FF": "~0",
          "LUT": "987",
          "AVAIL_LUT": "53200",
          "UTIL_LUT": "1",
          "BRAM_18K": "0",
          "AVAIL_BRAM": "280",
          "UTIL_BRAM": "0",
          "URAM": "0",
          "AVAIL_URAM": "0",
          "UTIL_URAM": "0"
        }
      },
      "Mat2AxiStream": {
        "Latency": {
          "LatencyBest": "8",
          "LatencyAvg": "2073607",
          "LatencyWorst": "8294407",
          "PipelineIIMin": "8",
          "PipelineIIMax": "8294407",
          "PipelineII": "8 ~ 8294407",
          "PipelineDepth": "",
          "PipelineType": "dataflow"
        },
        "Timing": {
          "Target": "10.00",
          "Uncertainty": "2.70",
          "Estimate": "7.268"
        },
        "Area": {
          "DSP": "0",
          "AVAIL_DSP": "220",
          "UTIL_DSP": "0",
          "FF": "914",
          "AVAIL_FF": "106400",
          "UTIL_FF": "~0",
          "LUT": "1249",
          "AVAIL_LUT": "53200",
          "UTIL_LUT": "2",
          "BRAM_18K": "0",
          "AVAIL_BRAM": "280",
          "UTIL_BRAM": "0",
          "URAM": "0",
          "AVAIL_URAM": "0",
          "UTIL_URAM": "0"
        }
      },
      "AxiStream2Axi": {
        "Latency": {
          "LatencyBest": "1",
          "LatencyAvg": "1555205",
          "LatencyWorst": "6220808",
          "PipelineIIMin": "1",
          "PipelineIIMax": "6220808",
          "PipelineII": "1 ~ 6220808",
          "PipelineDepth": "",
          "PipelineType": "none"
        },
        "Timing": {
          "Target": "10.00",
          "Uncertainty": "2.70",
          "Estimate": "7.300"
        },
        "Loops": [{
            "Name": "MMIterOutLoop2",
            "TripCount": "",
            "LatencyMin": "2",
            "LatencyMax": "6220801",
            "Latency": "2 ~ 6220801",
            "PipelineII": "1",
            "PipelineDepth": "3"
          }],
        "Area": {
          "FF": "135",
          "AVAIL_FF": "106400",
          "UTIL_FF": "~0",
          "LUT": "206",
          "AVAIL_LUT": "53200",
          "UTIL_LUT": "~0",
          "BRAM_18K": "0",
          "AVAIL_BRAM": "280",
          "UTIL_BRAM": "0",
          "DSP": "0",
          "AVAIL_DSP": "220",
          "UTIL_DSP": "0",
          "URAM": "0",
          "AVAIL_URAM": "0",
          "UTIL_URAM": "0"
        }
      },
      "Mat2Axi": {
        "Latency": {
          "LatencyBest": "9",
          "LatencyAvg": "2073608",
          "LatencyWorst": "8294408",
          "PipelineIIMin": "8",
          "PipelineIIMax": "8294407",
          "PipelineII": "8 ~ 8294407",
          "PipelineDepth": "",
          "PipelineType": "dataflow"
        },
        "Timing": {
          "Target": "10.00",
          "Uncertainty": "2.70",
          "Estimate": "7.300"
        },
        "Area": {
          "DSP": "0",
          "AVAIL_DSP": "220",
          "UTIL_DSP": "0",
          "FF": "2078",
          "AVAIL_FF": "106400",
          "UTIL_FF": "1",
          "LUT": "2269",
          "AVAIL_LUT": "53200",
          "UTIL_LUT": "4",
          "BRAM_18K": "0",
          "AVAIL_BRAM": "280",
          "UTIL_BRAM": "0",
          "URAM": "0",
          "AVAIL_URAM": "0",
          "UTIL_URAM": "0"
        }
      },
      "xfMat2Array_32_9_2160_3840_1_1_s": {
        "Latency": {
          "LatencyBest": "10",
          "LatencyAvg": "2073609",
          "LatencyWorst": "8294409",
          "PipelineIIMin": "10",
          "PipelineIIMax": "8294409",
          "PipelineII": "10 ~ 8294409",
          "PipelineDepth": "",
          "PipelineType": "none"
        },
        "Timing": {
          "Target": "10.00",
          "Uncertainty": "2.70",
          "Estimate": "7.300"
        },
        "Area": {
          "DSP": "0",
          "AVAIL_DSP": "220",
          "UTIL_DSP": "0",
          "FF": "2212",
          "AVAIL_FF": "106400",
          "UTIL_FF": "2",
          "LUT": "2361",
          "AVAIL_LUT": "53200",
          "UTIL_LUT": "4",
          "BRAM_18K": "0",
          "AVAIL_BRAM": "280",
          "UTIL_BRAM": "0",
          "URAM": "0",
          "AVAIL_URAM": "0",
          "UTIL_URAM": "0"
        }
      },
      "addweighted": {
        "Latency": {
          "LatencyBest": "8303054",
          "LatencyAvg": "8303054",
          "LatencyWorst": "8303054",
          "PipelineII": "8303043",
          "PipelineDepth": "",
          "PipelineType": "dataflow"
        },
        "Timing": {
          "Target": "10.00",
          "Uncertainty": "2.70",
          "Estimate": "7.300"
        },
        "Area": {
          "BRAM_18K": "6",
          "AVAIL_BRAM": "280",
          "UTIL_BRAM": "2",
          "DSP": "0",
          "AVAIL_DSP": "220",
          "UTIL_DSP": "0",
          "FF": "11006",
          "AVAIL_FF": "106400",
          "UTIL_FF": "10",
          "LUT": "13676",
          "AVAIL_LUT": "53200",
          "UTIL_LUT": "25",
          "URAM": "0",
          "AVAIL_URAM": "0",
          "UTIL_URAM": "0"
        }
      }
    }
  },
  "GenerateBdFiles": "0",
  "GenData": {
    "DataVersion": "0.2",
    "Time": "2021-07-16 11:50:50 +0200",
    "ToolName": "vivado_hls",
    "ToolVersion": "2020.2"
  }
}
